SHIR inductor b16,SHIR inductor b32,SHIR inductor b64,SHIR inductor b128,SHIR inductor b256,SHIR inductor b512,SHIR inductor b1024,SHIR inductor b2048,SHIR inductor b4096
8869529281,2579500785,2579905642,2595206104,2596456243,2576220561,2558801006,2694705143,2583155910
1113440,1868975,3058142,5634697,5772177,1741361,3130190,7051367,10847997
1014458,1819230,2980810,5431780,5311611,1658950,2779099,6237436,10370442
973276,1714113,2934446,5088879,5017164,1552445,2742885,5729316,12769514
988156,1726428,2772660,5021909,4812004,1513686,2566520,5279913,9548110
1005136,1712063,2709171,4858218,4678526,1470967,2560554,4999405,13889384
2163060,1730472,2756856,4699277,4527318,1602187,2576172,4708615,11125806
1019123,1749409,2517275,4541753,4307973,1404443,2372336,4402138,9448090
1006620,1626669,2561360,4325900,4282596,1365238,2382566,4223793,13267921
938104,1598182,2558063,4331906,4116284,1314922,2471157,4177576,11798905
944428,1602074,2496932,4109794,3986099,1305425,3011043,3970023,9284295
941656,1595079,2417101,4109048,3925851,1269685,2966314,4587582,7884336
949044,1619582,2381829,3961678,3757634,1255139,2656159,4073662,12662994
932270,1574691,2364092,3911311,4582657,1250706,2581559,3985719,11591542
930786,1531404,2257693,3847813,6425670,1226137,2467184,3846376,9868818
930720,1543721,2267413,3787498,3503282,1188957,2397452,3843202,8864149
932984,1515353,2268125,3708026,3525397,1201680,2340638,3667150,8056701
927616,1545506,2216437,3578312,3409401,1146812,2238504,3712377,7121506
884979,1506792,2161868,3587224,3431564,1164419,2179207,3573524,8384811
869782,1436573,2170008,3524006,3304239,1130465,2321274,3961664,11914107
897233,1446862,2159377,3498603,3333135,1135231,2087676,3610680,9931246
872417,1455511,2108007,3423407,3236485,1099167,2060707,3767157,9295456
893414,1443010,2081235,3338057,3231600,1108336,1968206,3477306,9501544
876913,1451655,2068668,3322185,3159612,1114267,1952724,3288251,12158003
901492,1383011,2077211,3579290,3121544,1094565,1932025,3459039,11728683
886388,1376334,2032018,3566720,3115393,1085669,1900006,3549774,12937018
877926,1376504,1993307,3302210,3096984,1072045,1898207,6780525,11285045
852394,1387711,2022863,2941611,3029466,1064287,1892724,5955741,13045071
846169,1378531,2000394,3007612,3061418,1049590,2047490,4995206,11246148
855753,1353760,1978123,3009802,3076243,1055026,1919392,4475022,10064131
867694,1319134,1908070,3017351,3055055,1054539,1924125,4506134,9190832
831281,1300057,1898849,2984434,3058440,1022894,2013814,4108647,8203650
867560,1318359,1910438,2995322,3065042,1018027,1983512,4082191,7820621
848501,1293555,1891503,3001453,3037582,1029319,2166632,4039901,7701772
827673,1302371,1828839,3018298,3073643,1025773,2193126,3985453,7005050
842486,1303342,1847666,3037059,3064530,1028592,2045130,3963678,12406970
831342,1285449,1831789,3030910,3060718,1017470,2162038,4009552,11558842
811513,1252711,1824670,3027183,3069479,1036820,2168309,3922480,9917490
798903,1243639,1791457,3034662,3095215,1029963,2029149,3926397,8675745
784374,1237981,1776834,3059723,3074273,1019367,2145963,3843989,8206207
805316,1252480,1759611,3056785,3072315,1046879,2112088,3840451,7228472
796852,1269396,1770385,3055511,3054788,1032508,1995355,3878188,8577993
792227,1256272,1760914,3050860,3078349,1044296,2110278,3743262,12202074
782496,1185777,1729205,3040394,3082090,1016788,1889278,3569636,10843381
778197,1193156,1677997,3066549,3091701,1033079,2171378,3736559,9156313
769760,1203733,1683752,3081497,3071386,1022932,2152647,3655393,7730902
787052,1180825,1721486,3137059,3060912,1018678,2096958,3546189,7345608
737183,1203126,1764228,3128171,3059974,1026205,1946620,3775156,7032818
766364,1183011,1806431,3123742,3091331,1029857,2097320,3632185,7425790
740015,1225504,1811477,3124396,3057169,1017473,2085735,5472571,6894413
742647,1136182,1810572,2756474,3066620,1026344,2024753,5336878,11840676
753522,1186335,1816184,2732060,3083635,1016191,2177007,5002877,8587321
773171,1167414,1745165,2724935,3069949,1025172,1930830,4274178,8018438
751695,1166205,1577910,2736030,3071863,1013075,2183631,4217987,8290795
778544,1185496,1577984,2707396,3091917,1027987,2053410,4063443,12418545
735333,1191438,1622202,2754293,3072172,1018355,2133825,4029685,11302088
759737,1149347,1598478,2784960,3049514,1028760,2014306,4159532,10048062
748375,1135758,1605137,2748633,3075691,1017078,2191913,3647004,9322783
744568,1144448,1625983,2751812,3078865,1020456,1915502,3730781,12763884
730565,1110468,1589295,2738257,3063594,1018637,1891375,3665783,10558947
748812,1139502,1597907,2759282,3097190,1026593,2140414,3717608,9529909
736085,1134969,1570480,2756941,3086963,1022333,1892368,3891691,9067729
746517,1141801,1567990,2813342,3068471,1037651,1831065,3701108,7753363
721161,1098974,1632570,2791390,3067460,1007817,2047781,3685617,7260061
721691,1126134,1613865,2816130,3066424,1030381,1838246,3689105,7008876
733968,1100427,1620834,2780496,3061953,1009165,1866394,3502852,12374548
738618,1092201,1612333,2814694,3060024,1050242,2064340,3442834,10658226
729090,1097290,1631072,2783850,3074888,1012391,1987773,3576502,9668230
740877,1110553,1638134,2803374,3066844,1012909,1884605,3681471,8968981
702779,1082417,1628780,2802882,3063654,1031659,2152592,3760426,8107627
715497,1094344,1615424,2793479,3060586,1023978,2085238,3688949,7666562
697824,1131387,1634689,2775342,3045947,1014772,1959444,3585865,7603902
718710,1083015,1618142,2807201,3072944,1010580,1966812,5112337,7351098
702423,1062550,1631386,2772754,3048924,1025952,2059987,5361786,12759206
713990,1064739,1638425,2885961,3073062,1043759,1848485,5465880,13094416
695873,1056684,1624657,2813878,3053035,1038948,2175938,4347717,10411813
714092,1064385,1633962,2844958,3076365,1031246,2149887,4842143,9707094
728663,1033144,1623042,4584920,3086071,1032666,2154563,4728255,8919451
717243,1060377,1612135,2927375,3047165,1047100,2145337,5137191,8104884
734474,1041035,1635006,3076247,3061196,1012922,2081507,5909542,7686139
723400,1039098,1642483,3050155,3066119,1036504,2145721,4556254,7808892
689866,1020074,1639579,3018504,3066497,1020556,2195602,4243958,6862861
680869,1026150,1647983,3012979,3055767,1022816,2171854,4726289,11463052
636814,1027261,1640162,3086635,3073997,1018599,2103294,4714186,10573861
696619,1027610,1637913,3079651,3062933,1028937,1876999,4453098,9477456
668766,1023869,1635134,3076612,3079960,1015890,1962298,4370344,8940068
678600,1015950,1619837,3087152,3061606,1104784,2135383,4496277,8895714
684561,1011335,1633909,3136307,3063294,1036457,2191203,4442413,8089238
664914,998267,1652184,3234112,3085157,1044524,2170027,4288051,9149524
667103,989160,1620826,3193228,3073558,1017432,2096261,4471454,12926204
688981,1013996,1612616,3159667,3094337,1030230,1859464,4051957,12801085
669856,974727,1634607,3037835,3058694,1015840,2182491,4154563,9934094
675354,999770,1628886,3037559,3065401,1025160,2160065,4276065,9549433
622333,988201,1617777,3027783,3045248,1019542,2176065,4714136,8414486
625261,1010584,1614012,3031995,3094527,1044510,2155763,4426832,7838619
594040,983555,1652740,3026243,3057605,1012947,2184640,5198726,7356703
599450,1008771,1747655,2791751,3089284,1020640,2115220,5008920,7898146
592196,959518,1512643,2753422,3084357,1019084,2184259,4947968,9433294
591185,969504,1459193,2773636,3079187,1031709,2192840,4970502,8587568
600488,957220,1462023,2819907,3058597,1021489,2307806,4498338,8358034
638420,977905,1453145,2809033,3068586,1019027,2253454,4282210,8604381
622940,962213,1441401,2771767,3049983,1021745,2149252,4160541,7860799
636112,947415,1467944,2873400,3089115,1028593,2251136,4003201,7583897
594466,972549,1446821,2804782,3065908,1014556,2253913,3823541,7326039
589317,996771,1458055,2827081,3086194,1013781,2174431,3954389,12206890
601770,927983,1471792,2854747,3095246,1025913,2263428,3705361,9391144
600196,912164,1461128,3088803,3080226,1028942,2050124,3617433,8700619
565273,919963,1464622,3121779,3045769,1012107,1984022,3731232,7968451
570375,934217,1466703,3141148,3087568,1036431,2131143,3737203,7600365
563694,933475,1478103,3081783,3071320,1020402,2258254,3643522,7671690
574199,925434,1474594,3066914,3063058,1025125,1984260,3644685,7173660
567443,942299,1471674,3079236,3075207,1027357,2091087,3665387,7357486
591982,933956,1481639,4379010,3083216,1023408,2240848,3587078,11124051
580387,957863,1480851,3190511,3057622,999037,2267948,4260363,9595916
575794,932294,1463907,3160473,3081474,1028000,3266680,4071069,9516455
562905,927994,1506661,3136012,3063033,1027693,3033580,3890029,9193008
571381,944576,1480659,3131366,3071366,1020535,2753888,3821264,7912709
563622,937411,1484631,3151462,3060881,1016214,2659391,3720741,7747173
567646,947920,1474671,2850470,3064427,1033548,2551002,5525470,7471795
558700,918503,1470685,2815491,3092691,1033924,2503245,5433636,7130185
560241,951851,1463536,2824318,3083046,1044334,2449666,5227105,11147700
795642,942943,1469685,2816007,3073007,1026904,2319915,4948577,10703554
735740,947903,1464185,2848716,3094615,1037652,2267936,4726163,9231464
699165,947381,1475577,2824489,3091322,1014016,2223450,3934387,8582551
719308,925555,1472624,2816956,3051016,1024200,2159565,3996865,7875708
706468,949715,1464395,2830969,3049557,1005364,2223082,3798675,7456523
514893,951187,1470343,2818860,3070316,1021652,2069455,3718461,8055030
500094,928872,1467363,2827319,3082431,1013539,5576412,3911865,12714076
496030,938186,1452976,3105785,3047416,1022651,1979474,3770290,10123435
497460,951786,1468910,3123172,3078458,1023318,1908617,3584372,8727571
504562,956715,1467569,3140938,3078815,1030975,1912473,3554354,8386050
488092,926352,1467114,3079432,3080500,1019144,1849136,3514034,8554339
498325,945828,1462411,2839983,3068702,1026522,2101356,3673598,8141800
502600,945817,1469469,2829846,3060051,1025734,2086521,3512700,7943495
499928,938070,1458914,2794683,3085254,1026517,1882861,3554632,7233507
505224,957557,1461008,2801761,3072702,1011563,1910052,3552201,9514634
504785,929608,1457047,2789522,3098383,1031365,1821290,3414583,8539751
497513,946167,1461826,2757747,3060103,1015724,1859777,3537317,8171723
505566,950790,1468773,2827532,3073877,1031733,2144967,3422250,7954086
492143,953173,1463996,2799626,3061282,1018115,2183807,3354989,7722563
500564,936531,1470778,2763939,3086114,1037098,1827711,3417146,12705605
498569,932282,1461659,2794093,3061605,1016815,2194221,6714314,11162359
505854,930221,1465696,2803346,3044448,1016191,2120644,5159223,9633204
501055,935993,1470948,2731372,3050383,1022825,1847572,4981333,12161655
502104,914888,1475139,2740546,3100881,1041355,2136196,4701297,11370525
502841,953894,1471537,2724481,3087145,1015748,2133920,4471447,9762932
494163,929622,1457030,2726356,3077102,1029597,2054398,4632697,8721165
494962,934021,1468569,3027771,3062815,1017308,1894784,3873652,8941269
501231,913711,1483776,3093814,3082119,1030505,1958346,3789392,7918019
495332,942662,1480728,3118261,3062113,1021339,2075388,3681616,7260499
492459,953928,1477182,3052188,3054289,1037709,1930553,3780308,12682206
499969,934290,1471005,3029164,3091865,1027785,1858808,3677974,9852090
506065,927427,1514301,3197454,3069693,1036697,1952399,3674704,8303290
498967,936363,1619650,3092099,3072000,1004986,2129013,3704681,8239153
499020,923222,1683343,3077643,3076115,1027229,1971665,3715018,8861255
513221,929600,1688825,3144910,3072954,1022598,1955609,3777478,8866581
496684,943878,1668820,3035339,3062201,1029424,2128498,3638507,8227246
509809,926594,1662245,3032748,3064266,1021274,1846949,3763488,7904428
507960,1048460,1678357,3059320,3090205,1014604,2144280,4120878,12145670
507237,1044607,1703634,3036271,3063881,1025843,2156732,3450179,10737361
512619,1114087,1684307,3151797,3098221,1024386,1803375,3329772,9431051
504999,1075329,1723290,3132652,3069485,1019525,1981753,3405930,8740836
508366,1048695,1691437,3130801,3088958,1028265,1984637,3270184,8526943
494758,1045599,1681471,3067791,3044516,1019591,2112079,3237233,8018197
501538,1048042,1680683,3041906,3081275,1035288,2118071,4687874,8483370
488072,1041908,1692375,3041402,3087563,1023330,1958922,4543540,8226296
498151,1046740,1662597,3065786,3045600,1030885,1954281,4351841,7813591
511308,1049036,1708366,3074773,3061239,1015453,2126059,4697114,9699408
491560,1044826,1713980,3067422,3095268,1025530,1868129,4234921,8759936
506619,1036582,1684789,3072912,3067958,1028412,2045576,4097537,8338524
505433,1032711,1691092,3063611,3092948,1035506,2129973,3913344,8141038
499205,1048043,1668436,3097973,3042859,1011704,2146355,3795511,8665270
502375,1042655,1645461,3115600,3064167,1037213,1835766,3819986,8226754
509271,1023855,1631721,3093926,3088847,1022824,1867779,3679394,7726782
515030,1067867,1628422,3083093,3067648,1018690,2141141,3858187,12495677
485918,1039920,1616734,3098543,3081223,1022130,2077294,3459547,10026629
511866,1037078,1612989,3069848,3057459,1025236,2031700,3312201,9251732
512354,1055104,1622226,3122038,3079573,1013382,1935315,3463041,9394925
502306,1028430,1617232,3088184,3057567,1032716,1968635,3441455,13635669
507284,1034138,1627250,3066707,3093371,1019768,2128243,3477375,12896437
507722,1041577,1617942,5111308,3060110,1031637,1961501,3373639,13446008
507495,1013084,1629314,3869636,3076613,1001724,1888525,3448904,10137241
516021,1037589,1621703,3087814,3106501,1015978,1799502,3649397,13228056
502292,1017389,1645872,3085747,3068085,1025616,2108276,3488788,12913223
505991,980686,1625193,3209638,3084673,1046753,1829535,3430659,10061192
493267,944777,1632816,2940315,3072980,1023822,2025547,3282055,10089892
507455,952119,1647513,2945238,3056091,1023424,1930091,3369167,13160421
491036,917259,1646193,2878369,3074581,1007414,2028124,6255067,13543766
488009,941082,1644512,2727035,3076198,1363165,1993513,5876189,13692149
508000,957235,1669595,2727442,3048666,1025410,2074658,5234376,13137196
512975,935294,1656061,2729939,3069545,1020683,2132663,4598293,10956388
501049,929693,1636602,2762984,3074160,1013526,1864405,4437874,10543200
507762,955672,1676882,2747913,3088678,1037261,1844731,4354451,12122837
515769,916155,1677935,2771049,3083347,1022671,2134603,4119212,10254460
505531,957641,1653649,2765158,3063936,1041357,1989072,4562947,12320839
497974,970987,1669694,3055219,3077352,1019753,2073635,4186863,12648665
516949,943370,1651391,3066691,3080304,1026465,2122015,4315247,9908387
501477,967275,1681351,3085181,3090412,1015093,2113534,4447781,12711124
520415,954535,1695506,2842996,3077688,1011493,1859866,4128400,11532385
514056,927610,1686652,2757013,3075835,1023334,1839781,4474857,10447166
493779,938250,1667913,2759780,3078169,1025919,1930340,4253278,8249124
498468,940742,1698116,2732956,3064302,1025350,3026810,5159816,7907633
507627,943448,1715205,2742118,3081282,1039037,4754742,3987346,7799745
507611,940821,1509375,2746003,3102217,1017219,1964694,3774177,7083007
500092,937210,1494448,2741387,3073593,1022553,2139536,3640538,6856050
519617,934542,1463576,2699328,3073329,1024333,2138173,3703069,11652071
535421,950381,1482595,2746579,3067451,1028744,1991937,3541368,10427314
493256,946264,1460943,2749229,3060892,1009458,2023769,3682308,9502289
505209,942049,1492883,4768183,3075261,1035566,1982545,3721161,8855366
502399,940410,1490970,2734202,3082849,1020354,2130230,3596151,8073744
503274,945510,1481513,2722317,3082765,1024801,1879756,7787532,8138391
504782,941497,1478498,2766849,3076601,1171205,1972701,5135921,7824300
509419,981269,1483899,2761652,3055194,1015355,1880725,4780101,13171544
499980,993145,1469438,2704944,3057037,1026527,2118565,4580363,11690631
503187,958378,1477640,3061694,3067243,1026226,1914122,4435837,12346886
485757,962615,1487126,3077011,3071655,1029156,2995248,4483413,10597870
498396,990775,1495696,3065419,3088129,1032109,2944780,4080823,13459549
503060,986668,1493484,2796089,3076373,1019461,2673190,4523512,12253584
503582,987307,1495302,2808669,3080152,1032226,2514062,4434017,12733997
495479,980223,1518473,2780345,3083135,1019550,2408442,4380897,11782884
518520,999302,1500848,2866102,3093006,1008416,2387558,4567818,10209330
502645,975433,1506613,2813574,3098212,1011941,2347583,4095593,12644818
498696,951179,1500761,2830647,3085090,1016415,2206411,4345901,11765149
502216,976701,1512952,2826247,3076212,1018252,2198048,4036448,9383695
509928,987391,1497137,2822392,3054392,1043085,2153782,4048471,7835164
506795,990652,1507895,2838063,3054612,1022110,2059427,3767164,8082234
492963,999302,1519275,2795542,3090636,1032403,2001352,3889523,7473372
513169,979585,1517708,2810547,3086553,1011603,1991304,3837684,7075775
525569,968556,1531755,2826892,3070165,1034187,1938194,3746520,12590688
494434,982099,1527147,2827399,3037733,1015305,1903288,3612003,11664786
513602,974081,1520928,2853937,3068523,1032337,1851727,3442137,10001932
510415,995430,1511166,2799765,3057863,1000424,1919944,3784376,9033842
497166,978843,1508436,2840432,3080738,1036349,1919280,3575494,8475089
503574,961135,1495542,3102140,3084267,1020981,1866973,4801773,7676037
501534,974132,1514641,3101364,3098783,1029744,2089871,4705731,7617499
501346,976584,1514790,3072134,3072518,1016846,1927917,4542106,9610508
503185,963325,1512609,2726391,3081500,1690717,1900074,5067337,9765907
507681,976389,1515637,2737633,3061347,1044178,1844173,4550706,8568157
500100,991407,1522489,2739071,3069054,1023086,1911818,4097212,7730225
497605,951157,1527376,2761201,3101081,1017087,2151991,3972918,7346008
497359,935532,1518067,2736624,3049737,1031498,1860993,3974132,7314265
501039,994098,1520501,2755034,3043517,1023158,1896313,3887319,7552136
495254,987077,1496296,2767781,3068376,1018700,1872546,3648647,7256055
505791,949996,1524716,2730697,3065497,1029075,1823501,4110869,10533795
497215,979760,1519171,2768933,3098339,1022273,1936268,3670408,11285496
494322,940751,1518056,2714308,3092661,1014928,1979492,3628012,10189803
3053600,989247,1502482,2771867,3051855,1033807,1855427,3607536,8251847
2513786,943222,1503766,2712402,3060537,1030920,1852977,3648987,7971963
500269,973309,1523067,2762135,3058660,1031708,1845478,3784936,8176031
503086,959666,1523650,2724983,3100735,1011809,1860580,3771951,7938350
497191,968258,1530463,2814721,3123934,1036117,1933720,3909004,7806261
497965,972929,1503107,2727053,3072706,1019311,1856162,3739579,7270450
487703,974324,1505549,2809780,3116773,1041233,1968853,3667756,13385096
495819,941612,1522944,2781540,3079873,1010529,1820735,3756832,11127824
495970,957616,1545781,2838315,3072333,1036965,2033595,3648770,10100487
558591,973909,1497834,2783562,3085575,1042000,1876739,3526627,8363242
505600,986967,1516761,2840155,3092373,1010156,1835387,5010125,9597177
498963,980101,1511641,2770573,3072352,1016959,2133931,4887760,7604373
514985,989364,1507148,2822863,3078433,1020619,2037077,4686369,7667165
507639,969094,1511182,2815919,3080213,1023089,1870799,5325227,13256683
502208,994646,1511296,2789480,3101417,1023668,1943201,4923764,8883350
500195,971753,1493211,2807026,3094304,1025345,1968585,4418232,9016849
513966,985672,1494121,2845255,3075861,1036010,1864736,4229479,8892534
491692,993242,1498639,2828146,3087796,1007297,2126013,4563094,8111209
507902,971296,1514758,2839402,3076240,1046391,2139615,4124012,7629198
505921,980028,1512396,2830670,3063435,1026014,1847066,3836443,9505078
501635,987851,1496611,2794583,3090205,1027039,1852759,3955810,7953332
505418,979202,1507864,2789269,3044629,1017044,2094781,4009794,13601408
489880,1199699,1478289,2817164,3076373,1029493,2148669,4024218,11250855
497179,1161846,1536462,2786795,3063283,1016686,2048505,3707350,10896720
498139,1084295,1513659,2822227,3059044,1029953,1970529,3777548,9101598
496306,1057061,1509780,2951325,3069913,1017883,1856753,3683706,7806346
506145,1035404,1504131,2830183,3061561,1031508,1905761,3674719,7560700
506939,1067110,1509762,2834094,3058792,1014117,1984473,3614927,7328692
508609,1020859,1598610,2862603,3086260,1021869,2032053,3509327,12367075
513657,1068169,1675840,2819359,3057586,1009770,1846142,3508668,10801678
500932,1026835,1687337,2793498,3075693,1022807,2018968,3556975,9758300
498349,1037590,1679853,2796898,3070524,1018852,2057537,3527047,8880968
511976,1042531,1644922,2795295,3075416,1027371,1931258,3699470,8678426
498481,1050649,1681607,2792092,3085672,1018881,2136641,6112678,8061277
510945,1035886,1612696,2842020,3081397,1022689,2138559,5599037,7651362
494306,1025411,1612909,2815416,3086355,1021596,1917663,5232679,7423148
506169,1024663,1630824,2856647,3056150,1024491,2127431,5016622,13297402
512264,1030759,1628009,2801407,3068050,1015373,1870079,4655715,11391769
505356,1026303,1656622,2773581,3066851,1023799,2026522,4715123,10315906
498596,1035855,1586885,2809807,3052031,1023779,1917776,4174725,8940059
510399,1043877,1636945,2822971,3068956,1017625,1890620,4290685,8022681
505142,1035133,1603702,2810284,3078475,1035867,2160488,3869943,7466516
499629,1057848,1609559,2869107,3066335,1027249,1846240,3697449,7382333
505532,1013669,1660742,2840874,3056074,1018133,2147637,3634628,7602619
506788,1023507,1652506,2830755,3086613,1029111,2054800,3740738,9487661
504420,1020912,1647314,3120314,3066766,1015641,1930752,3620281,10925049
496275,1030627,1483483,3095086,3052211,1020611,1969929,3564571,10222841
510949,1042731,1468373,3106731,3064421,1021345,1860738,3603243,8950017
510158,1040273,1479682,2740021,3069494,1023194,1940673,3630079,7866553
497430,1033420,1460771,2765376,3083106,1020662,2014658,3601912,7586868
505281,1031424,1468992,2760597,3071381,1027825,2123303,3493295,7815312
507013,1024544,1453287,2735202,3079675,1388681,1963885,3308517,12157166
493900,1026553,1457958,2779132,3077457,1039163,1976052,3327574,10717418
499838,1036867,1467433,2768568,3077301,1022545,2134224,3318877,8894513
508317,1054271,1497365,2747581,3063568,1025912,2048969,3342064,8530192
498895,1025987,1503140,2737951,3070321,1023621,2007114,3654406,8058728
499529,1039849,1484381,2756063,3075950,1029360,1844415,5415661,8012264
507093,1067674,1500872,2707040,3068423,1029121,2127451,5418447,8699265
494266,1065355,1493158,2762845,3084005,1019941,2075304,5017366,8145893
492677,1036359,1493848,2753227,3074345,1020259,2048638,4400869,12937400
504335,1039550,1489978,2755596,3071473,1022537,1943153,5011303,11095197
497771,1026658,1485347,2732453,3054155,1009207,2156336,5036678,9676733
498684,1024810,1484404,2749536,3073707,1040185,2027498,4392010,8486241
506349,1069907,1488840,2747171,3067190,1029311,1873140,4131455,8243835
507012,1077352,1499979,2842344,3046317,1029755,2146448,4074229,7293426
496314,1054698,1612765,2751906,3059305,1017089,1841922,3866530,6967400
500436,1052452,1701917,2798653,3084698,1026074,1974074,3719194,6902690
508492,1052509,2527681,2777376,3044608,1087730,2113939,3647199,11765946
501573,1059123,2671517,2843319,3058487,1020354,2143283,3753751,10185329
510414,1037042,2605416,2788275,3043825,1050410,2007434,3521740,9440485
504094,1049524,2511803,2814283,3057377,1040501,3021568,3351840,8725319
508444,1038446,2457198,2810181,3049726,1821143,2943274,3400287,7747170
512215,1039590,2453627,2803150,3052352,1594782,2636505,3430043,7519319
505461,1045516,2424643,2808253,3063463,1574647,2502651,3408236,7402928
494301,1006867,2307874,2804156,3071522,2495850,2393208,3472343,9542086
499103,1024899,2338435,2801484,3072160,1493589,2439827,3492137,8789214
516499,1103156,2339988,2836009,3065957,1434672,2296603,3295239,8506233
499346,1051536,2261917,2760696,3083708,1407232,2192500,3296088,8320634
503159,1052277,2207272,2786326,4420468,1421251,2182741,3402908,8351398
498147,1048233,2200403,2795799,3204827,1358354,2112091,6093947,8072917
492396,1079274,2217331,2820796,3083545,1357658,2043910,5462181,7673091
489728,1024113,2135596,2811434,3056104,1333147,1996054,5238303,7586931
498932,1061103,2151039,2817317,3072610,1324905,2005776,5072102,12182465
481833,1033846,2128997,2927468,3073202,1305203,1946617,4707712,11785868
493357,1046260,2124874,3071174,3071261,1278948,1919471,4426580,10214066
505380,1091145,2049043,3090233,3086583,1267189,1885998,4138521,9388685
500627,1041028,2047707,3158906,3060838,1241171,1936011,3982023,8209572
496915,1063689,2044510,3101516,3058621,1253189,1923524,4882156,8350952
502211,1023420,2043156,3013467,3077765,1187501,2108556,4222278,7854996
509233,1050430,1987466,2999958,3097346,1215428,2128397,4150532,7320834
495475,1061637,1985768,3005334,3070118,1192278,1865007,4018473,8077173
505843,1048377,2003307,3150342,3047071,1177816,1918713,4075802,12272199
515793,1045966,1967910,3140108,3094423,1165292,1820802,4014068,10808370
490786,1045747,1909671,3090121,3098571,1157273,2027318,3839458,9566083
510396,1076239,1862105,3081825,3078564,1148382,1990764,4230660,8342978
498781,1025028,1868409,3015681,3043944,1149753,2133382,3668513,7630216
497602,1032941,1898314,2751220,3085538,1123286,1859459,3332195,7579731
510579,1062842,1875280,2750251,3074851,1127811,2126341,3351649,6985836
500718,1673993,1833785,2758287,3059874,1135194,2052929,3392597,12866207
496729,2040693,1860066,2765390,3101578,1103559,2112853,3284735,11196541
507626,1947547,1831458,2745873,3079508,1116045,2171582,3341785,8263391
506133,1982988,1836424,2707051,3091628,1081552,2087579,3354897,8066777
500393,1942533,1798296,2754425,3101962,1095776,1962877,5236420,8124843
497281,1869644,1765137,2768776,3071998,1094718,2123350,4795012,7981887
509189,1899606,1787929,2739984,3111078,1096909,2030933,4486547,7470984
502598,1848642,1788480,2739918,3078402,1060756,1854321,4328546,7301589
500294,1895605,1755382,2949332,3076248,1058380,2016042,4238348,12273616
492567,1799531,1723663,3047323,3087957,1046124,2032986,4135996,9618188
501286,1757459,1719985,3047748,3069756,1059499,2049194,3934667,9021871
506459,1774458,1715303,2873135,3072814,1049743,2121146,3983608,8381977
510877,1766820,1717401,2805543,3059350,1039549,2030556,3751311,7752770
511773,1743330,1712762,2796098,3062174,1014030,2045572,3593164,7504849
500999,1656929,1661235,2829609,3057645,1027610,1836074,3639380,7381526
498132,1660929,1655733,2831101,3059624,1015780,1891377,3565930,9460477
499935,1657260,1701599,2794085,3296512,1008261,2143706,3538972,8760845
497564,1670858,1681490,2783462,3101563,1018128,2024943,3578754,8380412
503567,1632121,1635881,2814824,3078035,1011569,2099733,3603063,8095149
494194,1545761,1620658,2788502,3079998,1023176,1908450,3536987,7849378
505691,1548516,1611501,2819784,3071141,1014542,1824377,3545294,7580762
505872,1549609,1580021,2807815,3081056,1017298,2023219,3551275,7322112
501234,1568556,1598285,2795906,3082705,1029630,1828501,3503202,7184567
499279,1585104,1591091,2796289,3080774,1011274,2102023,3532746,9529727
494901,1525116,1581904,2830968,3073319,1034484,2031629,3530102,11011787
504594,1484612,1555122,2796776,3084240,1021458,2113097,3343714,13108605
496627,1471887,1568890,2827595,3114569,1016159,1823706,3364584,13304012
505036,1501706,1552459,3026984,3083372,1018311,1883687,6277686,11556121
513218,1493474,1568108,3051979,3059436,1021784,2085323,5877706,12890452
503584,1481146,1538720,3075583,3083188,1017588,2055073,5504711,11609993
504380,1403904,1574056,2909972,3077912,1032336,2130821,4831591,10997993
516775,1408602,1541738,2759002,3069627,997271,1959012,4687615,14635857
499077,1408375,1531791,2769690,3076198,1005075,1942137,4580988,11025297
493871,1400828,1529988,2765564,3029748,1021725,1856885,4328889,10843870
507415,1393804,1556833,2759113,3057686,1024110,1791134,3988594,9659503
507201,1388030,1549765,2724435,3059230,1012589,1835066,3841076,8342418
499246,1351830,1531314,2739764,3074420,1018669,1920154,3888134,10243887
505451,1339443,1538807,2746695,3083384,1014392,2137531,3911380,7421562
491051,1340760,1528711,2750637,3266228,1028085,2051661,3843825,13298058
490885,1321457,1535746,2720936,3112867,1053557,1770879,3903839,10866968
502251,1342056,1533215,2743565,3085987,1018205,2020769,3845325,9814660
498827,1362967,1533569,2700742,3071295,1024125,2011883,3986641,10461005
504393,1276405,1536338,2767741,3077158,1020320,1939346,3936311,8531618
518069,1275572,1522840,2733886,3109918,1016790,2134118,3690599,8214373
504270,1307815,1528544,2728001,3082168,1013518,1879531,3850411,7469959
496105,1256114,1551579,2737091,3122026,1023426,1909519,3671447,10054752
508187,1261142,1536599,2768714,3099902,1029461,1789079,3647865,12948463
512570,1277574,1539480,2776270,3082854,1015816,2107230,3675836,11556788
499724,1285931,1547376,2768244,3085240,1033308,1797184,3707442,10217591
496117,1259227,1545745,2783235,3082877,1023156,1810391,3653421,9828910
503268,1254063,1544719,2793517,3072688,1026082,1843853,5127852,13350405
503178,1248732,1677517,2759827,3087660,1033019,1807541,4538930,13277238
493511,1233316,1728782,2776134,3073450,1020219,1927828,4395902,10421504
512861,1233737,1736922,2743873,3088011,1002610,1839363,4847248,10091024
505253,1232042,1714893,2853678,3061940,1028983,1831135,4697055,12332717
505518,1197713,1704699,2778133,3085266,1015412,1946331,4250372,11420633
508900,1166814,1707600,2839246,3091185,1039177,2003732,4083800,10371111
502184,1180611,1698513,2814380,3074611,1011241,1844442,4580316,10837490
505055,1225647,1688843,2851582,3086326,1040282,2029651,4350723,9250556
506289,1178724,1625940,2816888,3083985,1013395,1989976,4210337,7413813
500345,1204763,1617192,2858779,3091298,1011684,1929174,4003696,8040236
501945,1185133,1620748,2816614,5439223,1021801,1969056,3981116,12546984
512059,1162322,1605546,2832609,3571189,1027782,1842501,4082952,10679832
509874,1160241,1632805,2806043,3083010,1020303,1801821,3779748,9280848
507166,1135165,1629641,2797865,3064145,1027854,1835358,3744742,8511703
505029,1150584,1617134,2815139,3070095,1023653,2098772,3781264,7769149
506308,1133146,1612797,2803196,3112623,1015303,2018207,3751663,7961565
501256,1153962,1653655,2802217,3089068,1004879,1868905,4264548,7508916
510236,1148090,1629344,2812785,3065166,1019257,1854379,3504549,7416849
513340,1166644,1628418,2770347,3105953,1021737,1831509,3390578,11707159
497479,1123671,1645317,2834401,3074930,1032032,1935292,3236005,10115962
504830,1123525,1670880,2831957,3070644,1013855,2100133,3290985,9372459
507249,1139376,1668153,2809302,3080271,1018815,1978757,3348421,8882056
515848,1130486,1698179,2793032,3112818,1022812,2763577,6275113,8344057
496416,1098570,1651153,2808638,3098068,1034846,2879469,5829421,8153162
511876,1111524,1665996,2788193,3073722,1022852,2615116,5167128,7879337
501672,1156467,1649509,2851831,3090072,1045963,2518072,4654742,7538358
505408,1064005,1621122,2797352,3064127,1020368,2494626,4406297,7399170
511219,1075983,1634557,2823167,3076689,1017009,2382273,4286079,10948982
508559,1065321,1616515,2787251,3083214,1027389,2305402,3817247,8313465
498482,1087472,1630522,2808713,3074477,1034565,2189137,3847124,8172597
495766,1072141,1681452,2806412,3083992,1007882,2187237,3622447,8534981
491942,1094263,1665350,2831686,3069653,1025917,2173383,3494501,7399329
489539,1104029,1657936,2792861,3295078,1018549,2063229,3463965,7383854
493882,1101893,1659379,2844928,3090262,1029221,2000480,3461638,7166018
502214,1071575,1632048,2811097,3089293,1018365,2008246,3283001,9122246
490965,1040988,1623928,2818227,3090461,1034018,1944077,3302145,8664916
502038,1063904,1604865,2797598,3077818,1023335,1878292,3241040,8224287
501354,1062149,1641305,2829809,3074203,1027738,1839548,3337770,8106999
502161,1048221,1634519,2800256,3062082,1012043,1899406,3302582,8002529
495198,1058603,1654174,2848279,3060806,1026553,1860611,3287984,7664925
491567,1038634,1629818,2815670,3095934,1014606,2080290,3319152,7590063
496188,1070432,1608296,2820229,3088499,1028895,1863901,3293159,7384379
490418,1043926,1614652,2756437,3076037,1022533,2098405,3356227,9183525
507014,1022419,1621162,2845415,3094451,1022881,1983561,3247126,8760161
500912,1026598,1641850,3019400,3067879,1020885,2058150,3233971,8364545
495978,1012693,1608960,3103722,3066262,1029677,1993659,4635100,8055971
499301,1027363,1625385,3095820,3082531,1008356,2001172,4577660,8577405
497202,1025427,1697130,2970433,3063386,1031483,1951099,4574665,8041127
501037,1045900,1641190,2760713,3084885,1018697,1909974,4306554,7675962
504422,1021039,1655301,2735027,3069113,1011826,1858663,4182430,12315235
513704,981015,1717586,2742796,3066987,1007474,2162456,4178703,10871485
498062,997873,1633315,2711088,3089049,1033813,2049553,4047244,9774665
519582,993184,1671635,2711597,3067174,1011808,1818683,3845392,8988923
507813,1028148,1648780,2770506,3101753,1015717,2110581,3717522,8539487
493763,989580,1651228,2744473,3106339,1015550,1930581,3634465,8210119
500514,997512,1681804,2716734,3106489,1020455,2134606,3628336,7846377
504907,1002455,1652194,2713975,3063168,1020501,1998680,3501749,7517170
496168,1017969,1615443,2737966,3097687,1020129,1851046,3512357,12165786
495490,990669,1636435,2736918,3074838,1020256,2132288,3377434,11464708
512368,992813,1630909,2746425,3058153,1030336,1759590,3428817,9879329
493323,987335,1649057,2745664,3072223,1016777,1877417,3496192,9613656
498463,989010,1682137,2747992,3087298,1015511,2032130,3409289,12829058
513625,982037,1688626,2697929,3078523,1022700,1938239,3409041,10081898
494006,979289,1530411,2742171,3079990,1012788,2239655,3443727,8823967
490084,1009012,1502998,3029041,3068130,1024930,1840961,3306972,8568118
500792,967686,1502977,3052901,3069584,1029725,1878917,3535174,12673812
499267,969069,1508508,3018514,3090948,1019872,1938037,3436320,11419541
490826,947309,1493947,2799512,3097332,1030149,2004930,3472412,9562350
518020,937695,1474920,2809335,3044666,1004526,1853011,5719314,8790059
507042,933516,1503976,2796358,3095431,1020257,1897781,5447778,8383789
502890,948980,1483068,2819978,3075531,1016222,2006481,5069773,7771048
504372,950757,1481541,2816357,3060781,1024221,1977753,4835955,9758402
506756,941245,1470493,2829295,3073875,1007302,1851447,4539822,12837702
499091,947807,1486670,2801676,3100683,1039741,2043349,4350001,10615602
506078,934180,1501248,2783240,3080970,1006515,2165419,4068306,12611127
506322,964859,1510298,2791344,3067380,1020750,2051783,3956541,11519080
496203,904954,1480978,2775960,3057945,1026640,1882771,3915302,10921745
509819,939797,1465603,2821509,3087286,1026719,1989633,3920230,11392643
503066,946700,1493224,2800265,3088651,1017531,2009549,4016441,10568886
494754,946894,1500408,2805260,3100189,1033327,1994600,3836404,8591711
487517,952416,1492917,2802472,3093113,1024663,2125966,3764369,13203495
505148,949795,1498917,2775987,3094590,1026170,1815955,3781743,11106501
504093,970239,1590963,2809551,3083648,1014258,2121481,3792908,10029219
500971,950246,1493831,3099324,3065915,1019159,2128771,3629879,9206307
504232,941329,1505307,3095836,3051666,1011046,2180030,3636684,9167689
499737,946956,1505843,3092272,3065876,1025885,1844612,3736736,8267729
514562,932376,1508307,2827394,3073543,1008689,1877640,3652191,7966505
504784,958107,1502699,2826187,3087996,1027287,1949529,3617415,7522009
518641,973902,1501492,2831362,3097029,1013684,2157250,3695878,11270493
499544,954801,1508851,2845442,3088824,1016088,2118624,3617738,10123480
498274,941829,1519272,2804760,3058471,1009693,1973627,3539616,9171819
501487,948121,1498867,2818696,3073346,1019436,2140110,5116847,8724055
486915,958222,1508061,2797057,3074625,1020698,1863642,4752648,7668577
507963,952081,1511041,2856783,3078074,1021594,2110249,4641300,7411765
513646,951355,1529199,2804909,3058635,1011297,1993535,4823630,7784857
498928,930333,1521744,2834419,3065711,1032264,2132511,4485616,14753875
509933,984587,1525285,2800859,3073853,1026761,2146338,4738037,10372915
496529,943046,1525260,2848977,3076048,1013088,2030570,4329941,10015868
503463,940489,1522812,2789047,3043334,1023853,2027610,4097332,8736620
509928,940838,1509100,2811599,3088531,1027210,2039548,3919128,7724922
499535,937085,1497201,2793917,3043468,1016408,1996263,3908662,7328964
489807,958027,1518479,2790793,3072571,1023472,1837472,3763471,7409313
506799,947794,1521370,2795148,3091656,1003185,2144207,3498938,7093709
509363,965718,1516596,2824127,3072691,1022749,1881176,4662408,9539402
495454,958382,1525896,2760322,3091770,1014851,2123910,4227589,8565843
498693,965819,1519872,2779095,3088418,1021105,1821814,4046068,8083104
506137,954036,1510703,2768153,3082157,1021575,1906961,3856707,8769714
490786,942571,1516171,2774054,3038453,1013405,2038844,3722083,7916068
497069,962025,1534286,2771094,3101117,1020141,2148696,3696959,8179920
506925,1007493,1515408,2799338,3074356,1023891,2057452,3555816,9207082
502332,964707,1496263,2766288,3089233,1017215,1806700,3550009,8149885
502309,985129,1519699,2786074,3077341,1018279,2024760,3659842,7291265
505848,996412,1503632,2776926,3078071,1009102,1842942,3809685,11411348
503852,986202,1515036,2784051,3068444,1027683,2117938,3343012,10589667
502458,970889,1495017,2782079,3100638,1012213,2139769,5455510,8842706
512126,989617,1496951,2847713,3070376,1011382,2121377,4562724,11309349
497596,990009,1527530,2753033,3085968,1022925,2026307,4327249,7867695
494321,964749,1524220,2780331,3090385,1038784,2117389,4753438,7640722
495429,1006671,1671863,2776160,3061702,1018586,1999475,4677903,7182192
494466,986173,1552847,2792716,3092473,1081699,1939047,5173397,12160840
488124,1013261,1510408,2754159,3050203,1014072,2122024,5106292,9891161
511270,970674,1532239,2778075,3097985,1032129,2022003,4627664,8317407
500843,982068,1545421,2770307,3095540,1034106,2151368,4674641,7933662
492763,960822,1564603,2781708,3096278,1018511,2792165,4488689,8943052
493171,984373,1534287,2765217,3091824,1015515,2848894,4259318,8444390
499685,975178,1521188,2801387,3093286,1010004,2525374,5029346,9292129
488975,961759,1508958,2768182,3090810,1026173,2503180,4574028,8294314
493945,997924,1522952,2753668,3062846,1014874,2419417,4492038,12962225
491506,1002620,1549234,2761480,3073854,1032002,2454050,4159905,9363302
491348,975515,1530482,2779365,3068652,1023644,2361656,4331800,8436092
494787,1000581,1497477,2772689,3066452,1012748,2213759,4322216,7989454
503809,973041,1476773,2781616,3040147,1020756,2176701,4496424,7945369
496376,967626,1496406,2751324,3059709,1031043,2116165,4374464,7532502
494986,976517,1500210,2763326,3107904,1026922,2083048,4298591,7385753
504451,999757,1513416,2786183,3086200,1028606,2030696,4365622,12339207
493987,1017872,1535822,2769303,3083569,1026314,2001433,4287479,9372078
490149,984834,1517919,2797356,3064152,1023275,1957973,4123266,9678120
496399,990109,1508219,2748285,3070768,1019561,1890850,6781391,8111062
499086,994359,1517861,2777840,3093686,1016407,1872705,6021802,7898550
561374,999942,1520845,2766057,3089913,1010916,1892633,4532281,8523908
564897,1018323,1537352,2743494,3058509,1037359,1900852,4365587,8114046
571750,975207,1525682,2790288,3090478,1023943,1829653,4203392,7731813
564057,989017,1514006,2741278,3070040,1031829,2075685,3902614,10013816
561631,982337,1504224,2776224,3051689,1024801,1985758,3965111,9071184
504137,991364,1520212,2742729,3069302,1014639,1971661,3853985,9431949
505761,974108,1536195,2770654,3119944,1044992,1869779,4091467,9015284
502141,1005164,1494662,2743204,3057098,1000205,2118928,3983864,7962949
500124,971261,1498281,2792023,3094440,1021469,1915072,3881405,8317687
503730,980899,1500790,2777844,3075265,1017593,2156675,3997341,7917910
509928,990315,1522469,2792054,3058638,1017508,1959037,4171033,7530637
491860,993089,1508881,2758685,3074549,1005304,2006838,3918653,12841679
504548,982161,1521224,2777166,3098404,1030531,2006593,3650579,11634991
506494,989336,1498486,2751664,3098166,1010048,1922162,3816218,10056185
496162,973726,1636323,2793324,3086649,1007727,1875958,3768643,9141303
496957,995580,1641030,2765817,3067031,1019862,1844438,4628461,8165792
513749,968642,1628941,2769184,3077737,1021153,2170059,4240499,7597595
500881,959804,1958843,2755932,3086828,1030389,2166332,4121087,7278192
501685,970921,1617646,2772690,3102310,1016708,1971802,4537725,12134761
496942,970230,1608274,2785783,3085636,1028404,1898433,4342834,11200309
493288,950141,1580259,2787678,3091014,1016285,2063638,4645671,10033002
506845,989950,1606804,2768270,3085821,1024319,1864877,5553373,8714299
502486,971760,1603461,2756057,3083647,1024648,2135679,5234860,7661682
501294,973680,1560034,2768878,3069462,1039934,2018920,4884248,7463158
497832,973420,1568243,2759063,3092084,1022178,2000056,4465582,8472243
501040,982778,1565508,2751934,3051700,1008380,1988663,4476602,7656403
512271,978964,1567510,2793050,3081015,1039631,2175223,4101559,9486694
493545,976210,1571704,2765726,3080863,1018853,1919193,4246678,12776122
503693,977239,3457365,2745638,3064465,1023565,2089176,4096824,11347525
493063,983449,1639537,2777235,3079965,1012407,2034439,4001938,12355145
501205,982619,1516378,2790864,3075790,1019783,2138419,4019273,12429125
504111,966373,1491907,2775124,3085367,1022797,2028212,4877448,12895881
497025,977423,1504302,2776215,3069468,1014133,2142811,4247795,11183253
489750,966811,1524420,2779782,3067174,1027821,2109571,4034327,10349608
500888,961155,1504041,2764300,3064544,1021673,2147187,3922761,12256325
502688,965500,1510007,2749355,3080857,1013502,2325322,3941053,8772294
501619,993658,1514642,2781826,3073594,1017395,2189666,3890902,8401027
494910,981213,1515331,2765350,3104704,1017812,1873823,4527778,8031751
503561,977069,1524472,2772645,3079199,1022737,2117968,4395227,7791655
502368,967384,1504988,2773689,3068806,1023219,2171027,4256577,7331692
506448,985412,1517457,2771210,3097249,1021938,1954590,4063126,8125814
510307,963811,1519176,2749784,3061529,1009365,1893434,4226355,12760002
503494,951951,1521241,2766850,3060046,1028240,1852522,4333008,11333074
502216,945273,1528780,2744331,3064595,1019432,2147340,4145122,10310643
496121,990700,1512621,2779248,3082412,1022910,2011868,5945453,8681697
492624,974954,1503705,2779546,3085088,1029247,2046257,5019870,7321174
502327,970688,1500341,2758771,3095312,1009142,2124948,4794773,7358018
509967,974756,1511706,2756899,3069451,1021620,1850781,4769149,7034111
496037,993022,1513747,2782952,3105754,1023211,2012070,4482669,6818890
493951,956254,1535597,2766010,3077721,1011162,2007071,6275340,12657769
496723,961215,1512387,2800245,3098915,1014968,1811097,6709262,10677017
487592,975022,1516058,2787597,3081746,1008406,2001458,6061170,9138054
495589,965880,1522887,2781504,3124938,1022373,2131391,5723484,8410651
493299,981061,1505415,2778035,3098300,1020503,1856537,5238794,9841653
493582,994374,1551247,2776762,3057550,1016175,1825768,4701309,7185427
494270,986457,1525762,2791916,3078433,1015266,2141411,4497148,7765910
503838,989195,1520152,2783482,3048169,1021415,1925395,4259235,7270682
500676,978820,1517882,2758947,3084577,1017945,1977514,4082058,6735321
499208,954891,1519423,2799745,3075044,1033867,2117276,3974796,10481798
503090,986169,1533516,2766697,3072477,1021908,1822547,4051915,9359069
495572,983772,1504687,2784192,3087062,1023617,2017404,4532060,9373017
502984,973716,1533091,2771182,3058352,1012523,1852517,4135270,8795009
506651,984092,1553416,2792273,3079006,1009651,1860401,4159824,7545662
501932,953262,1543276,2758373,3062701,1020134,1828578,4698940,7380331
498779,956478,1559430,2774426,3133520,1019518,2039601,4313960,8236247
514457,969265,1562928,2760784,3115465,1020507,2131623,4052355,12580369
506178,967331,1531249,2799161,3072967,1022720,1789280,4787521,11000215
494410,968491,1527833,2785079,3062099,1012148,2145292,9626287,9968288
512840,955325,1534560,2780652,3092790,1017920,1902752,5994891,8687589
507907,933934,1535395,2781364,3071752,1017142,1928214,4903787,7868325
499722,962888,1535975,2787335,3088090,1024907,2048632,4427918,7724920
507334,946438,1522947,2768457,3083057,1007725,1830688,4196693,7365504
507329,953503,1530858,2785795,3080242,1011438,2053301,4258252,7140898
492419,966721,1540384,2755848,3078041,1018763,2043181,4290441,12796246
506417,985902,1514216,2755222,3079083,1045980,2022958,4528995,10928784
512206,967114,1512825,2764787,3062733,1019065,2166119,4140381,9631442
496010,971150,1527106,2785323,3085007,1011164,1978781,4451682,8984496
495041,974695,1536384,2749007,3100746,1015220,2011847,4189831,8214335
499566,980168,1519962,2779704,3063651,1035339,2003162,3826112,7967367
501385,952680,1526007,2779099,3078103,1022277,1831224,3630068,7681670
504209,973216,1535237,2763346,3083438,1026671,1809859,3523113,12756249
511842,973692,1506394,2759238,3065439,1024452,1902852,3547069,10059499
501325,962512,1495872,2764719,3084229,1019747,1994573,3619617,8840825
500047,963793,1536226,2786803,3094700,1022476,1834852,3609909,8581592
520236,989206,1527131,2777351,3073107,1007046,2143840,3737728,8145370
502051,990293,2029631,2774485,3050732,1014274,3041653,3769969,7444640
507263,963245,1555235,2778144,3089268,1023637,2882098,3704148,10588877
522023,982837,1521375,2745503,3092059,1028066,2636579,3623197,9406877
504220,982700,1498221,2766897,3088988,1017625,2483699,3550041,12661111
498418,950283,1516498,2766336,3085324,1015460,2444649,4034870,11384811
508833,992046,1549189,2760802,3084131,1031059,2370130,5904653,12828203
510565,989561,1551328,2770536,3096084,1011467,2300273,5905503,11608063
509257,999129,1513100,2776585,3108023,1035308,2203836,5405528,12897613
502351,974227,1526332,2752215,3094728,1013558,2120197,4931384,11026990
510210,969946,1536908,2791025,3069088,1022024,2114056,4301706,9661917
500366,982864,1526615,2753016,3078243,1015377,2058372,4023273,8042800
510448,1019387,1519138,2769455,3094975,1050928,1992133,4151923,12074360
491734,993007,1710027,2757739,3078318,1018508,1973253,4148568,10506127
498738,993967,1675468,2778614,3092399,1020535,1936558,4265486,9409502
509913,999925,1636429,2803490,3094899,1007178,1914807,4117530,8572585
506886,1003406,1624693,2799704,3094081,1012715,1859792,3867774,9336632
510219,969816,1707601,2760571,3053797,1016718,1918243,3987585,7501650
494592,992882,1731821,2788660,3099329,1034045,2094423,3882942,7508447
513806,978473,1685361,2787705,3108202,1013634,1867071,3844651,13247587
512700,994347,1671255,2776838,3058339,1009542,2022936,3689237,12363286
499192,981273,1678766,2778883,3067079,1017158,2037219,4395055,12197568
503311,983358,1662664,2772256,3051926,1012075,1886425,4011643,11018230
509350,971871,1646878,2769511,3061471,1021735,2002695,4238611,9177124
503994,1000681,1690476,2753016,3100583,1028927,1906468,3984294,8164858
505663,991531,1670081,2753221,3077703,1000950,2189264,4207942,7524843
505964,965845,1604877,2775357,3079389,1037324,2151263,4387786,8329360
511925,1040172,1593047,2763005,3111881,1027394,2152047,3960576,12846847
505008,978776,1676333,2793702,3086980,1023758,2032300,3617594,10452339
498218,992565,1630879,2762568,3115299,1014348,2084029,5471519,8686904
510711,987552,1589688,2770049,3085108,1018112,1986622,4738062,8190387
501504,988752,1674999,2751517,3068501,1002827,2040352,4411668,9206878
506364,1017167,1691501,2774785,3079972,1031066,2003726,4347554,8278616
504144,976583,1642521,2772901,3089734,1014728,4557631,4128491,7807923
500728,990218,1710032,2778147,3106237,1034648,2477320,4009555,7936607
510181,993834,1725053,2757565,3102081,1013294,2245238,3842832,12517939
508842,960910,1641190,2823271,3070609,1027015,2154590,4272848,9918009
496988,973849,1609263,2744946,3092802,1018128,2136442,4095191,9842952
511993,979922,1583059,2804105,3060798,1027597,2104619,3851824,8235034
511052,990487,1597959,2758824,3062659,1016231,2451186,3687785,7569335
517862,980169,1614791,2779453,3067429,1042720,2162980,3682051,7523275
514887,966667,1628373,2791904,3072004,1021106,2359205,3450990,8079333
502287,985597,1580682,2777069,3097540,1032997,2355820,3585714,12822174
500096,968318,1601991,2747937,3058214,1014257,2162646,3594822,11117301
493642,972853,1645744,2789800,3060437,1018534,2138922,3639189,9697010
510227,980564,1707825,2755376,3071407,1012205,2432598,3606082,8576380
490184,989848,1658950,2757557,3052456,1006340,2931640,3721291,7700519
506545,969403,1687325,2774258,3071477,1016756,2625973,3572468,7756263
501240,978675,3241194,2757699,3093653,1018041,2593411,3508195,9072671
502508,979207,3146212,2760340,3085402,1024156,2677311,3508588,8274461
503889,979757,1613671,2762788,3081300,1010168,2438840,3422144,13065457
506102,952211,1664340,2734701,3096212,1025890,2389213,3782541,10763437
512407,967759,1636483,2785453,3091236,1025747,2280570,5139309,9329528
497379,978245,1601958,2752712,3089348,1038112,2189086,4704010,7641727
511494,970235,1663237,2779818,3050054,1025713,2221785,4560558,8381815
507398,969480,1674634,2762330,3082318,1018141,2131748,4390034,8374130
495135,987257,1596077,2765972,3089477,1033043,2095623,4392445,8363447
504840,981504,1606903,2769441,3071385,1020268,2332532,4001679,7592624
506379,960223,1684317,2771295,3081165,1015778,2471657,3982794,7239133
506760,982917,1683857,2763253,3094536,1004800,2458489,4022608,12104434
513465,987000,1647158,2783654,3078556,1011585,2119679,4093475,9732419
506156,979710,1696621,2768578,3097425,1007841,2527236,4063681,8691783
496144,977036,1648093,2763424,3091022,1029447,1971343,4221123,8889401
506446,985059,1632795,2763721,3046635,1021685,3345497,3885442,8601448
501653,960571,1637539,2795350,3077901,1030180,2109955,3933450,8377995
494701,972599,1593094,2755304,3083087,1012129,2044166,4441272,7596774
506373,969184,1581167,2793384,3060201,1028341,1971795,4171356,12888912
506102,974871,1584030,2767259,3080187,1022471,1998509,3930571,10804961
503269,992042,1621885,2763555,3078886,1036769,1956797,3618066,10420405
491465,947043,1602560,2783065,3073496,1017130,1958170,3561265,8408504
498491,974686,1579501,2770908,3084736,1027079,2167905,3537614,8077916
497067,976781,1581663,2749072,3060550,1707808,2039849,3512039,7646177
503124,959849,1606638,2770470,3088512,1613743,1997890,3509788,7713838
505526,961732,1656453,2751459,3057289,1587696,2076460,3484164,8482924
510318,1053358,1690646,2763412,3076937,1485229,1986505,3438236,10844310
496895,979603,1706877,2767028,3061812,1481583,2063386,5052982,10591702
516977,941594,1662100,2787005,3084218,1432980,4227587,4508292,12447750
512767,971647,1654539,2779166,3083398,1438910,2536478,4325087,9431304
504616,951951,1771598,2767586,3085469,1410385,2143391,4923032,10074970
509114,979859,1710203,2777438,3078209,1372751,2110062,4737883,7804506
503673,961985,1685222,2789860,3076274,1368702,2145045,4563028,8261173
503016,981050,1671886,2738365,3083948,1342592,2082409,3947457,12367500
500716,963691,1662761,2770605,3105981,1337092,2339387,4266104,11372400
508502,982145,1680028,2753287,3079741,1323543,2124691,3777664,9772941
493756,972256,1669443,2793805,3116768,1285736,2021125,3798200,9006938
509110,972393,1666952,2763255,3068846,1261731,2309094,4116866,8437909
513355,1001634,1627983,2778254,3085520,1242065,2333588,3987752,7169928
503777,1065957,1619441,2739388,3089207,1246122,2131413,3827423,6916608
514132,1126812,1617113,2822428,3073244,1235021,2121885,3835491,7897804
506493,1127424,1599145,2769371,3082867,1212212,2203680,3683895,12162599
508075,1102376,1955259,2787199,3067633,1205824,2039518,3633223,11156359
503267,1096007,1639276,2740727,3061492,1180345,2090201,3761340,8575341
512904,1104324,1700344,2764834,3101973,1177582,2093239,3661656,8047014
506875,1104004,1662326,2746941,3077576,1167909,2230746,3721010,7692704
496479,1104157,1637299,2793336,3089826,1142376,2116136,3669240,7970763
522524,1111593,1672075,2772877,3103542,1154024,2078104,3667254,7397703
500334,1066038,1684475,2802001,3066450,1196718,2126508,3590406,7105021
495568,1072369,1564686,2746955,3070127,1122881,2084652,3631576,12470364
506930,1076998,1565599,2779027,3070346,1120990,2057760,6304090,10691117
503557,1033721,1618548,2776379,3080564,1117948,2314705,5591220,9628233
505942,1064103,1597733,2769774,3074645,1106898,2293696,5110984,8825318
496215,1052219,1606360,2783602,3062668,1132183,2112882,4720580,10686487
501677,3137649,1573793,2788583,3067900,1078326,3221795,4530336,7483915
499091,1129984,1613875,2759038,3074160,1074225,3082028,4287536,6660914
504641,1058356,1603602,2787155,3098771,1067556,2833213,4675487,13839102
505307,1181411,1696111,2774915,3057169,1056744,2729411,4335522,10803555
497975,1119688,1682112,2797873,3074197,1069453,2652133,3930172,10097783
498313,1129940,1660834,2778586,3058633,1104915,2598214,3946481,11320422
509710,984560,1688109,2771737,3097336,1079573,2503168,4111799,7547859
528643,995049,1706272,2761313,3096340,1031993,2437019,5285398,7109245
500330,983301,1698907,2793089,3078171,1046720,2323149,4583055,7461139
500942,982619,1644018,2761084,3063325,1047632,4324972,4119320,9372193
512157,966855,1632313,2792233,3080709,1004919,2267472,4226148,11398006
496704,986307,1641013,2750580,3095791,1021996,2210811,3920609,8862585
511277,972809,1624183,2756309,3079236,1022905,2162472,3801638,8032130
511489,960783,1682142,2751999,3074370,1012157,2134217,4401574,7786226
496789,978954,1656560,2774703,3070917,1016479,2126189,3591404,9164763
502707,995104,1628412,2773876,3052227,1012509,2078495,3662477,7397098
505035,976968,1646458,2774951,3080694,1010825,2150240,3527761,8414686
508877,965431,1659849,2781721,3071187,1002447,2135839,3673315,8070434
493437,974990,1712399,2788166,3069543,1030678,2119661,3551068,12265879
508865,1004531,1627665,2765800,3078496,1024852,2120918,5943224,10945636
486574,958278,1635756,2763660,3072165,1012493,2112979,5269413,9717123
506932,968820,1668760,2762607,3059640,1020332,2727508,4958101,8217415
502686,975332,1645398,2795286,3081661,1016880,2683121,4762267,10117726
508218,989190,1664949,2739395,3054798,1013141,2613332,4559242,8184133
500221,978924,1712552,2817558,3068267,1007797,2508740,4364147,8547874
499322,975949,1639500,2773039,3074427,1028898,2455123,3838035,11546586
509058,976678,1616227,2789716,3049433,1023856,2402355,3719947,9810332
499589,954485,1633055,2785923,3059383,1009090,2314384,3741496,8955578
509066,963700,1609134,2779302,3083055,1034959,2367370,3809892,8663633
507488,1000223,1609664,2734036,3100600,1022795,2359221,3536459,7874415
502115,986422,1621098,2810257,3085054,1024275,2201906,3510336,7559610
514193,978254,1572261,2802368,3049971,1003234,2157740,3474475,7981516
502408,968591,1593498,2777403,3101436,1012944,2135745,3607054,7377431
495884,958382,1564490,2768457,3070888,1022124,2300374,3546849,10422390
514548,1015560,1566729,2750402,3078523,1010717,2199895,3738954,9125151
513257,986525,1662889,2766187,3069486,1000435,2099733,3817638,8337714
497933,962731,1694219,2786737,3086783,1035157,2107165,3666997,7890991
501498,987646,1643999,2745202,3082618,1017244,2358683,3520456,7609138
512708,949402,1670997,2783717,3068091,1022707,2242330,3649869,8290947
500961,968884,1669074,2772974,3070827,1016565,2084858,4108417,7045564
491528,980086,1678608,2766883,3063252,1017463,2183984,4080016,6958211
515721,966003,1624476,2773679,3114233,1016663,2154491,4043984,7140332
503618,967171,1696960,2784329,3050034,1017372,2329179,5243817,9838582
503966,974918,1671993,2769077,3065427,1023273,2150766,4666076,10057422
512368,980158,1683351,2748234,3096648,1025564,2272460,4527235,8996613
513398,994236,1692934,2780243,3050989,1022470,2094494,4479304,8312997
513924,1012022,1687840,2771286,3062383,1029722,2256826,4288264,12887950
508779,1001001,1614196,2775930,3108009,1019199,2075445,4171281,9868053
497731,969688,1649717,2762247,3059653,1006756,2132933,4005489,12602897
498462,979743,1635619,2758074,3915656,1012575,2271423,3665658,12826240
520837,1000284,1607526,2804248,3259858,1023678,2075614,3745899,10758133
507988,974673,1617315,2750780,3074625,1032224,2084679,3551211,9007762
495730,963454,1671329,2797378,3086762,1017065,2089872,3847339,8737151
500846,989612,1713600,2761012,3088231,1006525,2099303,3639774,7704887
509875,974975,1630267,2749218,3093747,1030279,2097933,3576167,7029279
503908,974034,1686918,2773338,3042304,1019489,2225430,3463393,8259613
513016,975667,1663171,2762217,3091992,1019344,2253830,3495949,6710091
510309,1014712,1596188,2783122,3087756,1027418,2153844,3462213,9703721
511099,969988,1613409,2775600,3077507,1018035,2116854,3440156,8378618
498978,942272,1676269,2744409,3122267,1010188,2229841,3555587,8025499
511832,976669,1584710,2762957,3109409,1005189,2156834,3517926,7597504
508686,961994,1616571,2774366,3083942,1016746,2121915,3539824,7475218
513903,957892,1630900,2779812,3062160,1041593,2126419,3616943,7104745
501648,956235,1631368,2786746,3072412,1010616,2253413,3472985,8493704
504869,973318,1610485,2785222,3070581,1033568,2127043,3460228,12258910
502125,986437,1648348,2764826,3062757,1004699,2287251,8116335,10362437
519706,953540,1679599,2792905,3070925,1026729,2134139,4666189,9603978
514105,988442,1630696,2775836,3073271,1025017,2034540,4188324,8763209
505243,988385,1628810,2766533,3069848,1033210,2234608,4260294,8468612
504212,948506,1640092,2778892,3073683,1007266,2184792,4067551,7767749
516031,953272,1632925,2788039,3083121,1020753,2078532,4022815,7193737
493321,971206,1646955,2769908,3084496,1013737,2013750,3864732,6709959
504731,951740,1622556,2789901,3074708,1017882,2092980,4235367,12289145
511257,952527,1669900,2772122,3062635,1018596,2084759,3749170,10782059
506152,966302,1641214,2783815,3404768,1015006,2113742,3742114,9056009
507257,979516,1633425,2775795,3085133,1014598,2193332,3879855,10023854
509705,1188017,1684778,2811283,3122773,1027457,2272001,3531947,7929396
507182,961302,1689410,2750751,3078612,1010552,2182943,4224495,7263524
492298,955885,1655755,2783200,3080870,1021501,2309398,3918379,6873098
511517,957556,1652070,2745120,3111632,1017660,2321646,3469423,8265229
510316,944166,1691977,2762028,3080864,1028401,2239579,3598167,10234487
505559,951934,1671814,2777492,3103922,1017560,2397693,3539640,9122844
516320,975461,1718687,2797325,3095965,1015353,2146606,3508200,8450621
500855,968185,1683218,2745901,3086954,1021309,2199121,3609552,7885591
507024,943989,1664108,2810887,3100806,1010721,2230585,3728713,7973859
504408,1004533,1669149,2768283,3051522,1016527,2177068,4394468,7566442
499049,964962,1675354,2822290,3078161,1007292,2242965,4161172,6948481
505563,1000831,1681678,2778694,3072236,1019102,2307068,4193557,12003491
501603,961675,1665909,2806070,3090647,1010856,2204231,6351293,9542452
497941,996467,2242156,2781799,3075811,1019023,2160797,5757037,9762860
496957,1007323,2197695,2769266,3088033,1041298,2067282,5183464,8987169
505903,960606,2217844,2753797,3083341,1011956,2158780,4763585,7745645
509748,981075,2202886,2791781,3089808,1033540,2255736,4368182,7990982
517042,990595,2120528,2777544,3097187,998069,2230094,4236883,7386952
497737,966008,2123011,2810996,3088555,1014001,2148756,4055683,7178415
511865,993783,2123235,2748897,4024925,1018671,2154518,3940035,10239285
506980,973215,2097387,2769393,4085273,1022610,2149315,3884564,9164928
504520,957234,2025320,2749674,3120361,1010779,2151942,3931567,8533656
502848,971828,2050412,2775901,3097623,1017732,2193018,3663662,7729929
505236,1006792,2033400,2772261,3118151,1012702,2086267,3540801,8009416
495103,977516,2040192,2765805,3145885,1024796,2136674,3584232,7547120
508341,945732,1991958,2768056,3074021,1018033,3188946,3593547,7230780
488912,955978,1917006,2799366,3086794,1042213,3325528,3431247,8132282
497649,987382,1940038,2758847,3090767,1020656,2915939,6365515,12187490
512678,994406,1984699,2753268,3084061,1023641,2795032,3551037,10386779
512427,948026,1863981,2773001,3048969,1011255,2832133,3570264,9349255
499065,964814,1888984,2735247,3071546,1024525,2806934,3455401,8529704
502435,983891,1854811,2750989,3075739,1018057,2420988,4207462,7647341
508203,1000269,1883354,2770386,3073052,1037430,2323180,4304551,7296789
498032,969835,1832804,2761000,3109649,1015721,2297522,4170061,8228800
494683,986587,1802488,2776564,3074142,1028912,2318791,3933435,12516923
507299,973348,1820885,2755268,3098442,1029736,2237997,5913109,10905765
503928,949891,1818579,2793702,3119474,1030987,2205379,5225150,8802847
507438,975021,1834013,2780298,3131403,1010612,2071030,5113052,7805108
501466,986518,1762494,2764190,3086006,1019957,2259368,4778856,8861583
509107,1009423,1746442,2762865,3093638,1014396,2273050,4583665,7848551
502103,974217,1748994,2750104,3061665,1025532,2029252,4161772,7499600
506366,970888,1731822,2748725,3067878,1019626,2156827,4163659,9163351
512509,974534,1721779,2782564,3091959,1029957,2112011,4589751,12328252
499274,957018,1689031,2783257,3503889,1022264,2247782,4270207,9989497
515607,995540,1687651,2745293,3213476,1025398,2402341,3981332,9204734
502927,972486,1699816,2773442,3100560,1014215,2313341,4169999,8517588
500582,986571,1693778,2781189,3069356,1017733,2217027,4271260,8062286
512250,994383,1666891,2778859,3088110,1036129,2708352,4162409,7185172
499314,988314,1621059,2783091,3112776,1037558,2533683,3938335,6899371
503198,977880,1624038,2781029,3083390,1023258,2497135,3777706,6697082
494939,1008393,1651985,2776853,3077401,1015880,2425187,3712018,8685959
504311,980656,1636611,2754842,3060120,1011567,2351033,3624164,13883006
496196,974372,1597096,2774811,3088302,1043656,2493162,4178021,9941084
492863,975066,1568949,2748967,3065711,1023852,2235062,4223151,9689049
508400,1012305,1571010,2775969,3086791,1037311,2256683,4155641,11978890
497056,982255,1586932,2772274,3076391,1012230,2197742,3999918,10541779
497591,976573,1588537,2778922,3045229,1017880,2127370,3834984,9512960
498796,982761,1600346,2768650,3100354,1017757,2090891,3856204,9394776
497711,961149,1526995,2797644,3074625,1021165,2134250,5521877,12104597
497353,977764,1576707,2747985,3059910,1016693,2326423,5104562,10664207
515401,969416,1538713,2773290,3067421,1022747,2399520,4758438,9698619
503420,972546,1506950,2764591,3070552,1013250,2304344,4562770,8467546
494363,969505,1524491,2754207,3084032,1018917,2211331,4532822,7595460
512487,979201,1530750,2778527,3088039,1029546,2415379,4651902,7336642
508176,976119,1503105,2800442,3058095,1017821,2255904,4289384,7082376
507299,1004842,1527020,2765259,3075292,1023804,2211608,4184953,6783894
508886,983550,1510566,2794772,3097110,1017643,2240705,3905945,10850349
512603,948171,1517638,2779005,3114062,1004705,2345187,3931346,9160933
515146,1001155,1502908,2789715,3073592,1020224,2314669,3795203,8451057
502893,990708,1497412,2763727,3071024,1009058,2426878,3706939,8072534
502819,991006,1512331,2815036,3088978,1020689,2243867,3751440,7596129
500286,959736,1493439,2767059,3087424,1014605,2086073,3623601,6991427
499116,968229,1503711,2778413,3097612,1019877,2056849,3593269,7634988
513551,988768,1516826,2787718,3076495,1014952,2187295,3521702,12182119
503654,972563,1497872,2792333,3082532,1018203,2091591,3501742,10695554
505415,983409,1503776,2771740,3068567,1014122,2100387,3581672,10089945
510830,957262,1497999,2768166,3075631,1024489,2176272,3499126,11725162
501841,1000096,1496986,2755471,3051834,1010040,2333359,3420188,12110380
498934,947395,1502692,2772316,3093051,1014860,2483577,3384265,9499267
510644,2108187,1505463,2775666,3056544,1020775,2119931,3386527,10288875
514594,1028470,1502349,2747962,3101171,1032092,2127101,3308525,9325494
496589,966507,1522042,2766956,3086562,999477,2266382,6154686,12478462
514681,980630,1491742,2798847,3078048,1014812,2303928,6056187,11180351
507022,987936,1502719,2737018,3091946,1006002,2204155,5470750,9795183
512418,985688,1490945,2778451,3088299,1027085,2100537,5140846,8607521
504245,981783,1522171,2774824,3046023,1013696,2096502,4829186,7786548
508667,947064,1506699,2768933,3092668,1012766,2429611,4119413,7807327
490536,973839,1521383,2757547,3100428,1026516,2286674,4070745,7586650
497306,987042,1495555,2810064,3111021,1021017,2416919,4206847,7206580
508825,1000436,1508438,2769966,3074924,1003406,2414171,4018418,12549498
497649,953418,1524369,2783705,3065120,1024819,2328963,4001849,10721267
500263,970982,1512666,2755832,3089229,1019852,2417275,3829477,9584544
506381,954988,1551014,2774776,3091312,1031827,2382539,3784859,8449812
502816,985479,1499194,2782963,3104182,1028765,2118267,3645027,8094843
493103,965049,1536195,2769316,3078495,1017270,2164656,3621745,7372357
512132,976215,1499271,2754918,3094044,1019223,2189938,3505080,7568290
506089,974906,1510840,2789977,3093131,1020033,2209680,3477820,12109743
500031,975952,1517588,2773527,3089699,1010296,2107264,3533908,10951050
505995,963174,1526851,2782458,3079910,1021729,2334772,3855062,9500650
508721,973837,1526116,2783204,3075562,1023076,2298507,3509288,12569036
499905,968504,1544452,2805889,3053053,1028735,2482541,3592121,12106635
505187,987779,1514362,2766214,3079152,1015401,2215000,3571214,10108183
506679,957739,1530446,2787300,3084924,1017973,2381281,3593166,9056924
496727,989252,1519716,2757412,3057305,1014536,2300637,3490939,11185612
509864,954979,1519995,2793980,3081986,1024503,2310037,5822985,9275700
507524,972528,1506404,2774082,3086720,1029180,2235167,5378077,11020970
494721,965591,1525514,2769345,3120979,1014352,2360352,4988489,12806311
497799,961326,1521566,2762375,3117390,1018018,2376083,4731592,12781247
501052,964913,1514899,2749084,3063635,1016280,2321978,4512705,12685600
505859,953206,1512306,2749910,3093419,1003723,2226646,4352338,10700497
506156,979632,1527958,2756234,3109181,1013710,2035008,4242184,9748712
501549,967120,1517275,2777973,3097137,996641,2066488,4069581,12561858
497000,970311,1536432,2759250,3074560,1026852,2058661,3919597,13159921
495428,952116,1520616,2785775,3084732,1006068,2139871,3818454,13318930
512493,998032,1548432,2756236,3093572,1019246,2128201,4450941,13555133
504708,951525,1550071,2765540,3073944,1033971,2162810,4327152,13132690
495579,933708,1521111,2770673,3061445,1039275,2147307,4135689,12911522
503598,958244,1509822,2764267,3083343,1013299,2632723,4036451,10185283
505070,944605,1509251,2756133,3088422,1019909,2463856,3808634,12273356
500505,965776,1496248,2745608,3088041,1011386,2440152,3845356,12779992
508907,931319,1515081,2787088,3092069,1029721,2361355,3534655,10572708
503836,946725,1510749,2769276,3081293,1012350,2303711,3607222,8559627
500651,965323,1499554,2772205,3095908,1027023,2365177,3641563,7270124
502493,982283,1502495,2776724,3087127,1034619,2322450,3544524,11983505
501545,947458,1509604,2798979,3096905,1023430,2285682,3651713,10953852
501719,987664,1504201,2754075,3098663,1011599,2288873,3550883,12357352
509667,963961,1516516,2764090,3070102,1023470,3161137,3666199,11271730
504095,938540,1491333,2753646,3419754,1007604,3033619,6841805,12863758
497582,932415,1500230,2785756,3199685,1023770,2840590,5202127,11962583
498051,956568,1506794,2763110,3135492,1008230,2680914,5045381,10690045
505331,970253,1508410,2779151,3141738,1030488,2567301,4307008,12221438
497855,957618,1503972,2770057,3118602,998395,2547335,4030539,12758998
494696,982656,1510339,2789513,3074846,1020614,2498000,3835699,10657147
512426,956059,1506536,2758634,3082971,1014709,2383981,4416072,13113047
498032,974063,1504419,2782992,3112888,1009466,2358502,4003053,9758182
494719,925011,1520359,2738332,3078909,1014759,2322416,4335841,15276303
507035,976303,1496355,2802544,3098784,1025997,2243536,3538875,10804704
506975,938884,1489971,2764176,3096124,1026305,2211389,4239755,9079754
495083,968882,1506356,2748955,3096816,1019495,2168763,3981487,9214593
503010,938056,1511419,2755978,3082756,1010777,2161154,3876463,9040558
502095,948170,1502531,2765884,3081249,1021382,2123711,3856750,9096363
503978,986095,1521343,2771935,3062266,1038442,2092459,3636544,8523245
504545,979840,1512228,2780513,3068398,1011981,2073007,3409590,8020621
510503,971710,1498531,2744913,3072294,1007803,2124275,3567687,9210839
500886,977694,1505433,2764022,3037094,1023536,2139804,3466786,8526690
516094,973682,1519138,2778516,3052433,1003623,2141798,3430931,8356686
506225,960139,1499502,2776434,3017932,1030217,2119343,3454158,8837304
510713,947238,1518998,2774367,3026527,1011851,2126897,3501074,12843842
503354,964303,1486105,2797009,3011919,1030605,2040646,3618984,10664217
506192,971412,1510128,2754845,3037696,1033338,2278449,3429184,9758132
500994,917681,1489696,2777372,3042466,1016900,2202331,5691686,8597172
503079,968878,1508049,2752840,3013537,1010166,2301670,4782702,12780262
508804,970946,1509213,2785568,3022024,1015976,2090939,4609654,12405340
497021,966621,1504565,2769032,3018396,1016508,2317630,4407768,11916557
498222,977495,1505412,2761886,3006409,1016013,2086708,4255962,12707792
505129,937751,1495970,2770339,3007679,1019590,2289719,4102583,10737347
501967,953104,1508917,2769961,3001079,1020973,2620715,4037925,9876320
501234,989194,1514807,2756307,3028118,1020364,2587475,4527445,9604744
528176,985705,1491195,2769071,3017674,1011653,2473739,4393224,12951496
503615,963341,1508646,2774325,3010006,1028140,2416571,4070663,11260178
500662,934736,1515863,2804237,3013954,1014927,2360313,3777809,9776307
502648,960269,1518367,2835766,2999557,1016678,2482699,3799801,9109577
506009,970210,1492954,2762490,3031279,1016285,2395457,3782339,8326328
495582,984468,1511211,2757280,3000349,1015260,2341964,3706909,7849702
509417,982023,1499687,2775780,3003425,1016308,2448996,3661464,7510160
499738,953657,1513950,2752074,2993829,1014052,2280774,3684736,7279966
501041,960302,1531248,2782472,2995076,1014412,2442538,3523588,12350965
507542,942975,1533368,2793689,3014659,1016004,2273941,3491159,8689548
509776,958185,1519825,2763947,3008748,1024183,2509000,3549213,8464860
492392,960695,1507563,2781514,3013426,1071407,2432171,3528775,7826655
504906,1006375,1517454,2798886,3037948,1025189,2543260,3707208,7620490
507802,977196,1509889,2760553,3027135,1015794,2475334,3562568,7244751
491057,959504,1534226,2794857,3055668,1022356,2286287,3478194,7409364
503562,949288,1526416,2764730,3016277,1033019,2265951,5644829,6696059
501051,985115,1527159,2791151,3024248,1025119,2422020,4679797,12735395
499577,954481,1514717,2740392,3032333,1021975,2562316,4482087,9298709
499900,965595,1533725,2798092,3000827,1032379,2273598,4171233,7867329
500104,923857,1519412,2750240,3049384,1018165,2411813,4173669,12138283
509781,950260,1547106,2792236,3012832,1027034,2308519,4088747,12774592
509863,923286,1536577,2769585,3036888,1013616,2441937,3882648,12927206
507504,955649,1520599,2799122,3004731,1012513,2241456,3928747,12707699
509577,958571,1555023,2778253,3010429,1013150,2408447,3808634,12920454
511398,960335,1555634,2779666,3009596,1021071,2236842,3815123,9900250
506581,946497,1589137,2750383,3028044,1024222,2280924,3794298,12210800
498663,975593,1515274,2792503,3023460,1020997,2196465,3672707,10282821
494846,957274,1516181,2735414,3008435,1006127,2585822,3570827,9147559
511777,962949,1509701,2749553,3010884,1021781,2357685,3501767,8653186
503915,980023,1513504,2771426,3002245,1022667,2479723,3566529,7916393
494308,930908,1514991,2768494,3004045,1001482,2364985,3538981,7326021
497229,966501,1493332,2778164,3019594,1016144,2549520,3516185,12798080
505478,950736,1511053,2796244,3035616,1026823,2444744,3641247,10729452
500702,972777,1513784,2760621,3021229,1005588,2391139,3549430,9274762
499544,947074,1498363,2782866,3022846,1021569,2385227,3674739,8190200
498732,966951,1490267,2764418,3020501,1016081,2327319,3507383,8206058
493803,992362,1489917,2760329,3013530,1017887,2358798,3566979,7489147
500602,972158,1499140,2755680,3027970,1024925,2366249,3522687,7343061
492912,951362,1495523,2779769,3018339,1016898,2394410,5780642,7036647
499723,970760,1533342,2786751,2977094,1017724,2385491,4579278,12590615
498891,957736,1521124,2751275,3076792,1019012,2435334,4413841,10705237
500127,943841,1499501,2782344,3017739,1020044,2235392,4463930,9429362
495782,991866,1504262,2761859,3031483,1028106,2235939,4251966,8434701
497639,952196,1514938,2750106,3037820,1036962,2118797,4081455,7322626
513758,965699,1503597,2766962,3015202,1019765,2043825,3917565,7671786
509337,942844,1509247,2775125,3021763,1021390,2057879,3757979,6589071
