SHIR FPGA b16,SHIR FPGA b32,SHIR FPGA b64,SHIR FPGA b128,SHIR FPGA b256,SHIR FPGA b512,SHIR FPGA b2048,SHIR FPGA b4096
588824,687149,881455,1300662,2084911,3564504,13631916,25804082
577375,682037,876575,1300146,2061098,3535250,13211620,25783818
584108,680386,868984,1295266,2083347,4801554,13230132,26838617
576811,689484,875071,1291254,2060546,3613156,13211469,25648244
574847,676616,870306,1289187,2069398,3644789,13170226,25610453
572573,682004,870167,1295865,2064389,3556037,13219769,25763389
578003,680161,871152,1299556,2063476,3550562,13216612,25785497
638627,675738,874459,1305299,2072711,3568883,13223463,25603503
653897,678216,879175,1289507,2065619,3566092,13183791,25659259
580959,674976,870494,1289309,2089102,3563455,13309105,25697763
592457,674637,876529,1289297,2069376,3543584,13368661,26732448
583194,674876,882633,1291371,2062115,3551424,13150610,27072653
586590,675678,870891,1294624,2067060,3561655,13159654,25783407
585029,682373,871655,1291224,2075488,3549685,13114841,25689894
590712,683247,868011,1292621,2083673,3560339,13178925,25688230
584763,680244,877184,1292177,2059592,3554426,13209816,25641822
579888,676692,868332,1294222,2067345,3552682,13213577,25600627
580549,676521,869537,1292290,2066458,3559365,13174597,26115973
582490,680633,870955,1291863,2066374,3549516,13174642,26099843
581732,678534,871820,1292129,2069242,3553874,13201609,26015725
579224,678507,870521,1293289,2067623,3560143,13152044,25985816
581742,676846,871776,1295625,2089892,3553066,13188076,25843264
583122,679881,872118,1295820,2077185,3554493,13160249,25779737
584098,681807,869225,1292290,2091731,3585699,13189997,25928264
580340,678567,875441,1290715,2067918,3551628,13203486,25918446
578721,681727,873094,1292643,2071028,3563083,13186010,25683571
581132,681136,876753,1286391,2059237,3566963,13168643,25890915
575994,676556,867947,1284669,2062048,3576793,13350108,25849769
577426,674333,871219,1304797,2067729,3542978,13136843,25777599
576576,679673,870055,1291928,2066772,3565894,13236582,26155467
580924,676284,873087,1289567,2064245,3553611,13187602,26233038
575626,681953,874442,1292742,2066318,3558853,13198295,25884628
580195,672213,868211,1295770,2082215,3551560,13344304,27006649
584492,675008,872580,1286579,2075522,3550039,13247417,25734433
578968,676549,872114,1293250,2066551,3547548,13213156,25688813
580419,682980,886211,1286919,2074795,3569525,13231538,25845162
577896,686674,868528,1295114,2075500,3552466,13234779,25735105
586651,673323,868078,1304774,2074425,3565494,13289613,25660409
579432,672448,875885,1300977,2073019,3568723,13271560,25560954
578129,679674,870390,1305683,2080527,3554956,13249712,25624092
572773,676927,869481,1300062,2064338,3550703,13249748,26056744
573363,678341,867279,1293595,2068250,3552525,13204534,25777294
576599,672652,873333,1298124,2080584,3553728,13484765,25730911
571276,677395,873689,1296195,2061221,3572880,13207552,25854784
577991,672285,869079,1292886,2074608,3572861,13162767,26774215
575996,676697,869674,1300047,2062676,3570418,13180576,25632459
576053,683137,868840,1290514,2066155,3566897,13197663,25710023
575201,676580,889187,1310953,2063403,3557009,13234935,26921947
580810,677065,868938,1288099,2071145,3551679,13196225,25701020
580544,675063,878944,1284704,2087284,3555036,13219643,25677326
575865,674022,870059,1303061,2060657,3553779,13354880,25614379
577774,681073,869622,1294439,2079851,3554804,15487877,25569540
584568,678595,869694,1290922,2067500,3549202,13195446,25910111
582428,676285,875804,1281865,2068923,3549990,13194157,25830428
571627,675139,864431,1286254,2067866,3568349,13177412,25600152
572091,676474,867922,1292285,2068351,3558314,13221532,25613180
571617,675866,871232,1290727,2084803,3569277,13181170,25589063
571625,683962,875904,1287885,2065541,3565337,13180927,25540455
570429,674090,876919,1291179,2069722,3565829,13297366,25716703
587977,673570,887568,1290586,2065221,3563071,13236448,25737531
592261,675405,870225,1293354,2067122,3554166,13214013,25653820
591422,679315,871699,1289124,2061791,3544114,13156909,25577216
587625,675539,871310,1288359,2063298,3568563,13583928,25537773
586845,678860,870313,1291448,2085605,3554896,13266642,25566615
593572,678010,868350,1288866,2080725,3561692,13226190,26130043
590474,674808,878640,1288182,2063282,3555643,13208908,26502548
587754,671884,869041,1288357,2064012,3546617,13230211,25680894
587018,685176,880769,1286260,2062024,3548918,13201055,25621442
594019,679283,869561,1290693,2066449,3552190,13221159,25564895
586923,679975,869330,1293407,2061188,3547905,13187038,25572966
585791,679052,870668,1290269,2076387,3546948,13217480,25718377
586870,675740,871241,1285827,2062927,3555458,13212448,25755178
594715,677458,872007,1286571,2073445,3551851,13157396,25701681
585506,677246,868960,1297936,2060051,3566512,13174552,25608622
592779,672774,872458,1289278,2083069,3547633,13207239,25665646
580351,675490,869860,1288124,2064820,3561710,13210687,25588930
589867,676964,870538,1290081,2067840,3545015,13203072,25970047
583159,676805,869514,1292919,2071780,3551388,13196489,25674872
593639,682998,870831,1285012,2068329,3552489,13478468,26727157
581017,675467,866550,1287849,2070218,3556519,13210263,25616333
593958,673854,877022,1292044,2060341,3547344,13293859,25595955
583562,679144,866870,1286931,2065604,3549253,13227874,25846393
582387,672044,866761,1289825,2065331,3555908,13192995,25771035
579653,680844,869023,1293508,2064305,3562862,13186336,25651723
590169,677079,873937,1291633,2080258,3548873,13200683,25704626
580253,674243,879289,1289708,2065141,3545646,13159773,25618551
585419,674446,866926,1294142,2074631,3551380,13160533,25557480
580976,672715,871041,1289065,2069239,3555158,13187521,25839660
582511,683438,875917,1290186,2062280,3548004,13201493,26879296
584418,682069,874008,1301267,2058688,3546315,13149094,25659797
581686,679587,869229,1286757,2067354,3547632,13146142,25574076
580236,675592,868489,1290716,2075445,3542682,13150156,25551352
585302,672939,869858,1286659,2064619,3557210,13176522,25576052
578206,673726,868162,1293327,2087715,3546652,13133917,25987125
584109,675802,869052,1287849,2069659,3553332,13244370,25744771
583138,673642,868051,1292935,2062219,3866780,13369889,25687126
581582,675267,874809,1306926,2062486,3584397,13246832,25600700
583281,678825,876133,1294041,2065443,3558424,13171378,25522595
583119,674399,872905,1296701,2072704,3564474,13169285,25559513
577500,684529,866658,1294701,2060501,3560852,13156035,25874590
573515,674830,872934,1299661,2062112,3565160,13176628,25726882
568590,677051,871494,1290348,2063276,3561270,13137170,25705799
569049,674309,870585,1295579,2067815,3557668,13152523,25598552
563431,676665,867176,1297134,2063187,3550632,13151642,25540306
571388,674055,868669,1296491,2067591,3569658,13205958,25533983
563378,681665,871344,1293530,2066718,3554220,13150446,25986857
566403,675324,871641,1291447,2068016,3557469,13162582,26882449
566765,679045,867450,1292836,2064542,3553713,13133582,25712014
562943,677339,871295,1293916,2065521,3564230,13175147,25740750
569799,681554,870705,1291132,2065572,3561164,13174788,26764712
563294,684741,868719,1286948,2065858,3561009,13431326,25580970
566498,676569,869855,1289219,2062467,3549701,13307699,25921042
565212,673399,864914,1289914,2073708,3566647,13230118,26897303
568074,675330,883605,1294084,2066332,3548390,13255458,25648552
575992,677685,870523,1282463,2085716,3559061,13206425,25692522
562788,679144,875077,1290999,2061993,3558187,13235495,25567072
564612,673510,867070,1291465,2064404,3559763,13185641,25585405
563495,675151,867101,1284982,2063498,3560165,13242025,25796184
563503,675020,882685,1300493,2067601,3570537,13177918,25803553
565353,684176,874505,1292032,2070332,3561352,13124654,25637085
562974,686384,871358,1283273,2067937,3554704,13159664,25623308
572558,674318,870309,1289062,2066861,3550817,13235421,25584681
566808,677589,866504,1287751,2068689,3553909,13199601,25877087
566277,675879,880108,1291789,2064460,3542110,13227929,25696614
569231,680301,868130,1285989,2078920,3550920,13156380,25643067
567788,675064,871874,1288189,2062010,3548474,13186376,25579948
565974,683614,868922,1298605,2093406,3570971,13168483,25547648
566015,678723,876856,1293967,2066851,3544758,13155781,25475747
575382,672609,871230,1285092,2074604,3547568,13195762,25772279
565777,677001,870811,1287907,2062130,3554562,13176106,26947256
564378,682138,879633,1291240,2068777,3542552,13374058,25746163
566160,681328,870844,1293083,2066783,3553978,13198124,25721466
566409,675504,864322,1289850,2064030,3560421,13136874,25577179
576990,673666,866535,1287006,2079649,3565775,13173764,25609622
564311,674499,867159,1302317,2064368,3550550,13189951,25810679
572199,674874,877126,1284137,2065036,3546117,13236947,25755659
565309,673683,870470,1291716,2079951,3546241,13193337,25624772
564416,677144,865900,1296200,2065866,3546696,13213885,25593167
563712,676156,868706,1286718,2066277,3564120,13255467,25529607
569501,673464,869212,1295094,2064883,3543226,13242792,25516653
581024,678340,868739,1294454,2421889,3546437,13321175,26026296
579414,700111,872324,1287784,2093255,3552270,13278452,25786457
574553,677049,876289,1281749,2081101,3561299,13233209,25641783
562148,672917,868130,1291211,2081774,3566470,13207533,25610770
565166,669858,871419,1289187,2077294,3569600,13192552,25589247
567478,681905,870934,1297917,2086211,3548482,13161221,25509801
569228,676619,876210,1288228,2077197,3565062,13424792,25837820
573353,676966,871175,1290429,2091833,3545726,13262799,25754660
567473,676432,868675,1288284,2070616,3548064,13259628,25654718
570523,675303,873766,1292069,2083589,3551097,13206769,25643122
565976,673452,873964,1292810,2079477,3551831,13202138,25570569
562320,675165,878240,1287263,2068618,3547873,13343058,25549593
572091,687125,873214,1287451,2074411,3565466,13279922,25905566
563972,684318,872240,1288805,2075097,3557924,13274728,25876818
572668,678996,874872,1290656,2079238,3544746,13195506,25648155
566868,676421,872734,1290638,2081484,3568337,13206448,25761918
567547,674823,867788,1289437,2072851,3574367,13259517,25662183
564880,678118,871385,1291547,2068018,3541507,13317228,25561779
564374,674564,874348,1301644,2081752,3547682,13236414,25920513
578266,674650,867674,1294747,2073988,3558044,13242105,25739404
566029,677487,869994,1297532,2084313,3541853,13287030,25688602
564991,677467,866544,1297343,2075917,3547754,13243985,25562614
565465,675861,876299,1289600,2070185,3558372,13305558,25546796
560853,679579,872663,1307947,2069280,3561105,13455851,25837477
564990,678257,869675,1290725,2065087,3546845,13316333,25674880
562908,674461,870008,1293368,2068295,3544657,13291938,25692837
576293,674140,869004,1298793,2064927,3543312,13271189,25646993
563636,673627,867413,1297729,2068139,3545834,13231083,25576021
566806,677533,872721,1295052,2063399,3551322,13244471,25556543
568118,682601,864031,1289024,2068218,3544321,13221730,25785133
568353,674199,868059,1283287,2066571,3551074,13241721,27006849
566757,674626,870235,1293177,2063649,3548651,13238113,25689726
565718,675114,867343,1293236,2079477,3544799,13210817,25737101
573908,681079,869247,1288187,2069082,3548160,13205310,25738087
567577,677809,864781,1296934,2076333,3556888,13208687,25647410
568495,675093,870659,1302449,2063581,3553239,13242845,25861590
562719,675897,867568,1285565,2065913,3548424,13208956,25819894
563654,674881,878245,1286774,2063796,3566567,13235457,25749431
565548,671718,870434,1287654,2066225,3543208,13460336,25659290
567463,678473,871893,1290395,2066804,3549557,13340014,25590334
577271,678273,874213,1287375,2063643,3579915,13306624,25580905
569328,674827,875632,1285238,2059943,3547962,13235820,25975431
568422,680375,878132,1285825,2061750,3553092,13224337,25772509
569947,675898,874583,1285858,2064904,3555465,13265297,25663016
568194,684164,871137,1286416,2065519,3561405,13249088,25659218
568304,683502,874809,1290051,2063736,3555344,13245937,25555824
586200,671522,874402,1288235,2073084,3576416,13253962,25567546
586404,675765,870376,1290847,2062245,3547974,13214908,25805088
567005,674042,870154,1282641,2066339,3573679,13239354,26964178
566802,673571,872299,1291812,2063311,3549378,13251045,25810172
572365,683213,872932,1290528,2065738,3549448,13241531,25687020
581028,677547,868924,1286337,2064279,3551152,13229831,25632520
566185,674035,866890,1282501,2066534,3551780,13221485,25670045
566242,678928,877483,1284802,2072429,3555492,13256786,27097516
574991,675214,869323,1288028,2068420,3544080,13223411,25697440
567873,681484,870419,1289024,2061522,3561872,13218852,25656585
568258,676339,870200,1295744,2065517,3551763,13226978,25608680
568333,677860,870421,1285511,2068426,3548789,13190736,25631624
567293,673621,867464,1290711,2069028,3550257,13436784,25607851
569212,676064,869038,1287059,2065827,3548409,13313951,25723007
566653,676942,868178,1284757,2072785,3562722,13238726,26913709
574827,681544,874479,1307549,2078880,3561436,13212579,25809230
568405,671413,870065,1304550,2080976,3554058,13179421,25661179
565481,673584,871129,1299606,2061997,3543515,13189596,25676157
568838,674776,873998,1290032,2067984,3572087,13160638,25806358
569716,684553,869273,1295815,2069069,3550021,13155996,25832957
566514,679694,874312,1291528,2063870,3568207,13183538,25708932
562619,680475,872595,1290706,2069057,3549740,13290086,25626953
575042,674278,875830,1287637,2065875,3570715,13203943,25643667
565065,677795,880527,1289380,2060597,3565708,13246350,26655598
569924,677356,870412,1287620,2070750,3556657,13199256,25944315
564112,682153,872121,1289393,2066072,3549956,13282426,25743212
570075,675669,874563,1288302,2061292,3544228,13224142,25505721
564166,674793,869816,1287087,2063090,3548834,13224110,25658363
566323,681567,871832,1751535,2069717,3566010,13534635,26677182
575284,672729,866063,1349004,2062682,3548932,13518168,25567490
566780,683346,880902,1291006,2064500,3546892,13319924,25986988
566878,674424,867970,1287430,2059619,3547303,13293428,25782754
567708,677097,867560,1291232,2068962,3550164,13251743,25749636
565406,677515,872356,1291780,2063052,3551699,13207132,26650615
565398,673785,878932,1294939,2060536,3543937,13213672,25617158
568354,676721,867288,1285524,2063940,3549855,13167664,25580959
575174,681302,867788,1284164,2061628,3547694,13192564,26070232
565214,675886,869508,1289718,2063659,3563372,13159962,25841692
565736,675769,877691,1284015,2060147,3551178,13199401,26872417
566276,672504,876529,1285660,2064500,3550194,13163860,25618025
573149,685525,868294,1289259,2078834,3550892,13187357,25665314
570385,675873,871142,1294279,2066504,3546461,13158399,25501680
570989,674387,867589,1288841,2073879,3555595,13238134,25921656
569760,673913,865239,1288502,2065531,3555488,13196814,27145603
569766,674956,870001,1285980,2059604,3549162,13186634,25967912
567990,678181,870441,1283624,2060622,3544332,13508739,25860133
566355,677038,867357,1290741,2059814,3549629,13238576,25763851
564147,677133,872912,1288668,2077544,3546180,13238699,25792532
574305,675931,868048,1289512,2068010,3548842,13186330,27158846
562519,675966,872041,1288179,2068899,3554925,13201027,25823169
564907,674647,866403,1288609,2069232,3561029,13181172,26039369
565721,682753,868964,1285589,2070840,3563250,13223861,25965226
568128,697088,870560,1289191,2079418,3542539,13176928,25800031
567022,678993,874794,1288952,2064644,3553898,13202932,25791497
565159,674848,875544,1290213,2062478,3548632,13169251,25967305
573203,678970,870006,1291008,2062938,3556299,13240850,26984459
568315,693503,872233,1291292,2071570,3557257,13171566,25767646
570806,677385,876138,1286754,2061931,3548667,13220324,25832731
565154,674849,875221,1286974,2070342,3550375,13193588,27080699
565765,681499,872696,1285023,2067700,3551619,13191004,36878755
575085,675606,873745,1285432,2064450,3547783,13349259,25818046
567707,677882,875096,1285177,2077372,3547371,13182230,25670584
565278,683832,869195,1287011,2063282,3557333,13201744,25658051
562669,679387,864262,1287128,2065743,3545645,13120411,27100885
567304,679117,870730,1300360,2065825,3547654,13204750,25813368
567092,673784,875751,1301603,2069449,3547938,13187139,26112471
564761,672867,869788,1313887,2063240,3545732,13182416,25809363
571968,674938,869792,1296958,2069489,3546204,13182141,25769669
563173,678381,869026,1294952,2082914,3558318,13170152,27086172
562277,674469,876281,1294832,2066806,3548967,13168938,25899440
563964,678477,870252,1292110,2067967,3547160,13157251,25868477
563611,680485,869686,1295194,2060930,3549456,13157009,25962542
562348,675887,868718,1286843,2065383,3553853,13149116,26921838
564351,685804,871967,1290785,2062268,3551530,13171502,25698514
576333,674924,868001,1293713,2065681,3561185,13178010,25628275
567989,673714,870325,1283640,2085026,3572600,13167306,25586137
567407,675183,868774,1287666,2067761,3545517,13175870,25645144
567242,675661,868087,1290707,2087082,3550106,13153095,27178575
562982,677015,869165,1292047,2063941,3554897,13161916,25782719
573241,681343,870232,2588918,2064313,3544118,13150442,25998881
567501,672715,872609,1319854,2069585,3555678,13372033,25852162
574635,674255,871625,1290898,2065330,3557376,13167170,25823701
562310,678107,874306,1296935,2064034,3549352,13246380,27010776
562961,685072,867277,1294193,2065350,3552846,13180855,25962569
568153,685909,876157,1307347,2070883,3558851,13175024,25841066
568917,678890,866827,1297494,2065718,3551381,13201578,25633731
571116,673467,868837,1294733,2085271,3550079,13173966,25681048
566609,677716,869722,1287149,2065788,3572222,13191358,26869991
576936,672814,879157,1286430,2066520,3545402,13158738,25741285
570283,677791,876910,1290542,2065316,3552543,13165968,26602644
568321,674760,881682,1288739,2060627,3551264,13174681,25792382
565426,676667,865984,1296571,2086721,3547142,13138984,25793904
567498,680135,875538,1288923,2069139,3566203,13169109,26989061
571627,676567,872837,1294821,2060995,3579671,13140359,25695611
566293,682357,871022,1310968,2064655,3543247,13146080,25859471
567561,681012,871122,1285772,2067069,3548526,13205153,25878158
567256,681068,876245,1291635,2063600,3547179,13380936,27039395
568293,676764,868575,1286442,2068085,3565143,13167443,25742910
571894,677347,867411,1284442,2079532,3552131,13135614,25803875
567355,677610,873027,1288213,2067751,3547749,13131710,26878972
566730,677181,874250,1293621,2065160,3553163,13112843,25831210
569125,673746,874262,1292110,2078450,3548509,13257812,25836188
566390,674772,866315,1288577,2069636,3563954,13153975,25633230
566656,676323,871033,1286230,2065168,3544580,13172417,25645643
566931,678760,873123,1291903,2069233,3548879,13173661,25598776
576318,682260,868449,1293548,2077850,3551589,13140220,25561337
564015,678987,871398,1306914,2060376,3542285,13170097,25832622
562747,675786,874705,1293940,2071652,3554823,13162232,25812185
569642,677481,873336,1302262,2065847,3548276,13156906,25664734
567997,678097,871061,1318985,2062937,3554911,13194266,25658876
566549,676722,868606,1300798,2064250,3546235,13200026,25626718
564755,686664,882716,1295391,2063332,3552076,13159510,25762718
570960,674428,879662,1293008,2076393,3552454,13186474,25901380
563777,672932,872034,1296053,2061555,3546254,13418665,25840996
566072,678561,869837,1292449,2063032,3551557,13168179,25654702
567972,680322,872577,1283529,2064791,3548632,13198729,25624703
568725,678930,881242,1307114,2074715,3547285,13188610,25564233
566911,675841,873291,1288206,2068711,3552772,13190769,25588427
565552,671693,868207,1295441,2064614,3561531,13261301,25795276
572834,676236,878004,1296426,2077565,3565942,13218001,25737417
567753,673475,869984,1296289,2065321,3548166,13232656,25700034
563501,678255,869190,1297714,2071447,3547260,13202778,25588939
564692,680606,869008,1288813,2063665,3547469,13210028,25648855
564616,680026,880822,1298844,2066753,3549517,13243122,25564462
570271,677107,868530,1286708,2064695,3557178,13147876,25867178
565994,678909,865575,1286713,2062648,3545538,13202077,25795663
573667,681055,868833,1286209,2076717,3565235,13232681,25709527
567050,681755,866275,1293836,2063639,3549257,13155181,25735150
563536,681814,870090,2393015,2076558,3563422,13521598,25593115
566433,675996,869402,1713658,2070456,3565838,13291340,25620846
567153,673466,868428,1350813,2064772,3553461,13237123,25913332
566200,675805,870386,1308870,2065062,3547060,13218251,25695137
565995,678071,871880,1321151,2072687,3553027,13215434,25647003
566289,675179,870317,1306146,2080488,3543541,13475805,25600772
566433,675823,870633,1325391,2066682,3549178,13343129,25545696
568856,674848,867889,1334310,2069951,3566590,13300707,25553520
572706,685330,874284,1302422,2063965,3551222,13241321,25787940
568612,689190,871741,1329308,2055356,3550350,13251200,25830761
566753,675643,869144,1298700,2063294,3548108,13192380,25783568
563680,676279,872886,1308251,2061649,3549899,13244436,25690880
566125,673496,866542,1309097,2093051,3553565,13214883,25673826
568757,679429,873437,1299607,2063973,3545142,13202448,26009366
568226,678614,875764,1306847,2067891,3552769,13157784,25912485
574106,682903,877548,1304939,2060783,3553453,13188826,25800507
570167,674278,872124,1314490,2064824,3547822,13195112,25677616
566515,675666,868273,1308857,2068321,3550839,13208664,25607250
564122,678056,873172,1309476,2063325,3547839,13192552,25553083
570021,681209,871431,1300951,2077370,3547811,13205175,25865222
565906,684216,869465,1304657,2071623,3549986,13631543,25773117
563346,673980,875224,1301794,2062237,3556797,13411726,25890097
576146,673980,874163,1302550,2064850,3540561,13227404,25710510
563031,677128,869801,1311275,2061188,3554155,13252807,25781633
568068,676422,868351,1303841,2068151,3547205,13249217,27074328
568240,674710,870352,1298265,2062817,3565914,13189123,26025422
564264,681872,876992,1298995,2077114,3544123,13214672,26002262
571991,670618,871562,1302686,2082555,3568689,13199750,25820121
565765,680713,868170,1295108,2088359,3566144,13211945,25656684
568399,671790,869913,1297226,2061193,3543246,13180879,25630968
565328,681286,868942,1295792,2069898,3564543,13190157,25658372
562538,685420,869237,1317061,2068411,3548262,13202467,26008413
564638,678886,869997,1300289,2074140,3550962,13251177,26011557
561585,674857,867896,1295618,2088208,3556108,13180094,25980428
578477,674700,871205,1298236,2061510,3574215,13201885,27230729
567656,672206,871210,1297208,2068271,3561936,13133978,25831215
569319,702481,874675,1307286,2073764,3548733,13568199,25774307
564793,679054,869007,1299105,2071932,3556959,14307686,26875867
565773,676785,867266,1292536,2071609,3557587,13141527,25750549
566665,679925,867265,1294774,2060346,3569914,13179964,25768731
566390,676134,872190,1296671,2063798,3559210,13163394,27102595
562965,682529,875364,1301755,2063008,3547401,13152158,25827375
567442,677447,864103,1291202,2073718,3550049,13157606,25817429
566154,671322,869624,1296132,2066785,3558355,13165520,25981108
565502,676244,868261,1297133,2064938,3541756,13186409,25770331
563528,676688,874289,1296590,2066218,3557655,13177190,25759728
573678,675090,876157,1301726,2063644,3554492,13188447,25668512
563501,681581,866386,1302137,2062722,3563940,13168932,25572994
563972,679162,868207,1309542,2060879,3552348,13219348,25641840
568296,679153,893406,1304605,2071871,3546546,13166246,25818246
566443,671887,869303,1298594,2069196,3548791,13177990,26292970
566156,681139,882733,1297512,2064746,3557772,13175616,25622199
565874,678590,867989,1300239,2063977,3554459,13196541,25610200
572906,677791,881476,1290918,2060252,3563265,13346248,25542498
567400,675034,866020,1301600,2061641,3567009,13157186,25851190
566113,678795,870142,1293352,2061804,3546554,13139426,25782203
570433,675754,870818,1294977,2074386,3562515,13112117,25657633
567932,682839,869290,1292321,2059895,3573667,13120260,25775115
565021,680104,875646,1297249,2067261,3555870,13284807,25617440
569764,671584,868817,1296969,2067039,3546976,13179895,25591912
576796,677543,867342,1295365,2063205,3547631,13208386,25750694
564649,678368,871492,1304401,2072529,3545702,13499415,26893967
564641,684082,868624,1305032,2065054,3544661,13368691,25646676
563505,675714,870415,1291662,2066406,3549930,13290940,25673228
571233,675347,890645,1290630,2065797,3547777,13231588,25570265
571079,674470,873791,1295086,2063498,3543739,13254711,25577354
567432,677736,870006,1309699,2073062,3549564,13252272,25738093
575929,676845,870744,1299608,2064569,3565828,13180541,25734845
568792,678472,877464,1294023,2073303,3549384,13360057,25700211
567399,674582,876073,1291785,2077469,3553686,13211691,25587381
566596,675007,871843,1294758,2071188,3557239,13309509,25496000
567873,677486,867227,1289278,2064675,3560668,13232515,25453202
574962,677880,873525,1291309,2063047,3551190,13288747,25859134
565816,682641,869617,1285829,2065989,3556299,13183085,25729301
572221,675496,871198,1291290,2067337,3542891,13161783,25590146
568879,677412,868463,1292333,2068585,3554359,13142871,25695167
568640,678984,874708,1300814,2066085,3554962,13214260,26764909
568158,677765,870340,1292436,2071583,3561998,13188702,25743133
571065,673681,867382,1290662,2062630,3552302,13154447,25871409
570475,679508,870207,1289857,2060042,3565706,13172929,25796415
560167,678978,878955,1296850,2062840,3544330,13146388,25731218
562329,679695,865807,1294223,2065291,3566046,13175059,25570018
566796,674430,869083,1289948,2078944,3557021,13159750,25641176
562107,683088,874598,1289634,2068329,3543634,13166018,26622024
581171,684806,865990,1290762,2067737,3546566,13249147,25748937
569625,674584,871556,1291411,2062429,3548966,13173864,25768963
567392,674757,871426,1289064,2072154,3551238,13182938,25617004
565373,678401,870146,1292493,2063406,3563674,13256448,25725379
566809,671957,869382,1299111,2065515,3552967,13379424,25522365
565124,676904,867374,1295521,2075562,3552824,13163391,25672737
565373,682180,871542,1290372,2081844,3551119,13254196,25831912
578313,674971,880345,1289151,2075381,3546141,13235195,26912423
567118,675144,865092,1292368,2082059,3542582,13208897,25701590
567711,680076,868034,1302327,2066868,3546029,13204093,25643438
571809,685720,872924,1291449,2061102,3705477,13215577,25583215
569489,680276,876462,1288290,2066330,3632418,13216003,26057220
569600,675902,870885,1287317,2067463,3548374,13264403,26117341
565703,676557,869052,1291115,2067806,3548031,13251103,25908691
576294,676457,873440,1298203,2070118,3546857,13227994,25797715
567445,675394,875753,1289056,2062370,3551322,13204863,25827864
567402,678297,869585,1291525,2065938,3547507,13198349,25742857
567864,674929,868908,1287552,2066683,3543382,13187813,25941302
565340,678069,867729,1286001,2061729,3551756,13224220,27061110
568092,677956,877349,1298294,2067084,3563533,13228987,25781432
566236,673210,873657,1293399,2065999,3555583,13515823,25763609
575518,684323,867256,1288250,2071754,3550414,13332381,25638491
566666,676644,871489,1290368,2060819,3547974,13240674,25613082
568274,676022,878703,1290333,2058975,3552233,13230002,25793629
564148,676541,869670,1287784,2066220,3568156,13202967,25777163
562045,674133,869743,1288485,2078179,3565130,13195189,25634707
566414,676071,870016,1298256,2076917,3555332,13186167,25656168
565072,681994,867430,1299373,2064669,3555393,13185733,25605575
577385,674000,871558,1292116,2073075,3550230,13200019,25502223
570260,674255,871528,1290186,2062101,3547450,13177973,26019668
562806,674610,876204,1286100,2063767,3553732,13220998,26107554
564467,680935,870092,1303570,2062033,3551236,13182938,25897496
565896,679353,870758,1289444,2064099,3567550,13218492,25710766
570839,673730,866274,1304233,2084324,4453526,13240713,25626459
567585,677579,876688,1292769,2063842,3731035,13165688,25565980
570100,674720,880713,1291908,2089751,3559854,13196128,25812833
568570,674441,871605,1291840,2080250,3556173,13219067,27044047
566890,675733,872362,1286922,2062227,3552276,13386930,25715880
566339,672425,874374,1292158,2064770,3547971,13189851,25760734
565743,677049,873417,1293681,2062778,3573303,13203369,26813053
572026,678170,867033,1290843,2078308,3551052,13182576,25636580
564980,675326,868564,1293763,2065798,3551330,13227376,25870424
564383,686410,874869,1295005,2077161,3566427,13217204,25758838
564609,678109,873450,1292305,2066463,3557191,13159492,25648820
563708,676003,873821,1286183,2064601,3571121,13176828,25588266
576419,677681,868831,1300365,2062167,3550296,13215306,25650904
568860,680873,875068,1291033,2062104,3560868,13221467,25594440
567745,677415,870444,1293722,2076444,3559707,13225109,25920302
568059,673653,864474,1292380,2066259,3548981,13197090,25708751
565834,673854,866431,1292360,2076286,3569049,13210193,25687362
563861,679826,870715,1288121,2059913,3542635,13191001,26753976
564297,676253,867179,1296801,2059564,3545832,13205820,25564937
572749,674290,871766,1296427,2062264,3548071,13369483,25745148
566575,683049,869466,1293786,2063773,3565427,13207376,26893420
567775,675507,865390,1287735,2071944,3565970,13301761,25673851
567082,675931,869566,1288703,2063605,3558667,13216669,25719236
567937,676706,869537,1288407,2076370,3678975,13181038,26663646
565224,673036,865574,1301145,2074126,3715989,13181658,25622961
567255,676425,866078,1291084,2064355,3556624,13190531,25767466
571816,682305,871979,1291254,2068995,3557475,13178893,26800414
565322,676029,868368,1303548,2066663,3563451,13169428,25639034
564574,672694,872567,1288784,2068871,3553545,13167331,25751455
565215,677665,871859,1293100,2064816,3559777,13133875,25572629
567723,683150,868950,1290996,2067454,3573599,13176301,25681007
575577,679766,869832,1298718,2068735,3565308,13185724,27313109
569115,682517,877936,1289745,2061182,3563021,13163844,26002414
573575,679905,877674,1290032,2065471,3556313,13155740,25830387
568212,681909,868969,1295152,2068890,3572284,13160444,26971433
567018,673527,865046,1289355,2071656,3555143,13185618,25994648
568211,674310,888190,1289630,2077460,3572596,13194447,26064022
569797,674735,870043,1293523,2071278,3565598,13180753,27478632
574973,679229,868953,1297981,2067857,3552020,13221577,26139288
565297,678803,868980,1289303,2067025,3562059,13428950,25915385
566170,674575,873908,1290116,2069094,3545791,13295304,27024774
572639,684230,872118,1295412,2065387,3555004,13226082,25708856
564963,684308,869295,1288538,2066870,3569868,13216268,25773674
566891,677045,869449,1292961,2066784,3550909,13236403,26826610
573751,676684,870179,1292149,2071118,3548884,13186764,25715772
578429,677030,874426,1294039,2064778,3570874,13177117,25722061
571278,677611,869140,1306477,2060944,3582734,13171934,26850678
569676,675932,867114,1293053,2061843,3562505,13216156,25684035
569072,675505,866105,1296490,2065554,3568841,13164845,25739256
568996,672550,870396,1298318,2065897,3553420,13182555,27100666
567963,673801,872085,1286198,2056514,3573606,13161925,25807066
568571,687222,869891,1295622,2070347,3555793,13181423,25712744
574274,687240,870051,1288601,2064343,3555135,13186198,26832921
568012,675926,864106,1287633,2067162,3560604,13162028,25647007
571228,679145,872248,1309769,2064887,3558526,13206554,25616109
565962,680214,879959,1293274,2069879,3556954,13449188,27058886
566204,676154,876584,1288454,2059641,3553652,13244768,25738546
568384,677456,872688,1298028,2065320,3551231,13248800,25768697
568395,675263,868742,1296688,2076715,3559117,13208789,26787237
564698,679267,870842,1296458,2065945,3567959,13215794,25612702
567970,675138,875593,1307173,2062571,3575136,13199942,25820807
566474,670811,871845,1299741,2069591,3550818,13214764,26982655
565740,680315,867138,1304617,2066290,3561916,13198067,26415232
567348,674875,872857,1297617,2066013,3554037,13173956,25802424
574774,675051,872253,1293702,2075975,3590442,13269336,26797817
568667,680945,870368,1299466,2078836,3549585,13180252,25799535
569125,675384,865921,1300317,2062953,3559139,13168254,25934557
568272,679482,878894,1311963,2067020,3551573,13157947,25824528
565689,681657,878601,1301778,2062985,3570390,13165311,25762023
567892,677492,871525,1293943,2087913,3553246,13223426,26773001
568401,681206,872282,1287723,2067341,3559846,13154487,25671698
574525,677165,877282,1291608,2061929,3565257,13177341,25673584
566276,686899,869916,1285745,2072921,3553961,13359862,27177325
563662,681754,890482,1286902,2065928,3552193,13261007,25728290
567801,674818,875218,1310467,2083195,3548890,13182232,25742495
566168,679003,867361,1292541,2067707,3550199,13181706,25635645
568561,675235,869608,1295903,2061162,3558469,13164363,25667120
567120,679742,872653,1296116,2066235,3549230,13159379,26860035
573840,677563,878619,1298575,2078323,3564566,13184336,25815277
570319,674024,866880,1285849,2084784,3546714,13175452,25812841
565858,697544,867484,1290652,2063286,3551481,13186204,26875055
569897,675464,872077,1291770,2083674,3549398,13205981,25776234
568003,675961,871372,1295566,2067037,3555158,13166544,25704037
567300,680882,868461,1290589,2065285,3548571,13178265,26889057
568315,679758,869436,1293294,2067778,3566700,13156741,25738033
575347,675481,870931,1290162,2058984,3553143,13164166,25749880
569715,678128,874887,1289658,2061684,3557403,13176688,26691556
571285,674426,866299,1289525,2068620,3545904,13397071,25778662
564982,672925,868566,1292580,2071284,3550507,13211662,25706906
571013,677217,868809,1289763,2061863,3565927,13132694,26722234
568445,673484,877428,1291084,2061332,3545900,13166169,25779502
569307,673974,870126,1293649,2081184,3551323,13134942,25777397
569424,673168,869063,1289140,2078694,3545366,13222352,29526552
567817,671481,865716,1287218,2066990,3552470,13213278,26133970
568228,683061,877396,1291481,2059064,3549641,13195601,25691543
568759,672056,868711,1293846,2073932,3553804,13203531,26688791
568502,675948,876653,1292176,2066958,3543561,13169978,25946285
569177,673336,871716,1289725,2062726,3557794,13175718,25849789
561888,675882,871952,1294489,2070667,3548436,13204427,26901244
575959,679220,865854,1292047,2067290,3548638,13226514,25739136
566271,682653,870947,1287522,2064281,3562695,13178754,25703134
568004,678184,869303,1293401,2065855,3555227,13167813,27177980
572089,675411,867857,1294444,2075715,3547177,13166790,25753373
568021,678183,874352,1289917,2067863,3545061,13163465,25716561
575354,681747,872871,1287422,2067532,3543168,13160148,26756719
567612,687554,867876,1291373,2068871,3552973,13137749,25696297
575573,677324,871553,1290679,2081184,3549368,13203672,25635920
569055,673694,868810,1289445,2069918,3553084,13353152,27078662
568167,678930,868471,1293077,2067138,3551437,13185198,25747022
566292,677170,875687,1301134,2065697,3564812,13149436,25697304
566888,674217,864588,1291688,2061721,3560484,13101317,26865308
578330,677940,869000,1295942,2071035,3547711,13093206,25653309
569697,676751,869921,1292956,2061640,3547411,13179984,25680306
576214,673479,871165,1293595,2059504,3551734,13160511,26974434
566602,677549,871275,1293727,2074637,3547846,13142441,25711592
565583,684687,867746,1292648,2065712,3549889,13185172,25783201
569942,682550,870829,1288718,2067983,3552885,13158122,26825278
565853,674349,883738,1291738,2070365,3551158,13167406,25651497
572693,677500,865719,1291957,2067161,3551716,13191194,25627903
568939,681469,871178,1291695,2062764,3549141,13198213,27420305
571167,678312,868209,1288725,2066713,3569184,13160739,25902672
568249,674275,872019,1296760,2065254,3544589,13163714,25842595
566763,672004,869912,1294398,2076661,3543256,13179395,25640268
567041,676958,870007,1293973,2065198,3568875,13476862,25772516
565299,677749,868327,1294648,2071543,3550921,13323781,25759662
570367,675573,879055,1296597,2077128,3549162,13257394,25952560
568541,682933,869208,1290812,2075522,3556356,13235372,25744041
570619,673388,870425,1292758,2069717,3561606,13191463,25707045
565299,674387,864649,1293949,2063412,3545781,13234498,25731999
571041,675164,867426,1306020,2061986,3561200,13221598,25729864
566286,677032,869211,1295197,2064766,3552137,13211629,25831057
569487,674517,870008,1290608,2064794,3548739,13176386,26036696
572755,681743,873814,1296218,2078869,3553431,13168684,25727162
567546,674161,869846,1285457,2070359,3567831,13159066,25750921
567287,677424,867648,1289036,2069053,3546985,13146852,27074610
567065,675142,869682,1289725,2068220,3569832,13163784,25767701
568777,685356,870588,1288699,2065340,3545824,13173897,25751059
569082,684404,865637,1292028,2064652,3553525,13170093,27480548
567953,677432,868074,1292868,2063502,3552898,13140561,25865809
562497,671773,871124,1292735,2067815,3552226,13161526,25845337
562403,676015,874971,1289218,2061681,3541197,13373026,26975906
567939,676032,872454,1289957,2077518,3549897,13167566,25672081
563430,677018,868963,1293749,2065495,3548068,13210614,25803868
564315,677404,869847,1307673,2066648,3547482,13187944,26970441
572968,670847,878183,1301853,2068248,3555080,13171718,25729123
568209,677840,874800,1291016,2078269,3560548,13250088,25730142
564743,684916,870105,1296647,2063526,3550853,13200758,25638482
568307,682581,867709,1289844,2069482,3554520,13165389,25561147
569105,678530,866243,1297170,2075385,3559583,13197555,25745822
567020,680769,872646,1289058,2066412,3543139,13254692,25694305
567836,706438,871747,1289101,2062540,3567509,13159946,25604061
575634,754147,869123,1293217,2064541,3565473,13157380,25560706
563762,760351,875795,1293414,2063987,3553471,13163657,25525419
566691,766502,866690,1292247,2062624,3569260,13183195,25506951
563707,687904,871392,1290044,2063132,3547863,13154695,25987433
567635,688048,866805,1295330,2070080,3563314,13322556,25769801
565003,684107,874083,1290341,2063733,3547931,13189368,25762281
564696,677242,867684,1292162,2066152,3550090,13126300,25619538
574338,678492,868387,1295148,2063283,3564946,13197229,25680076
566741,673667,869199,1291816,2062314,3548951,13157000,25523660
566997,676695,868334,1290614,2063013,3545111,13206242,25814025
571357,677570,870132,1293737,2060989,3542731,13180816,25737141
564600,683714,870837,1293831,2076285,3545478,13186518,25703478
572082,677604,870591,1296100,2065981,3553637,13217304,25640742
565706,676182,867149,1293663,2060661,3558605,13218781,25565945
575955,679736,871161,1287512,2064557,3546271,13179097,25638695
567490,677446,869108,1300213,2058781,3549917,13148800,25834199
566810,683655,867677,1300378,2067317,3548910,13152376,25752218
564956,680730,864315,1295417,2063627,3549109,13204688,25650327
569247,674439,871635,1298656,2077068,3554244,13227502,25598906
581165,675379,881074,1296781,2059507,3553132,13214914,25537245
561749,675436,881324,1297893,2060904,3550217,13150458,25522420
568230,677451,881353,1338223,2069778,3547597,13177322,25927163
569164,677243,871526,1301019,2064104,3568179,13209593,25694183
565029,670303,870125,1302273,2078690,3552401,13189861,25624580
567440,674954,877017,1295159,2069307,3545366,13403294,25587873
569193,674283,866022,1295263,2077061,3552336,13164201,25641847
575305,679178,869465,1312622,2066478,3548762,13270375,25515348
564311,674891,869963,1299867,2073894,3559926,13235717,25742422
573555,672255,874150,1294864,2064091,3565226,13215731,25729870
564379,679214,873737,1298749,2058812,3879624,13171485,25619359
564533,675329,867059,1299468,2071194,3608717,13139172,25564278
566239,675268,867061,1298369,2075773,3583943,13181963,25532557
566847,679157,875373,1302024,2081826,3605754,13195678,25814861
566023,677837,870079,1291015,2063502,3577508,13164405,25753211
567860,673193,874821,1297681,2073710,3578249,13187980,25665140
566274,673516,869474,1291194,2071043,3570376,13163742,25606502
566225,680804,866730,1292717,2058648,3572560,13138833,26123476
567094,685104,873221,1293934,2066632,3577990,13148601,25541626
575796,676605,866713,1319312,2060849,3573103,13149158,26651336
572144,673024,868684,1321939,2068458,3568771,13161874,27072447
565635,676701,866102,1299227,2062363,3568946,13371621,27534719
564804,674189,878120,1297120,2069497,3565596,13189320,25844389
569036,672163,868265,1295015,2068515,3572696,13137845,25659254
564657,671471,875008,1297817,2060509,3568000,13113058,25686904
567667,675775,866044,1291784,2066375,3564556,13174831,25872139
576123,675345,869601,1299001,2066029,3566763,13316849,25805588
570151,675242,870731,1290267,2062023,3553388,13244731,25685942
567074,678812,872866,1293562,2062968,3569960,13232685,25779507
566865,681376,880390,1286995,2071368,3561636,13220302,25731541
570842,678628,866256,1294611,2062858,3560683,13185038,26881886
570546,677143,864703,1291459,2068330,3555085,13195287,29523519
568218,676541,875633,1295277,2065178,3559710,13170270,25791226
578590,679465,876716,1292806,2064042,3560997,13194845,25807733
565477,680598,876692,1291001,2061285,3559058,13177846,25658378
565601,675408,868708,1291770,2064602,3554876,13160133,25566634
564450,680305,875341,1292090,2067573,3553461,13175826,25584280
568303,677370,873526,1286002,2082597,3555871,13172975,25827077
568435,672905,869801,1292804,2062072,3566115,13433780,25775581
564828,684488,867728,1291105,2062676,3571639,13229831,25693287
573202,672683,877984,1310447,2065274,3560346,13336942,25634020
567801,678764,866621,1283226,2062188,3554402,13230151,25626057
570638,678512,868056,1289465,2062617,3563162,13245148,25570345
570589,675719,870423,1310239,2065788,3564404,13278446,25823535
565044,674882,868883,1303082,2055967,3552906,13420070,25793962
567979,678394,881270,1293926,2077802,3554145,13733430,25617068
566678,675823,870114,1309828,2060291,3548681,13577683,25525768
576786,676738,869343,1291754,2076877,3546615,13319224,25536941
567340,675008,871431,1287957,2064361,3562782,13235487,25519325
566745,681706,866123,1286715,2067147,3555229,13567331,25983437
567164,681721,870943,1288156,2069975,3547181,16394014,25688497
586638,687188,879832,1289546,2064282,3544989,13218829,25615337
583043,682764,868926,1299429,2062328,3556780,13169680,25592459
566195,681231,884298,1287916,2065737,3563776,13335159,25513849
570409,678373,871628,1290924,2068368,3547838,13216635,25878619
567922,678057,874180,1301039,2838756,3553383,13147422,25801805
564463,676572,879428,1297408,2157100,3546146,13145769,25643356
568581,676364,869873,1303505,2062981,3543163,13159213,25723250
569391,675606,865447,1288956,2061580,3555762,13201487,25762486
568672,678591,874480,1287369,2082033,3550571,13181842,26794827
565989,674729,869016,1292250,2062405,3550324,13218869,28126116
568899,687036,934067,1285943,2070901,3545551,13218952,25820121
565320,677535,955753,1285407,2066665,3556948,13201242,25562617
562860,673453,950545,1293390,2065649,3545389,13439030,25531110
564677,675530,883579,1288200,2062134,3571682,13346204,25483036
566109,677159,877155,1294654,2069985,3548985,13286323,25555463
570834,678000,870991,1295325,2082359,3547432,13259526,25727681
567354,684825,871497,1299746,2065806,3547243,13218742,26726386
575357,672321,876447,1286939,2069393,3557704,13190597,25690323
569295,677210,876307,1295583,2069421,3547885,13195985,25620432
566303,676921,883624,1292144,2060634,3557215,13173553,25500729
568117,678806,868198,1294795,2066329,3548721,13151614,25525969
569286,678938,878214,1293169,2064416,3546639,13148246,26007797
572416,673833,871148,1287887,2074968,3545245,13397415,25741525
565464,672277,868996,1291340,2062169,3551236,13186003,26900624
574509,677867,868953,1290483,2073711,3546970,13192009,25667256
567747,676499,867003,1292079,2070989,3567410,13141525,25763421
565373,678684,865502,1289261,2061596,3554655,13177555,25491426
568087,676108,870838,1293707,2067965,3563563,13146065,25750987
562979,675864,870203,1291491,2068129,3570434,13164572,26940348
570305,675631,868208,1291502,2073670,3571573,13137949,25586434
568151,676663,869297,1288039,2065092,3566566,13172442,25611726
567401,684269,868406,1291591,2064886,3554122,13164132,25562599
563701,683218,873797,1292078,2068446,3546088,13144682,25579015
564840,681353,869168,1287687,2076880,3542309,13315221,25795524
571245,678565,872932,1309401,2064438,3550435,13217188,25724111
563350,681082,867718,1294451,2068324,3550996,13229102,25631460
571184,679689,872264,1289296,2071025,3546769,13213739,25632733
567132,675431,870072,1290997,2063031,3560018,13168879,25630384
564539,674723,875028,1296130,2074815,3562204,13393693,25568578
565922,675791,869974,1293154,2064365,3562907,13223068,26000427
565201,674304,875332,1308921,2067206,3547376,13163871,27090862
573524,672391,873549,1293603,2062231,3549793,13155351,25751564
567747,684817,866545,1290625,2071766,3552566,13141743,25792987
567127,678795,872927,1289026,3767468,3549323,13232831,25585055
565968,672291,880325,1293585,2106572,3552575,13168352,25945467
570122,672235,867633,1293349,2070974,3550108,13196399,25776040
565155,674413,868334,1289576,2069570,3550410,13192858,26812374
566383,678170,870380,1293238,2064811,3547711,13199087,25787564
572934,695667,875978,1284140,2070734,3556350,13202088,25714729
567322,676561,871576,1291904,2063002,3574688,13217423,26679767
569832,682523,868637,1296152,2072817,3546654,13204958,25848289
567281,678534,869163,1289231,2064589,3547834,13193019,25850998
569256,675783,870488,1297813,2075637,3545817,13193624,25674105
564501,681989,865292,1287519,2069239,3546864,13202028,25781797
566309,677350,867414,1292632,2068462,3559119,13176488,25547933
572186,676175,862627,1296931,2066758,3549583,13365192,25568701
565331,679774,869627,1290205,2066244,3545926,13266122,26008360
562534,676912,869352,1290875,2065561,3544776,13238967,25771257
567234,674414,866965,1291305,2064333,3549876,13215370,25652919
564892,683083,874096,1292281,2074729,3550907,13169978,25674908
569317,676224,868302,1292984,2077167,3545299,13164571,25745446
565207,675127,873221,1289094,2067054,3552586,13156494,26886542
567635,676791,872089,1292519,2079257,3555947,13191227,25750155
572884,686195,881243,1290851,2064051,3557061,13196940,25741378
569924,680971,879475,1291743,2065843,3545880,13183939,26993515
573775,680542,870880,1290581,2065254,3553394,13168303,25800529
567398,676975,870392,1289242,2064213,3561050,13176185,25768909
565206,678719,879695,1298407,2059360,3551955,13212085,25684999
564863,673362,873904,1297702,2077536,3552440,13230845,25822339
564204,678381,869792,1304612,2065017,3546780,13191524,26967313
567488,678995,869364,1298958,2069459,3548903,13400120,25911651
565453,679520,879028,1298409,2068464,3548964,13264834,25861278
573594,678489,870913,1296945,2068432,3547048,13189330,25748010
563896,673163,870557,1300293,2069006,3560835,13251670,25816678
564531,686864,868806,1303262,2065357,3559508,13178361,26036429
567120,682613,881561,1303134,2076656,3564565,13204883,25749792
567834,676669,867412,1302495,2062684,3549786,13166406,25618964
567231,674009,871567,1296041,2071796,3542831,13181716,25777867
566093,674239,868926,1294257,2065767,3542913,13162770,25716912
576154,679812,868884,1313122,2062869,3545777,13183531,25546858
565013,675093,874282,1300087,2066538,3550768,13206892,26029429
561980,674185,873154,1303495,3124502,3559449,13190572,25805920
568540,675631,873801,1304612,2187650,3548893,13227630,25737900
567585,677052,870315,1296635,2074114,3547474,13210257,25682518
565652,676351,874865,1300404,2095444,3553694,13230033,25661962
565100,677467,869304,1301525,2068983,3551443,13213806,26024778
568993,675210,875319,1300252,2072335,3572961,13162860,25977964
562602,676724,879345,1300595,2071150,3548006,13188448,25915737
563947,680071,872781,1305833,2090820,3547618,13174974,25735144
566180,674850,872147,1295324,2068139,3546325,13161335,25937841
562528,675739,878743,1301708,2076392,3547340,13394926,26975492
572157,680152,870437,1293254,2074438,3545820,13235216,25966023
565933,679015,871363,1300824,2071757,3561555,13211595,25799113
573504,673842,867895,1296730,2093893,3550800,13185955,25769416
566862,679567,874838,1303397,2085802,3565345,13191386,25686638
567426,680174,865118,1301618,2074700,3549940,13188156,25637319
564394,682138,870817,1313279,2072365,3544597,13230951,25572640
561786,678724,868466,1322695,2065075,3547651,13184910,25898200
569751,678314,869525,1298222,2069364,3547333,13188203,25793863
569477,678468,868705,1299003,2065384,3562378,13228384,25771311
563325,678875,873134,1303100,2081784,3554888,13191961,25667241
563542,676358,865636,1294460,2073215,3546568,13204485,25660446
564922,686587,871266,1294911,2086938,3547774,13209328,27102981
573016,676094,869496,1295197,2073078,3547289,13168476,25958065
563558,677966,870836,1300236,2069396,3550266,13200207,25857657
565414,676265,869207,1305606,2070059,3553477,13233414,27104547
567119,674362,868555,1296991,2074738,3574370,13374436,25766092
570322,686244,870147,1292085,2066225,3549787,13243819,25878644
567478,674483,870526,1290875,2071338,3545588,13218859,27071046
562124,673217,876414,1295627,2083916,3564576,13196219,25912308
573843,678610,869338,1293180,2066667,3543951,13207036,26152325
563815,675321,872690,1300004,2075864,3554286,13183048,25735566
567053,678270,868172,1303369,2076471,3555752,13183850,25700338
568612,680434,874415,1299484,2069557,3563238,13183874,25642160
564071,676241,876118,1297571,2066843,3563257,13178504,25650870
580425,674982,871084,1301989,2080644,3553532,13174415,25884867
578935,677619,867318,1301130,2071004,3550685,13178883,25890498
569537,682435,876718,1302535,2074121,3568901,13166823,25774227
566838,684895,873253,1301056,2079932,3559925,13205970,25714745
564781,680747,868463,1297591,2069277,3549622,13157779,25650348
565661,676841,872514,1297586,2096227,3549889,13197026,25651979
564325,677203,874605,1304014,2066916,3553392,13208349,25958148
568055,678196,872730,1302925,2071523,3550281,13214260,25843761
562055,675749,871443,1292317,2059619,3550834,13434562,25783164
573083,672190,871443,1289302,2074940,3563901,13241442,25667981
565362,676302,868293,1294346,2063482,3552779,13214790,25640752
563604,673879,872501,1301690,2066111,3550061,13171370,26040023
566569,675096,870003,1292156,2074403,3549203,13204344,25873908
567013,683589,877608,1290334,2075509,3548667,13166172,25785253
572639,683562,869638,1288200,2075651,3555623,13176377,25739966
568087,676110,868147,1292562,2081633,3551669,13181088,25671765
570085,678639,870475,1293298,2066043,3548885,13178703,25610892
568236,675049,877683,1292131,2067803,3547217,13210002,25843424
567225,675292,874161,1292239,2064339,3556293,13166864,27130515
566657,678756,869219,1300129,2071051,3548589,13208622,25896057
565809,676738,871541,1286789,2066765,3546150,13269174,25854336
563413,674327,876600,1288574,2088222,3556544,13157746,25655982
566874,675171,871882,1296300,2062409,3567636,13193868,25680525
560273,679703,869528,1288153,2063452,3547874,13405782,25932175
566002,686266,871471,1297022,2063619,3549364,13288322,25810288
567194,686612,869238,1295433,2069710,3548862,13215520,25689846
577040,677434,872522,1293571,2067176,3548333,13201244,25803660
567759,693574,872793,1308499,2079915,3556611,13204025,25710576
564663,680921,870791,1293906,2076045,3549922,13185427,25802158
567024,674638,878410,1292440,2064064,3544218,13167872,25947399
561007,674215,869452,1296566,2068393,3566077,13185940,29460211
566404,685496,868702,1290124,2087537,3547269,13148084,25804912
569161,675606,874860,1291998,2064897,3547637,13285665,25749506
571489,676138,873254,1294935,2069685,3557003,13188789,25791753
569888,684436,870852,1288482,2070826,3546830,13169310,26862739
563087,686927,870171,1294437,2064394,3550725,13171356,25746311
568054,682049,874342,1293174,2063295,3547260,13166690,25783784
569339,682657,866062,1292714,2083614,3553325,13177844,25601223
561499,674610,872223,1292680,2068454,3558516,13215088,25613719
567087,676611,871042,1292859,2088471,3553571,13203566,25547387
575896,675028,877323,1292944,2065197,3541698,13189822,25536883
565997,678925,875260,1294314,2066560,3560358,13187101,29473560
569686,681751,870225,1303757,2058974,3562805,13188028,25748703
564686,680615,866930,1289901,2066114,3568207,13550213,25692493
566068,676863,873489,1293467,2080044,3543503,13263190,25652644
575522,673428,873848,1292990,2064133,3545534,13232365,25588792
563987,684737,872003,1308556,2067198,3554693,13161473,25603829
577017,681391,866901,1291151,2066323,3547639,13171910,25877322
564816,679566,874295,1292380,2071888,3544616,13172160,25826375
564458,680645,867177,1290101,2071688,3549918,13176084,25682864
563972,676580,870134,1291515,2066034,3563214,13171055,25594442
563013,679233,867376,1291432,2087797,3553844,13176934,25590064
563715,678670,874274,1293707,2065277,3557235,13179323,25991556
567867,673813,869843,1293211,2094777,3546270,13173883,25711647
563573,678758,866727,1291687,2068572,3549066,13178570,25656799
566477,692268,873289,1291258,2078602,3571787,13193522,25602629
566323,678498,878560,1293560,2067330,3540869,13220761,25539308
577193,683284,871570,1289410,2067033,3552859,13187579,25514246
564295,679923,868208,1305651,2079364,3563382,13157223,25714462
566165,676108,871166,1290114,2066572,3540860,13345741,26925664
570603,676943,870435,1296240,2068399,3551413,13180576,25710427
566674,675651,869574,1288793,2068542,3565338,13214338,25680427
564026,674379,873253,1295006,2071832,3548699,13102498,25515571
564470,678313,867736,1296564,2071755,3560875,13230952,25618875
570959,683514,869036,1296575,2060302,3561169,13225113,25869424
569981,673641,871553,1292276,2082999,3544530,13220052,25794180
566111,677378,871166,1287953,2067139,3548849,13190393,25759220
564890,677167,877208,1293084,2068459,3549538,13170222,25661486
566339,682893,866420,1295477,2068878,3561877,13208601,25566303
567812,684102,870967,1294118,2082942,3547052,13229621,25562435
566945,673636,868199,1287831,2078661,3569230,13162343,25813036
576665,677329,877399,1286049,2071803,3540948,13161480,25797644
569372,683239,871620,1295818,2064046,3551611,13147705,25627801
565424,678584,867880,1294586,2063125,3547297,13179614,25677827
564704,674799,867970,1288475,2061402,3548014,13153130,25575249
567089,676768,877234,1294811,2062954,3565988,13158961,25477606
575420,676762,869577,1289549,2077053,3567731,13329642,25784382
566760,677432,867410,1289026,2068053,3568194,13163491,25714068
572470,673417,871683,1296188,2081704,3546858,13170050,25556808
565559,686621,878320,1284734,2070880,3542903,13143058,25589526
567836,681238,865598,1288709,2062094,3548870,13155942,25528715
567129,676900,869128,1291187,2063473,3551889,13188628,25506892
566638,674206,867699,1290414,2064180,3557646,13138878,25932635
571745,675178,870892,1294901,2068477,3553276,13146984,25838312
567581,678125,869141,1296573,2067294,3548387,13268281,25535919
566205,678595,874752,1291159,2078659,3550456,13162482,25505527
567474,673006,878066,1289184,2065837,3553483,13195364,25518479
568775,681700,869631,1298477,2069979,3545956,13214153,25501710
575932,677251,872447,1286461,2071493,3549185,13249812,25789412
567810,677333,869631,1306309,2065173,3567496,13207995,26908721
564037,682888,868074,1299093,2069947,3554630,13183658,25683443
565119,686430,866797,1296058,2066674,3566936,13624827,25649981
563688,674625,870589,1293708,2073442,3548304,13304236,25566204
562695,680242,872800,1307593,2069498,3570236,13243726,26016790
567881,674226,867787,1293831,2069504,3557607,13213423,25662873
575132,690726,868220,1290502,2067111,3564062,13184642,25632251
569662,678924,871023,1292094,2064376,3549657,13238028,25504640
569002,675101,868396,1299694,2071242,3554138,13181509,25508528
568285,674027,874565,1291744,2068856,3568586,13165608,25543554
568278,677213,872811,1291333,2073244,3552715,13164851,25999373
567662,675964,873316,1294759,2058412,3553378,13230438,26947299
567029,680976,869246,1293449,2079684,3554110,13212658,25703507
573999,682657,876544,1294400,2064353,3550467,13191515,25619763
566468,677587,877302,1292977,2071247,3563055,13174962,25529928
563142,678892,872748,1289238,2063518,3551982,13246927,25576671
563864,678008,869485,1296712,2068415,3548275,13225951,25848827
564066,679801,877644,1289463,2058544,3551515,13217004,25824237
570597,678167,875295,1288446,2066452,3549429,13203353,25646236
565050,675003,867156,1289036,2076805,3564146,13221826,25653835
574096,677934,873221,1292421,2065408,3831064,13175203,25601573
571382,676953,875509,1289371,2072214,3579750,13196107,25549247
584089,679564,871447,1291181,2064567,3557893,13421890,26015953
580981,682665,867161,1288645,2063725,3578566,13284405,25762437
567196,685875,872236,1289945,2064346,3554109,13229224,25683813
565114,676307,866307,1293665,2082043,3559424,13231049,25655584
564782,676586,868942,1290359,2074046,3748465,13168428,25606034
571921,675611,869389,1282496,2067699,3553559,13214428,25637917
565303,675079,866761,1294551,2086571,3563611,13191351,26024778
562740,679946,866181,1291668,2066438,3548391,13203383,25812561
630879,674749,869900,1291902,2074144,3568289,13185488,25639733
661539,678696,870432,1285493,2062877,3556971,13169457,25757221
643650,676129,864656,1294419,2083174,3557998,13186835,25544404
657060,675188,879164,1295750,2064805,3551250,13215239,25569377
577653,684365,867622,1298583,2075554,3559394,13201274,25803348
567658,679549,867235,1290955,2069744,3553994,13161151,25762246
575774,677160,871078,1293601,2064853,3556974,13177127,25621981
567873,676220,870276,1306917,2065074,3553883,13211856,25599165
564815,679759,867337,1291103,2065266,3557424,13528067,25521724
566790,679519,868907,1289901,2063355,3544283,13351655,25528596
565272,679377,873907,1295819,2068184,3570061,13246134,25996314
567909,675135,879787,1296071,2061534,3551974,13225589,25787969
566345,672188,870822,1301899,2071236,3557760,13202995,25675837
576181,679047,870567,1297117,2071022,3550730,13252815,25688358
566362,689971,875858,1306331,2067257,3565842,13194569,25661720
565906,683225,870671,1313503,2063657,3555018,13190343,25897305
564638,676481,871525,1298737,2067460,3554574,13391331,25795759
566353,676639,867304,1304092,2065181,3574732,13328960,25759467
570487,674498,880901,1298852,2063470,3561723,13274272,25614290
562444,678797,873921,1308384,2064491,3568274,13234645,25546163
572224,678019,884159,1294344,2067484,3552507,13207097,25627480
567086,684834,868023,1297232,2065793,3555304,13231861,25696524
567798,678147,870064,1297786,2070840,3551530,13200352,26865296
568092,676728,870068,1302402,2068438,3556958,13180263,25734805
566334,679198,888695,1294133,2068921,3553284,13125643,25708630
572968,674726,869627,1301861,2062622,3565496,13380389,25664397
566694,687484,868020,1294334,2081276,3568908,13183224,25570581
574679,778055,873051,1304999,2065960,3555429,13127190,25761022
573233,712071,868897,1299364,2073174,3722591,13180517,25763839
566137,677747,874507,1299297,2074771,3695678,13184909,25605295
564181,676071,870460,1301571,2066626,3545819,13178968,25636317
569101,675085,870940,1303454,2074927,3549473,13463235,25644033
575868,670505,866062,1298606,2067209,3551404,13225866,25585583
568695,676430,874426,1300786,2073477,3553838,13187339,25894983
570321,672192,874542,1293150,2070535,3569575,13203402,25826167
564611,672905,872422,1300423,2072936,3552888,13170839,25636772
564465,675739,871139,1295911,2079431,3563070,13235600,25624187
568110,679156,886450,1296122,2062122,3548864,13140912,25632674
566804,680602,870631,1298526,2067485,3549073,13134950,26760208
575723,679663,870799,1310343,2061948,3568001,13154445,25810328
566303,679542,866173,1291207,2081772,3548869,13418047,29284125
577054,677590,871160,1294783,2064382,3543411,13260896,27309071
569335,686110,869799,1293951,2076517,3550241,13528171,25612055
564669,678061,874189,1296384,2070331,3550428,13372365,25661599
563318,680961,870738,1299456,2065416,3550927,13322784,25535598
565830,688391,888898,1303115,2061513,5052538,13256443,36513664
564138,677275,872688,1292239,2079923,3728047,13218106,26044632
569659,680211,867747,1294563,2066051,3587672,13205864,25776489
567501,680655,865709,1294906,2071523,3574373,13199438,25705004
568173,680462,866914,1289862,2079990,3567972,13161874,25609919
566725,682767,875372,1295401,2080657,3576865,13147173,25598589
574437,686914,872500,1309165,2070764,3566364,13264042,25922794
564593,677341,869842,1290310,2062537,3566610,13153022,25859368
566026,687464,867843,1291568,2066021,3557228,13164286,25788793
564689,676144,874500,1294829,2083983,3547074,13192689,25695300
559935,678183,867332,1297444,2058757,3555700,13235071,25607147
572057,673855,873435,1292186,2076557,3577809,13201284,25939034
563944,677154,865940,1305275,2068722,3555145,13198372,25743941
577726,675604,870467,1292030,2067351,3550644,13199665,25611717
581044,680074,870270,1294368,2062643,3551706,13186803,25574083
563132,675231,875090,1291021,2065240,3572122,13452076,25645545
565343,682752,870366,1295691,2066560,3567459,13268523,26527669
563744,684450,866721,1289897,2078173,3575195,13239850,25868429
565797,678268,873272,1290358,2064878,3552418,13220668,25787619
565800,682013,874619,1294271,2067385,3555911,13225339,25594639
574812,672325,883996,1296705,2078996,3560225,13233142,25628020
568726,672310,873975,1290117,2075576,3564411,13210542,25673695
568973,677669,866825,1293777,2059646,3559783,13205983,25532923
566641,673158,877152,1289172,2088691,3562940,13189828,25806811
562878,673627,868762,1313032,2062800,3575440,13177278,25776270
562637,675746,866336,1289598,2060971,3560227,13193661,25685148
567351,677319,867164,1297635,2062032,3553988,13262028,25693638
574881,682905,889449,1286902,2076428,3551871,13195408,25532442
563222,674211,871925,1295763,2066412,3564722,13195736,25514742
566911,673660,868853,1295862,2070091,3577204,13206562,25831997
564567,678935,868717,1293124,2063913,3561974,13167512,25796110
564139,677662,869234,1295042,2067833,3556736,13389929,25689563
565330,676268,869191,1294406,2064820,3572500,13168459,25564950
562801,681307,866323,1292438,2067668,3564374,13162053,25509040
573641,674524,873952,1286377,2080164,3577105,13158680,25532744
563036,677515,866410,1292898,2066018,3568993,13226069,25851437
569088,676299,871999,1289755,2069827,3544560,13196531,26896183
565633,683867,870154,1289499,2083965,3553590,13200393,25752774
565952,677816,871737,1287731,2063977,3554194,13175393,25631390
572580,674400,867862,1288159,2068697,3551245,13182278,26646139
565166,676664,884292,1290633,2063320,3554437,13166562,25586142
576387,676729,866568,1291085,2072871,3553307,13186176,25820648
568009,674177,877858,1290836,2064637,3550189,13193634,25692950
563122,676857,875344,1293868,2072949,3550400,13208249,25561171
568811,677107,875010,1298892,2066830,3550485,13154141,25637842
568207,677500,869805,1288185,2069475,3566078,13187869,25626451
569979,677025,872836,1295162,2062709,3561941,13162311,26566515
571447,676235,876883,1290873,2066994,3554990,13190516,25721129
585990,687719,872264,1296228,2066840,3543766,13354033,25869344
565133,676046,882683,1289806,2070093,3547944,13211976,25581168
567198,672889,879947,1292201,2073967,3556750,13146288,25632704
568691,674179,872149,1288039,2068712,3568236,13122957,25731254
563951,677313,872469,1288105,2063355,3559792,13161314,26013611
569849,675535,868858,1302043,2061904,3551118,13145427,25701934
565136,678622,870425,1295089,2066742,3566459,13147565,25635032
571518,680305,873142,1288006,2062680,3567544,13168209,25559187
563894,674972,870404,1290376,2059405,3551403,13265707,25544141
567237,673743,867170,1303490,2080142,3557496,13189055,25526286
563263,682381,866016,1308970,2064566,3556758,13202240,25948886
568401,684938,872114,1292437,2070213,3551554,13154724,26904913
571718,676129,871685,1303175,2065187,3551361,13208030,25694627
565379,678584,876287,1291437,2067124,3562399,13167215,25680899
564460,676080,867896,1290104,2069681,3554225,13165400,25742270
566834,678730,866964,1291314,2065260,3544196,13435115,25721734
566491,679092,868914,1291259,2080208,3556629,13240796,25916158
576682,678806,876434,1291838,2073915,3573036,13136689,25741587
565461,675400,873711,1293759,2072576,3566162,13172644,25634862
566760,678727,877050,1298613,2064152,3551580,13166615,25639585
564030,681086,873497,1302542,2066578,3568817,13230440,25615703
