x86 inductor b16,x86 inductor b32,x86 inductor b64,x86 inductor b128,x86 inductor b256,x86 inductor b512,x86 inductor b1024,x86 inductor b2048,x86 inductor b4096
9191409468,2904401795,2825891892,2940845455,2806346333,2822610806,2845160310,2804285394,2810214184
786418,638470,841161,673099,613131,853653,850176,1473156,2329874
651445,553171,802214,656364,593324,781129,792095,1211362,2992674
636895,549820,798708,605975,569617,763161,774867,1067868,1983660
696239,556447,764535,620386,549608,701437,757999,1151137,2205653
607194,517852,751298,631474,559850,685022,733972,1057633,3227999
676547,507095,771031,616539,557873,705667,709390,1069683,2127736
697937,499463,741554,604219,539323,693079,705365,1035075,2053834
721225,494850,728827,602266,564148,681659,666871,1455847,2741281
695386,514318,741309,589666,532763,683097,684998,999802,2291037
644624,541331,739770,612785,518226,643821,672269,980492,2122652
707351,533060,711859,609824,545129,653000,675725,920215,2977159
605488,524040,727741,585651,553460,638677,640522,980730,1924198
646084,535699,716161,553811,528309,632410,666680,940580,1848913
655147,543756,722077,595536,533862,638108,665410,974915,2515775
661133,528044,721892,560083,557005,632129,722242,978229,1751081
602624,519915,712297,571295,508343,594994,689794,3273028,1730207
651923,509791,657282,585358,521087,586774,698694,993358,3074728
658805,517918,686360,581658,518438,592774,691326,934160,1989358
632296,497967,688663,596001,500302,578220,686726,937121,1884908
655099,536371,680241,584050,513522,575362,737164,996613,2601727
648334,511068,677821,575530,528309,584719,787123,1049524,1821792
653631,516450,670257,575820,519790,550586,764108,972562,1760742
619477,534131,4326942,562141,509878,546825,712765,959285,2408245
612026,495405,916250,601827,503388,562240,730179,956749,1702424
607117,505544,619714,574534,483712,516268,667121,947252,2198267
636970,514440,640215,582896,484054,524948,772686,926594,2846695
619815,551223,661447,550759,508938,516235,742595,919874,1824347
629430,536764,637549,558766,481153,517046,740315,949320,1827664
621021,565283,630265,561379,483504,553159,740166,935782,2521635
614564,510961,622914,572493,488625,532446,771535,934252,1646077
611751,494258,599726,576880,493040,529222,783388,960923,1642391
682454,488634,599804,541376,464357,520069,735809,975717,3221923
689432,492201,577880,543987,479676,525646,728424,1002321,2098402
587627,511718,617460,543731,475569,484538,776831,952979,2007420
595002,466439,598727,549876,470876,510289,735127,916141,2710714
615201,509855,588728,535866,482314,506926,758701,985882,1811516
666403,529401,573318,546909,458907,493674,737137,950434,1776887
611773,516576,608284,547803,482521,521169,759507,1156838,2496381
624834,543014,579390,551422,458665,500782,731457,974767,1702282
650134,506582,576692,530346,452334,508913,801890,895308,3259892
638721,569216,569760,525007,466817,549463,704266,985956,3124246
635924,525119,579791,514171,452463,531131,703833,903876,1984493
628340,436135,590915,504990,474298,507430,687562,946247,1998093
611637,447066,589366,529734,485092,510370,735715,968292,2706662
624699,471766,564762,512404,460358,535824,691371,1062982,1764397
563795,476030,558999,514295,460557,511448,711499,1102067,2100385
577817,489141,564580,516805,474489,515944,755142,1008054,2532985
573055,492518,565560,510538,473964,515736,676908,952034,2812563
586198,486174,579194,512289,460061,514669,743658,973008,2128357
605850,467676,572598,514922,455837,494857,756850,972028,2802993
588133,516599,564403,518971,463826,547176,737184,946318,1996789
590420,550999,567340,522075,475373,492050,749018,961738,1923573
519156,495894,536305,521006,474621,528257,742503,949204,2797970
523140,479354,552011,513346,461151,522675,714156,990758,1777583
566579,464739,529772,506655,471178,539053,710256,945078,1940929
551031,451179,526212,506479,479479,543196,711508,945335,4480018
580484,421139,533389,517236,488943,513278,763697,934323,1933527
559110,457297,537343,496051,464213,523389,778979,976860,1808951
542166,433547,551533,479240,459904,525873,712053,903443,2593246
568349,419067,548733,514525,452172,530437,738524,953316,1756516
562758,458174,521905,507462,463668,520631,765008,1164018,1715075
550610,487855,543577,489254,477918,532859,769364,995357,2509409
563142,458367,509528,517988,467468,539113,733927,930095,2344175
541480,487442,522319,507394,455854,495051,736824,963281,2092766
552316,401059,503697,506166,469042,522596,760126,973214,3123503
585782,440709,502506,499482,468278,517008,751918,1002499,1904730
554526,456222,548309,505555,458265,499637,759821,980320,1854055
533120,450211,510529,507145,474742,523717,763063,1247841,2798585
505180,450425,529863,512705,469240,517897,744662,1142062,1770998
556783,439573,522737,516392,465145,521282,742654,1115126,1810193
552946,417352,518697,490029,460899,523781,732303,1095902,3485233
588543,418220,490908,491502,461703,503493,735636,1092262,2172871
524679,421203,512889,502268,462271,520803,904156,1039331,2084568
540206,429377,503555,503757,473649,512983,683761,1111985,3148413
533676,428353,489424,493204,466371,541006,631393,1208225,1898362
506038,423462,498508,512635,462432,531399,660647,1079211,1722895
540915,420032,492755,494102,447384,519880,613203,1035470,2438109
542361,435715,487933,516524,462306,525616,657029,1045371,2014749
548286,438272,472315,494298,453654,531645,637040,1028602,2121688
505278,432318,469872,501941,460717,537280,625959,1043532,3021908
471691,454113,508067,510250,460795,532169,619168,1031264,1840986
516117,423531,490650,512550,461507,521198,617057,1048602,1746488
518062,425835,503840,478337,451121,539146,622798,1082848,2534890
498376,416510,504198,510779,463168,531679,610580,1780889,1777067
470079,420208,510031,489039,478683,533313,606328,1745016,1839078
485095,430910,497460,522637,460757,542329,604933,1572465,3233294
495653,419064,506608,490497,467625,528104,592464,1461680,2077146
465269,420454,492240,500010,469958,514418,589156,1545990,2029133
493747,438011,486350,485867,479614,524650,594630,1384459,2943478
507643,421448,494032,497384,453792,529999,607013,1240774,1870583
519430,431229,497490,498674,461527,514746,607685,1222619,1645269
481330,412985,472149,498804,465553,526846,584122,1217807,2462693
469371,409021,464756,491843,464715,524553,583895,1107433,1630317
487870,471513,492327,493517,460888,520660,594995,1108098,1667963
491767,407570,480325,494106,464468,511056,578226,1036306,2942701
502968,404662,476762,512022,453455,513895,555606,1059847,1888878
491230,408175,494239,484457,476995,526747,581710,992622,1806326
475925,441613,493914,506962,471923,513944,589790,1030372,2716000
507898,429849,477538,476715,465575,522187,696592,1019878,1697654
483684,419813,494523,486047,463865,521410,587846,1058815,1713659
485175,385890,482719,483926,460032,536749,605946,1024693,2594834
569097,418554,508784,494788,465567,544666,605734,1018045,2167580
567047,389999,1342845,492134,463345,520501,630354,984021,2212665
600040,394517,500191,500622,463360,523472,658381,999735,2879150
456906,404580,492705,490114,465901,513438,692017,975565,1973690
465819,418119,507834,499601,469539,521003,693893,1100047,1973480
449641,415652,507866,485943,476720,516019,638060,1422029,2424250
458514,528012,507077,508670,469503,521918,649103,1125949,1659127
531122,477204,489410,484698,458084,532027,690849,1065745,1639034
544197,402252,478392,500638,468154,860380,634238,1074458,3128861
552950,385903,476092,472148,482130,574381,638792,1253513,2083471
520875,415537,475250,488312,462298,544397,642572,1292460,2004027
560322,430915,421597,498474,454556,538452,614726,1065554,2886993
573931,420288,458223,475952,459500,545530,625308,1108910,1785428
524386,385823,439840,493334,464860,533991,690594,1111395,1803704
514370,391762,475184,492840,475559,556392,643258,1064172,2592488
445328,404006,426297,497223,465278,577121,643602,1110865,1916144
464674,416905,456084,499231,455130,544016,673554,1063660,2060411
438016,476296,436938,487889,478181,553641,661451,1057527,2989410
422866,460558,496602,498066,456973,570943,627054,1062266,1860434
458316,390360,428878,492180,478351,577766,646449,1071288,2062569
462475,375331,439169,494203,460500,569198,653696,1025495,3231269
449874,397929,423719,493210,459730,557126,639871,1057099,2070140
455244,395643,410359,488536,461864,588209,654958,1035983,1949215
480024,397657,431704,510074,480265,562816,637642,1199051,3376899
481823,412293,452790,488593,489270,557311,647184,1016690,1985964
470139,419533,439694,497541,440498,532354,636128,936077,1899810
505222,422321,419967,508194,469989,564864,613251,961742,3131906
543719,403191,434532,506441,452833,551730,698637,982463,1939717
526452,406800,432604,498475,468662,542292,618565,1149789,1773387
526800,392304,405883,499021,479293,544191,660222,1095845,2463699
693315,395149,420408,493811,464263,510743,644884,967902,1607324
593151,404308,411063,510966,475437,534750,631382,995302,1798738
536588,394694,385826,479610,467304,549563,617519,1093367,2931700
551044,412098,427328,484193,474557,538303,615235,1070221,1745524
551825,436883,421784,494701,461505,535978,653020,1554222,1686251
565116,459434,421270,496568,468230,545223,676721,1175072,2450340
553139,491703,398713,513983,477102,526558,629970,1425923,1593868
536997,459426,418487,497836,461268,515221,647686,1180033,1652442
516121,447334,427067,508983,478137,530685,637360,1143308,4388860
526092,439633,426826,482219,463545,540621,617839,1142652,2026846
523524,437318,432160,514239,468115,481428,711041,1057707,2041715
552391,443730,402392,484713,474918,528940,670376,1363289,2708968
570849,709801,419868,502633,475846,528559,714518,1231587,1796655
532749,578582,407494,504949,460591,530152,697179,1226724,1995727
426150,564298,389643,514636,465447,508863,651089,1111475,2538446
446747,592603,414429,506570,468870,538074,673447,1105317,1642880
435420,577024,405293,497847,468486,516142,667023,1041235,2058089
424549,575040,400506,496514,469845,513166,706157,1055809,3320627
475457,540795,403358,508870,457995,525679,642877,1006876,1943483
482369,535874,441494,488734,452929,530929,636607,1100461,1899535
443589,532514,429108,505922,466803,518365,678860,1414764,2587229
442570,579623,434641,487683,458895,536301,661797,1261191,3237554
457024,562699,429570,495920,458128,515680,653341,1286925,1758970
421888,497984,418492,497621,455951,518226,656410,1195161,2689323
456149,467958,421135,493161,459440,522535,644967,1224359,2019607
454082,429807,400400,510761,467954,521848,707621,1073000,1954159
454126,415838,423217,505703,479438,530933,652957,1046320,2578682
471642,453900,402889,499212,473728,511407,658204,1028456,1763147
477055,453412,410636,504153,457764,523493,732525,1035097,1676957
457682,465123,409292,489765,473042,513902,637725,1008098,2368614
447998,473249,413524,494127,473284,503928,659039,1008760,1567805
463644,460037,412113,485074,469187,506032,658757,974207,1805946
451909,458817,435524,508469,477234,502233,667500,987229,2782403
418143,522172,429552,481720,463383,515945,645737,974979,1881800
432095,475639,420624,511113,452001,532735,671661,1044381,1740660
464398,460710,415751,491566,484472,517539,632698,991530,2598377
449706,501701,434264,506061,459250,527885,643037,972024,1793267
455969,481727,417380,519760,456170,520104,661023,981273,1706594
456414,506851,413906,504232,466829,525403,668474,981787,2574477
482780,456984,417968,503160,465245,529462,684122,970086,2331403
463547,472517,435061,476519,478001,503253,676633,969265,2129964
487303,477684,413443,483045,469036,511924,690359,954499,3070478
420012,471317,422780,499827,481596,508337,640807,950045,1931888
436505,440740,413514,503665,465256,517235,673035,1089949,1876204
486181,405433,416689,506839,463014,523633,649602,1930567,2616410
473854,422535,438053,497387,465381,525379,908308,1551354,1747539
474854,453933,431606,504030,462327,507186,714302,1474624,1796055
477016,427429,411832,484368,462151,522672,657063,1226506,2623358
414648,441524,428632,488812,477047,515087,754076,1188768,2043024
413961,467331,400129,482676,473747,530353,655556,1149287,2111719
441635,453013,411042,494204,468037,504686,702080,1187763,2865958
444031,426452,403937,484990,471508,510929,634460,1053584,1904802
443726,427716,440910,516321,473702,535995,737563,1075552,1765365
455336,415211,422106,483311,478211,529250,626508,1027373,2624714
456381,420391,398719,498031,459381,546883,693799,1018284,1670880
429027,463232,410515,507283,457207,516657,593608,1027535,2282218
459959,423808,416480,498689,455279,503709,666000,1029198,3073553
464361,447942,425950,507606,458482,520944,572994,1000614,1900417
467734,480139,442926,485952,474681,507208,679995,1014020,1822684
462600,473967,435608,486690,465580,517604,608911,971994,2754210
490488,447723,427064,505227,464471,522438,579392,1008767,1743454
432104,490698,437108,505422,471088,522394,585502,1023939,1677062
511265,464330,414895,491978,477281,508481,596995,1065529,2436837
489185,456097,413070,494605,469594,538507,607473,1020464,2283950
468655,438484,434603,489715,456398,527948,606885,1835072,2069913
446187,435528,422663,490769,463851,515443,586252,1017785,3039355
469050,421948,416061,502576,468384,519375,576473,990962,1915200
439589,432542,416320,487695,473423,500456,595878,1534619,2256333
433474,464268,435300,492587,462764,523015,563363,1193185,2644171
412082,418316,416880,501324,467276,536229,597231,1106900,1641208
458230,411296,446171,500026,486191,528409,583289,1116935,2092478
507963,427443,424471,506899,482084,541895,593400,1035270,3141190
475219,422100,450035,481004,485254,511129,630875,1057378,2029857
487384,386993,422117,515855,463923,527546,678015,1031754,1986068
422481,410365,425750,499932,468218,507739,625238,1016416,2946297
428613,409148,417063,489596,466310,521556,717096,1007450,1678975
466357,404000,413969,515020,481730,514133,679067,998412,1687445
480136,406619,3322136,508384,466333,551003,609202,1177294,2364729
451742,460388,1393473,522245,454668,523916,603226,1096998,2185303
483585,432487,543287,504992,489110,520672,657820,1078026,2022666
452700,415445,476479,489075,479917,542374,602806,1069197,2657900
452914,400232,579547,502958,451679,515755,658970,1063650,1824977
451339,408004,550330,484206,462526,525456,683433,1076748,1805277
466379,396542,438898,500282,459824,517719,701770,1126910,2410702
432978,408981,415959,505017,463584,527130,672241,1069499,1619032
433178,398807,403756,487128,469206,510353,651952,1043767,1684237
420680,441769,424991,495103,462550,532275,660536,1431240,3230985
406702,427154,416626,494638,471968,528161,658424,1028877,2023276
404196,435100,422911,514466,479013,498607,672923,1072630,1962419
487626,407969,392268,499664,481505,516387,637656,1074357,2776862
468590,425791,406673,501451,469629,525853,644721,1791651,1746866
490475,594628,403372,506684,457195,498515,699132,1587523,1780845
430483,818995,417683,494103,464220,516160,689896,6945107,2615385
416045,814501,418222,503217,470581,524320,659637,1361610,2242224
648387,816709,446651,488298,475967,502865,700660,1275217,2100706
493687,823469,432917,494111,464837,529927,653960,1175539,2993941
483328,817631,457706,497214,465258,536619,682758,1245222,1911950
488972,815324,403401,499732,469046,516607,635123,1147834,1801492
442779,810504,410853,485036,469425,533250,645379,1063879,2726412
431585,860347,406672,485546,478319,534608,655928,1056934,1703756
482748,768537,427566,509602,463223,520460,662621,1051743,1905427
463330,794825,417766,486818,466519,532288,652144,1214361,3129217
467388,772867,499860,491311,468510,527553,664134,1313631,1990536
435862,770468,414927,502315,470140,535084,669199,1198858,1883904
457173,755162,402584,497524,466420,525952,686141,1143498,2636247
452512,762802,415207,494313,464794,541113,658880,1119915,2049363
480066,767217,410961,510227,469922,504934,657658,1120032,1947021
483337,762849,415633,516179,481607,512567,651498,1044828,2690027
477888,747316,413249,501891,485752,529655,646053,1031945,1749915
458561,738930,459779,495036,446151,514892,671678,998131,1996997
450431,743600,414410,531512,445766,533594,667575,990494,2918643
496325,741392,451733,499281,463181,543009,643217,992413,1807590
481179,763948,421956,492964,469540,504532,700567,987913,1738384
499765,737432,412326,488230,465644,528574,670644,1251970,2468187
474879,711319,402304,501131,466218,535025,680695,1126309,1765785
449610,756739,426678,487538,461271,520915,663512,1093811,1830865
455008,714641,414306,502977,471996,538701,671551,1012945,3414890
499680,698854,413061,501990,477981,536596,663663,1068785,2152640
477764,712742,416499,491319,478672,513281,644761,1038983,2104557
447662,743840,408401,498869,466048,519678,668269,1022263,3079648
404002,742169,416261,490852,485778,509091,683779,999310,1899202
460390,706430,456899,487909,477280,512253,667298,986756,1801968
559159,722562,436800,498945,477758,526103,692039,1017792,2557729
543441,719593,422372,501733,458415,521269,669563,1018662,1689485
451432,728335,442385,490952,473866,511539,651031,981931,2003024
501481,659216,425986,507037,463413,506261,670933,986676,3045872
480470,691455,415068,503493,472072,542537,650700,1009887,1999404
457514,676836,426423,497480,465306,513841,663029,1008317,1896936
425463,705968,429781,483633,470658,524660,637739,949613,3041881
438237,697415,412058,510728,475481,538822,633062,992142,1635487
466056,677693,409470,493073,488045,528799,645797,963930,1646999
443941,662790,418650,494904,460469,519964,698185,928456,2409729
460561,684932,441485,491373,451380,518597,652376,984656,1569493
474766,689960,412389,492915,471577,529931,656942,949328,2258562
478715,598185,434017,510526,477098,502752,668844,930817,3158510
490550,605788,435621,482966,476289,518850,667647,964325,2013454
468822,607116,422877,502708,463542,516185,657582,1368119,1936943
503368,611360,439370,485575,468514,537307,681370,1056505,2881932
489271,606458,417259,494733,466554,520699,641571,1091596,1795608
458921,603168,423306,494653,471788,541500,630833,1135442,1761598
438701,604757,420913,496645,447939,530943,655219,1150259,3407167
555315,610084,410521,486343,480500,507467,666992,1058482,2102486
568394,617330,421834,481807,463664,535069,665791,1026830,1955405
488337,636058,428727,509362,466868,500194,672502,1043222,2871981
423527,567881,428233,479012,478001,531347,678381,1018657,1817808
514313,620182,419866,482676,446264,516868,657986,1020220,1798897
479248,580695,439723,504652,458030,518074,804720,1078545,2624038
419936,593753,431977,489143,473448,525830,699977,988094,1701873
466259,599495,439232,482645,464398,518663,632856,983257,2205996
506355,582939,436761,504650,468004,525961,643244,1005721,3191262
481896,600347,423321,489099,477471,519283,652060,1015298,1921941
498431,612857,424634,498829,467932,527697,647329,963264,1880791
494107,648615,430143,492965,476857,515889,615200,963975,2449962
511784,610090,402815,496388,473986,500617,628945,959503,1654233
473639,603124,408482,506937,457020,532690,585955,1000341,1633194
454414,597634,396469,493302,467907,524045,646912,1018870,3312616
456713,559814,401538,514284,473433,550601,640558,1338870,2097326
491113,594117,426573,484506,467380,520466,628623,1308080,2016756
469416,571086,426119,497860,466862,540972,611126,1165688,2766181
442137,558594,431827,511303,466969,514180,580269,1241195,1845647
435646,544530,417321,500653,451152,515900,595508,1282455,1793703
422672,592262,420765,496462,483208,524837,603043,1242258,2551355
443963,564588,421897,496706,463907,513641,593265,1180744,1701197
412685,599757,457233,500291,457705,504852,625652,1152524,1949389
496410,545727,412688,513733,474971,521586,602280,1127087,3140204
472827,578957,418600,485269,481414,525910,573382,1128647,1930623
469369,540597,392652,515663,462336,539626,608433,1074863,1925719
493220,545905,406283,488359,450013,531323,576973,1052735,2741159
477112,557734,414834,516902,457689,525922,561809,1045557,1653839
457087,566244,405522,490631,451288,514639,577669,1026735,1640370
410830,549514,440526,483207,460240,524094,593808,1054633,2464255
410681,546542,418201,509354,478299,529348,566710,1106351,2249143
427396,586501,447377,486165,480883,519066,626517,992090,2082072
416691,576319,415308,486538,471395,529159,617305,1008964,3032587
441751,577973,436334,498622,469909,509135,655164,965242,1813900
480222,572373,433126,487155,478813,517414,666823,1005923,1794825
426033,593222,432740,500665,473465,527664,657866,977263,3007381
437246,570695,433164,493116,458669,528680,679947,986955,1798504
466089,592630,416950,503013,463507,516555,688150,969974,1965862
450618,539979,401394,505787,468994,529245,608842,1029058,3339731
434660,539690,423089,526345,487644,541849,676822,976373,2061085
433326,500402,427419,514739,451863,537786,615433,953023,1843120
498271,537644,403333,498791,459133,510130,635032,1266526,2704773
521946,530702,413067,508668,484263,525524,628879,1156521,1708047
545010,520483,450062,491014,476797,509973,661977,1111132,1696822
467137,587697,447187,501817,467500,507149,702669,1102007,2510974
429737,491790,438829,486217,479037,543183,621231,1113877,2127346
425888,760338,424539,493686,453493,523931,700452,1051296,2015672
424656,613302,432744,508054,479394,523452,620710,1048371,2589948
440140,536987,439948,482508,467742,528153,651343,1069676,1797774
441553,597071,412254,513848,469839,525437,671638,999667,1717304
428365,567290,410989,503653,462707,530423,670113,1043107,2399368
401734,580668,433144,492460,478716,514624,649844,1122794,1611815
406580,580796,398418,516463,456587,504297,660506,1029056,1633799
422284,569047,410950,481828,462763,529880,619146,1073812,3085467
420896,550575,415755,497463,468474,546025,619684,1062723,2026159
433984,548754,405777,505333,457179,529768,621053,1062181,1984905
436880,592698,459869,498466,470207,510288,707206,1108993,2704935
613254,580505,438339,512126,479136,526423,682647,1204646,1829255
427216,489824,459661,508937,457086,526536,632913,999075,1800601
509973,500596,416136,499571,472854,536747,637197,1036638,2552177
573427,470364,424328,494344,466038,526603,633308,1028088,2252295
613945,494713,415844,506921,467166,520492,638369,1025132,2093007
620735,463809,403908,498181,468224,535661,683507,1045989,2864778
608022,494634,427553,501258,451217,521226,662090,1110223,1763044
621871,474410,398170,508141,467701,540401,626093,1285749,1765857
634112,481906,416672,478192,469965,534252,640869,1010239,2633687
619365,483245,411662,503170,468713,508446,653314,1036496,1658599
614995,492397,405916,503218,463591,525528,701414,973390,1653741
621899,510823,409961,491402,463104,525206,662872,1009987,3413509
609767,480053,438359,511403,463144,536416,635889,982786,2072225
603937,511076,420804,493887,478243,524062,692939,1042324,1914658
578858,491677,418386,496957,467899,519814,687916,1042598,3071629
538310,518490,430325,471658,465609,531987,710938,1067659,2242824
578389,476008,432320,494497,466127,528315,657925,1139990,2440476
571099,455049,412161,507721,472339,536673,649281,1033819,3557679
530653,478617,408758,487471,484212,525474,663856,1076538,2635213
531070,497649,433310,500133,462877,515896,624180,1125332,2355186
542985,491188,404302,497108,468906,500946,609461,1031541,3518113
522853,483877,428198,509756,469099,526067,632911,1113173,2054027
528863,493788,434103,497414,476538,527908,692946,1044079,1975459
518235,468079,399757,482523,468343,521664,681412,1110705,2931664
568537,414453,439490,504476,456694,512987,652636,1045618,1817400
546355,381562,443391,487878,460699,515878,682125,1016891,1799875
576437,398168,434336,521556,475522,532759,667472,1065779,2477881
554593,412594,424720,494337,478781,530543,662402,1030160,1927136
550540,389043,431607,523279,464978,525875,609531,1046757,2065195
584687,407635,435176,494018,471832,536689,645093,1032150,2824150
530952,379185,432924,498802,474372,510492,662668,1287932,1858547
539573,377115,427941,507379,478228,523317,619272,1208113,1778005
527470,392361,426657,506398,466482,537310,674704,1112835,2570395
511210,361679,403478,496180,469850,520641,665564,1108863,1657792
515791,391647,411626,505209,450392,529349,683112,1082225,1679213
506045,400685,437251,482409,471395,545815,714384,1072126,3357192
530295,361949,430293,489025,458868,508286,667331,1060079,2028599
572009,371706,405754,480212,451227,521003,706828,1070624,1964976
548580,388920,433349,513680,477365,524935,680934,1084274,2731138
581765,421385,443620,494412,470899,523142,693640,1050454,1695322
601747,380776,440196,507492,475436,536878,682706,1069992,1636109
595234,379283,422462,510803,484206,529315,650842,1065742,2743513
614933,389303,429411,512319,473859,527125,651796,1093046,2585347
522490,377164,436429,492712,452074,526348,705599,1047357,2288575
509719,406984,432334,496218,466730,515621,641339,1038995,3414729
496445,428211,404870,508673,478883,504434,652516,1045274,2047362
511177,372539,397762,500385,452602,525168,653027,1064365,1920303
507379,417965,412832,474152,456038,522454,650079,1031985,2902338
464294,385538,417683,501316,474453,524020,696793,1198019,1751748
535680,378286,430666,498788,472475,504097,795524,1066514,1849245
558565,410309,397494,486526,472955,542361,711461,1052417,3437216
491439,400202,415713,482790,466257,523534,648082,1025585,2020678
516547,423868,435495,499814,450675,511563,651320,1022691,2083194
524324,405054,425048,514638,483339,523546,660546,1454597,2699801
556116,413179,437697,484377,480066,531731,625298,1276563,1872533
506046,388233,414201,498381,462803,534580,646185,1206477,6995128
456801,392997,420846,480614,455909,544211,668924,1191417,2612842
492089,429937,420334,497264,477795,504919,588815,1142233,1725439
490331,397891,405395,500533,454875,519602,641304,1142706,2229211
497003,375782,412914,501384,464678,527241,615517,1084312,3160845
500523,373086,433699,496325,457810,521882,589598,1086247,1937372
509447,384514,429309,501490,461124,516837,617726,1060887,1944192
501250,396049,428466,515403,485831,533201,612094,1065791,2845798
502526,405387,396036,496327,486169,497556,612322,1083390,1777547
512466,373488,432058,479990,466728,503305,602940,1035474,1817639
522019,384771,447771,498514,465814,536189,591693,1052708,3434854
507615,377974,439280,501831,466594,514391,585702,1016190,2113717
490197,388450,413615,506461,461139,521958,635995,1019674,2066579
528161,376280,417015,518165,468395,533217,575950,1047336,3370941
492953,426321,397350,500268,473622,532201,591614,1037046,2095970
508019,448530,446322,492833,464032,540500,606500,1402824,2374894
513948,394235,427843,495149,473182,521262,578339,1307409,3155127
509591,385591,402388,510554,476916,525670,601705,1193441,2070615
478287,394131,410929,495198,465175,522271,574170,1218574,2222118
512586,393852,391509,499218,473920,511079,583775,1136200,2916319
467091,406756,421083,506964,469123,530692,562956,1079606,1893074
453951,394895,403701,483976,469489,540087,573398,1293347,2195381
496183,368799,449547,498254,484330,544728,670742,1193443,3175900
494350,378309,439778,480847,479051,526570,614520,1156113,2213644
457894,400532,433155,490703,465637,528227,664645,1133951,2104513
464708,382829,426370,496077,479088,522578,634694,1081854,3054056
480744,368861,447228,498309,470147,536132,687276,1095232,1910824
474547,419250,442943,502098,451816,502818,666537,1039941,1951988
502975,404801,406384,479437,474050,532212,662541,1074181,2647714
462927,365603,416186,509862,484667,534035,652467,1051408,1846985
472649,374799,423957,491707,470529,531390,635196,1004074,1756105
450519,384677,426732,508429,460546,518600,701919,1052516,2650191
493512,378039,415203,504350,487055,515644,607449,1062291,1964118
473965,384814,421805,481510,464877,503767,662906,980075,2188519
446380,374663,429823,491271,465935,524848,689385,991176,3190315
451414,387774,424854,509792,471213,530455,617782,982632,1929963
423697,404246,437773,503596,453802,524841,631125,990168,1914049
453852,377809,441095,500385,464503,524418,675092,979052,2872105
450014,371336,431871,501351,460487,550249,676311,968277,1775001
519649,408203,434801,504659,463866,508970,690568,1052586,1726434
555555,492790,441147,504515,468855,538899,661868,1043305,2614119
553568,450250,443866,511322,473738,530466,667044,1063809,2212255
520539,381805,426447,494935,452385,527219,617410,1150569,2071814
501010,395769,420865,489312,477679,507027,611077,1172154,3047948
452724,399249,414257,521758,467145,518120,622191,1289734,1850536
432479,402377,410947,494285,463358,545947,685869,1318940,2066845
453192,389468,426380,495038,465833,509794,634288,1206369,3116724
442324,364262,439210,507273,453759,515288,706664,1051056,2021442
483160,379041,427789,505828,478958,530163,657130,1143839,2149437
507583,389329,402015,500723,469135,532594,649337,1040691,3148792
530576,396576,429078,484056,451832,530466,674329,1012874,2178631
492915,371300,447199,518189,463843,512048,665072,1023233,2011807
420548,388111,457309,487965,474641,507774,652576,1024978,2985018
433593,359907,412618,499828,480110,522001,653096,1144056,1852619
450232,395744,420471,504496,466093,514606,641387,1020567,2096993
468455,398281,424131,503582,463058,512421,660739,1000221,2507516
508701,403192,409355,507951,461527,535654,676342,1007427,1643833
503623,385811,400292,505599,470264,529575,643043,969537,2258095
444401,384765,405256,494914,472973,559033,665396,990171,3178984
509509,391062,412888,496891,483872,531826,635590,1003361,1984799
565244,384162,411172,485488,457743,503340,690271,994479,1759937
476244,404790,410556,492197,478043,528277,672044,1011552,2608445
541622,431520,462299,488017,460906,522917,632990,965817,1595338
450125,390093,415830,503512,458148,505043,627729,978893,1569307
469541,415349,444966,489500,481715,538811,700496,988785,2435085
468124,389154,423479,495033,466148,544939,689382,956613,1727310
467408,391748,443423,509655,469595,525983,704829,936690,1986446
457597,423064,423512,484168,475946,523578,677448,1342402,2971845
439811,404474,423832,499386,467296,531327,657431,1073985,1861428
448581,386670,420246,513254,474466,522157,613114,1086489,1849771
477177,367577,406810,502491,480532,537768,705578,1080985,2575293
457183,414295,441692,490813,480968,534068,673744,1085104,1568386
416037,402480,409435,497593,466810,529893,650781,1063420,1697566
406263,394481,409865,500226,474575,511515,671438,1050083,2847040
383521,391022,407103,507629,465122,529883,644741,1195278,1834783
415488,423789,418053,508917,466268,512426,693734,1074646,1792747
424005,378792,427190,494437,467304,540057,644404,1082698,2676206
419388,392761,422182,505552,467126,532795,656210,1074745,1651632
420495,394044,402219,504423,473337,512983,624565,1088819,1589104
399945,399487,431078,509822,473433,532364,639983,1494168,2504495
392865,414599,408214,501429,462193,517293,624101,1385092,2180207
475247,412479,398619,495767,479504,504156,627008,1236072,2044042
439215,392535,433244,510865,460936,534565,690150,1219812,2844345
452510,368941,430273,482747,466250,539445,618372,1102892,1832449
421232,402060,413032,479911,476008,521207,631555,1068629,2097241
453151,457314,421645,516922,461766,529903,621592,1067889,2454629
442074,393823,415361,490317,463792,511288,652715,1111200,1557540
432272,395186,407094,491784,476362,498928,673467,989663,1600290
409538,447632,453297,493209,478683,545785,649168,995608,3240632
450400,432107,435750,486704,465570,539809,643196,995577,1868743
389620,479331,422871,500343,463300,505471,640877,1452760,1768793
455571,414990,415116,494544,456541,536136,673047,1162344,2912554
428366,423440,462566,496296,476775,532133,639774,1130802,1894923
414678,385413,415815,487042,466031,514904,641099,1089170,1883738
443280,385783,413556,504679,474201,540203,624844,1088404,2894249
436987,409804,417700,512557,461145,539617,980822,1039690,2203415
419548,425265,433045,499980,472479,534412,692428,1055461,2056692
491252,432897,412956,513822,459674,535141,616896,1120454,2846877
459576,449731,422246,494832,463702,511965,664144,1060285,1923346
452807,390687,424338,519451,476794,523297,674347,1033033,1798175
415203,376725,436139,496677,467152,513355,639135,1062409,2513321
394936,371847,422591,510813,468402,533196,637438,1073290,1684868
422608,399811,448342,512534,472924,539420,625008,1046946,1611534
417614,364019,447013,495098,486947,541173,601613,1055628,2885450
433293,408593,417200,510764,458031,526778,618825,1052576,2006674
444532,392514,425190,497754,468693,511750,598034,1105109,1999328
424118,425458,408062,493217,465876,526810,602545,1055964,2899073
421981,382998,414875,515711,462553,523437,587908,1026331,1736100
433411,421169,416356,495518,465453,516715,572473,1119843,1686801
393467,441231,396104,508823,457561,529134,590010,981797,2774605
387537,424914,407335,492295,462388,515891,585573,981151,1559462
377229,393078,419510,520310,455881,519201,585106,972331,2198094
402404,397021,429043,497659,474804,510142,571203,1033227,3139191
416217,404744,444255,511147,479218,531309,567296,1389497,1907728
420301,377146,423390,505402,459345,518888,591178,1158613,1860783
423148,424704,445507,477506,455310,541601,581513,1120360,2744832
397245,411188,431339,500359,477693,520506,594381,1070600,1733530
396226,417312,419512,502694,463016,518942,572475,1078469,1640965
420111,403301,442714,501239,470863,545906,567200,1059425,3382737
418041,440593,418944,498862,477819,527378,586421,1031643,1990211
421530,376099,428123,501729,478780,531201,574187,1036372,1915843
433681,401265,411545,505858,471175,515416,561010,1034079,2894394
381957,400229,415844,491935,461210,530777,589465,1021961,1876742
425926,404879,414089,502034,470016,507274,683077,999757,1810539
446895,384099,416712,493771,452286,516280,624189,1011879,2561742
454205,410650,420957,487384,480422,537408,630466,978567,1678795
407572,388254,422485,499346,480646,534007,698555,982051,2008201
486554,404744,400695,511832,452805,553401,622433,960275,2988714
443922,411785,433288,486623,468222,523689,685556,1002711,1982208
446919,398881,447228,506405,473208,541533,640197,972441,1826205
396193,381053,418441,492267,482284,519785,624657,976498,2578125
438355,423262,433383,497755,451979,538777,621546,974187,1695485
415468,415309,425613,496603,475082,516716,615600,962929,1654323
384483,370605,419346,499626,462872,520684,620763,995531,2463510
421790,406633,410775,497313,478813,538087,614460,959794,1596268
422418,398259,399988,496053,462872,532176,635080,949444,1697492
423931,400349,428208,488430,472520,542965,625244,1346107,2427813
406851,466000,422214,489479,480302,506984,670823,1116893,1486717
403102,426666,411521,510360,475861,542052,626154,1122498,1607002
443324,408697,424656,498403,473277,538387,645278,1301160,2363540
412714,358474,420119,505958,455524,516789,656725,1116850,1470708
421135,400394,421430,503733,475210,523447,633829,1104571,1581261
388640,391612,443153,511141,483034,530499,647654,1035085,3101076
380939,418954,423294,510380,473073,514459,649647,1067097,1984600
402479,433827,413068,504331,475153,502975,643281,1057740,1894814
410414,441377,439262,497631,461081,516838,622526,1021389,2691825
408007,435243,396601,501342,458854,521130,643550,1102387,1751838
416589,414607,424595,508140,464751,524703,633879,1106884,1721928
390915,404654,415305,483571,466333,529199,618092,1173568,2473452
449314,371121,404093,483650,464598,530422,639659,1100216,1632655
424652,391325,438080,507146,461118,500039,647629,1045890,2188787
421829,384072,416643,507933,463681,533866,683384,1048283,2897982
414465,397104,398054,496883,481195,520626,652648,974536,1931289
428329,376947,439246,489622,470163,525727,698991,948218,1847134
432787,366552,436557,519160,456134,531914,653846,960060,2488613
447887,392076,457042,508401,456100,528262,662386,985005,2002995
432290,415456,428850,487101,461477,522171,670848,1314073,1966956
454993,386375,445749,499158,473200,526834,639225,1016914,3427536
451026,481701,418946,495076,459803,527652,660704,968118,2045116
417363,413679,425041,513497,450666,519247,646299,1268378,1987235
543674,423435,421944,503000,453555,522589,625807,1149684,2995369
492147,428256,399412,500017,479558,530992,639613,1055840,1841032
476575,422770,416239,496022,461515,525945,625057,1033130,1774534
442069,427169,400005,506130,469290,506017,627696,1003491,2550909
459273,386966,420968,494560,469829,535828,661700,957157,1986392
441317,445700,422748,513248,480284,517219,629818,1031773,2112731
424630,419303,401459,498552,470878,527664,643080,1073839,3362969
449575,394283,434732,491415,462192,534376,651779,1026524,2042461
473850,400433,434212,478937,460980,494217,632535,1013540,1865291
483964,402601,438081,520663,466277,516205,638253,1132997,2465812
457414,475517,429453,511432,475480,524775,630158,1072903,1654473
412930,455351,440799,522578,466024,508866,629130,1074300,1667149
434099,493720,429459,499009,460710,539432,636566,1058216,2275230
441206,481021,427897,496120,464718,535638,674227,1068910,1812702
426084,404300,407417,494493,463590,524656,626188,1074885,2049091
455628,396999,416556,496887,468169,524791,622944,1063899,2617826
471008,420514,421567,508971,476244,539856,644290,1065789,1759593
454892,402232,423051,495105,458301,515494,652232,1045004,1716830
402512,368879,440557,504057,468377,543219,617274,1057109,2375957
465578,419083,421644,504647,470129,545743,633862,1069195,1674045
450956,412289,424508,479004,466973,521624,637978,1052610,1938758
446809,405544,428650,513145,450456,525330,657873,1031020,2913799
420001,391263,438541,489271,459839,538755,643859,1361386,1899854
470062,423453,430207,514928,458644,535938,629067,1231734,1839304
480441,422178,414755,505379,486697,520321,642890,1173481,2629377
396242,420862,427719,512473,460595,526290,677578,5790369,1723285
418601,408444,413370,496339,462972,512244,679467,1246257,1679084
427375,395147,405530,503403,455648,516911,663334,1171356,2410906
425687,399967,408523,514383,489209,519234,624917,1090632,2175794
430519,378165,413249,503272,474696,512432,661690,1081857,2019482
430546,429787,429401,500684,455702,533059,1009051,1082199,2816055
454248,428179,401654,501659,494904,518060,656184,1063239,1824354
412152,417694,422465,511153,447211,525835,678811,1030150,1773960
413871,402736,423963,524197,474662,548551,622168,1048884,2513547
424149,415558,435973,494323,470404,528311,656287,1045910,1658247
424014,393701,435895,501863,480345,524721,629782,1066838,1664588
405467,426173,417607,487473,457273,511720,981483,1023034,3057831
442872,416570,415064,517350,483455,549200,689003,1010580,1990770
421839,398411,401856,510415,472370,517362,655299,1052439,1898928
403219,444035,413483,495551,462882,554965,635261,1018403,2664487
432561,476101,395640,494644,459108,534448,687599,1046407,1758671
463797,443865,412693,493925,449714,520891,654899,1030670,1764981
505938,364579,393806,514582,474738,541022,634097,1054523,2465663
432334,392204,431047,496555,491734,511021,614440,1104756,2170667
469608,390866,420633,488183,467494,534495,647167,1191550,2016420
449563,409623,447733,515173,466196,524591,632949,1322358,2726894
463094,398464,427703,479574,474185,508167,619142,1228811,1804927
445160,455542,444953,498446,477294,535571,624772,1255452,1776856
417408,411276,437987,512555,463332,526471,579504,1158408,2513234
458816,375779,421723,500955,453767,507594,602356,1319587,1635084
477510,429854,409709,501449,450920,521366,581667,1381120,1983603
410850,455352,409483,498071,490436,511496,572678,1162002,3392488
423987,470171,420089,513414,476946,523005,602354,1129650,1993613
431007,428439,409125,484734,459360,540067,586634,1082968,1827394
426005,398341,414184,507311,471445,528578,599672,1087626,2849181
448643,398427,426150,504652,478452,507511,584014,1063758,1748466
508309,386996,423698,507412,454640,521912,612197,1078496,2026740
371906,380207,404746,515731,463984,505360,573331,1178329,2907943
420298,442258,448719,492198,474031,526556,574014,1151334,1758861
450057,379608,431984,518918,447227,521054,567778,1267322,1765301
408132,464082,423417,497761,465902,524617,564748,1063368,3204372
412363,417070,428155,499375,465609,507205,575820,1087080,2140365
412669,413525,437985,510697,470208,510183,605725,1090712,2021608
459546,388851,423571,486061,458645,513584,609733,1048728,3066904
432735,401205,412742,501218,464044,526946,688241,1065316,2098037
490812,402402,407623,500394,487781,532325,623282,1034634,2042020
403219,393072,427078,493380,452985,530923,625716,1038801,2871870
451725,420730,418341,516052,472996,521456,629431,1051518,2292285
432591,413461,407641,485229,463968,510635,679749,1291688,2151762
410743,398397,412141,520288,468704,529685,659537,1346706,3185221
419818,386260,423437,508039,475294,523314,669301,1263724,1856795
453498,400343,405555,509068,462859,531983,654999,1246002,1817381
388748,387803,435260,496779,459652,540996,632555,1227996,2982494
442198,388085,439054,506126,473450,530296,619548,1200130,1659226
400954,386181,446598,491715,464083,520056,622030,1176626,1700475
382394,401907,434258,492097,461613,522963,681090,1154859,3442545
462217,379949,433975,493798,458777,527180,688361,1153238,2161492
473458,389733,415028,484640,470031,515093,643623,1147364,2028376
433666,384054,416663,494917,461438,540272,687252,1132590,2920558
477083,387593,427710,522575,460298,525935,693738,1091886,1839961
454083,388017,416181,506857,466384,515605,659875,1115762,1835735
437644,417907,423409,500864,462596,536404,677707,1099057,2941058
448476,380694,414290,507022,465618,516793,676510,1088998,2009748
410205,399517,413309,512674,471556,500512,651850,1064145,2868383
405262,413935,462898,510488,466293,543201,674816,1072566,3180327
423984,395592,417294,500484,461915,536487,669938,1064989,2017283
402133,369578,436054,486940,450759,519622,633065,1067154,1964429
401332,401512,425148,486120,486711,514653,599789,1105445,2988009
445379,388407,430725,501287,490385,511061,675179,1065995,1977796
418847,388263,412058,509993,457959,509334,682502,1024048,2035107
448772,441508,411826,502525,460214,512698,728884,1052789,3199155
485318,406134,414222,502764,491495,505935,659097,1376307,2131442
454652,393061,399270,495055,459066,511266,667260,1111380,2022914
455246,400696,435734,508890,473180,527160,665425,1121574,2931151
486873,395462,425522,484163,468254,547183,637528,1085250,1918832
470017,390510,432331,497119,454325,523626,667326,1098373,1858631
469139,403039,394245,499078,451327,548939,673017,1058704,2627020
450704,414404,424055,488005,470959,528026,688483,1084185,1776755
493324,383829,421669,502876,464260,531796,661656,1020290,2348373
453324,374821,445148,515996,466293,513547,722151,1077841,3132464
501963,491458,440938,500751,447961,529824,684308,1068907,2069545
535702,413059,443211,486797,477737,527511,716352,1074364,2072550
467055,420077,439306,500633,474474,532528,670431,1026941,3000247
457620,388098,413692,520973,465386,519477,673087,1046401,1927574
452160,403864,419046,496168,458341,509020,685872,1255184,1945210
441870,412711,404554,489129,480942,536988,639815,1154232,3366860
470694,369552,412622,500876,478851,520651,687142,1178497,2041935
457511,406982,416670,510221,469803,523047,630250,1129146,1929968
511226,402751,425472,506043,468197,516903,612609,1189846,2849168
479167,373509,399012,498659,468639,517134,617035,1090285,1774988
459780,410514,437523,484108,464690,515913,3317303,1037325,1793150
439908,424957,411387,488583,467370,517577,1577368,1085578,2692095
441397,379793,412756,509078,486925,518965,1122258,1067061,1725070
494493,389485,425734,518297,454676,528297,707841,1162214,2315632
514612,379983,433788,489695,467493,517092,627945,1524801,3094768
493501,419867,417689,514559,489120,511785,598527,1222805,1922869
427213,438994,429003,477171,462339,516124,619096,1133249,1818303
425778,374807,423367,506775,465524,543168,601139,1102697,2657723
440841,401336,421090,486342,475313,526991,615922,1119179,1692040
423737,385920,396264,485846,476892,526631,636951,1119813,1793159
427817,482817,428590,491650,479661,511038,625606,1082719,2693575
466604,486332,427895,493728,461656,521043,602075,1064046,2042490
441606,397355,405714,502977,463161,509029,650567,1038922,2134471
488201,403947,440404,500536,471353,526127,626269,1028765,2855205
458554,484817,421142,502534,475134,528739,637242,1013567,1799541
461210,428495,420035,510844,472179,518847,642886,1008694,1767496
467215,385990,433000,485102,460666,537107,698721,991970,2711047
467057,386348,402897,519020,475643,549601,668147,973454,1702223
380799,450223,429787,503435,461756,521143,653211,1030081,2039716
447478,386324,407877,520863,477817,526388,640236,973284,2912620
450576,403537,412092,502172,461510,531142,646357,959446,4081684
432151,382514,406625,491263,477655,541981,648915,963768,1802944
465405,403587,417344,510998,477581,516598,638034,962197,2708951
482896,395153,399427,495789,479748,531181,688398,965025,1612834
495049,462832,426721,499362,452011,539661,665319,985383,1604839
467396,423627,430347,487250,452801,515969,621837,956491,2356654
460419,392506,431906,490266,473418,532787,636657,942970,2277264
470047,400261,430493,508331,473743,520739,971799,1193890,2048069
421185,423192,445408,480293,470649,529976,712313,1168918,3115249
408145,450949,420240,512954,465895,521541,650096,1123369,1841122
412605,408823,403733,505505,458903,523842,646795,1125192,1782764
419849,402083,422847,511919,468375,515832,646658,1191523,2612268
449246,403423,404336,495712,468887,529433,663759,1055063,1558085
447400,383268,406782,501182,478917,534147,631156,1068206,1580304
441453,393865,439099,499731,469696,534507,673795,1025225,2421487
457703,408005,391471,493500,480258,521708,615522,1012562,1982339
443193,412715,451196,505907,465552,517959,616860,995321,1937605
446619,422142,420854,476711,481927,545274,613139,1030775,2973663
533349,445127,437785,489133,466855,531024,591550,980601,1765787
412201,399639,427950,505619,447367,517584,607486,970414,1732906
470374,379474,436726,497251,454247,517778,632859,948531,2780647
496873,429865,422751,514080,462503,513340,593194,951911,1640663
498074,401055,433864,495402,460219,517902,613104,951501,2171553
466049,436376,414355,507963,475302,521561,585858,1010201,3108757
403928,446314,420943,516485,466154,537834,575164,1013590,1920564
444107,402894,410185,495362,470350,500797,602971,937529,2205552
453096,365883,430141,513792,467490,535316,567131,976251,3129976
473822,391294,398070,503183,459211,540015,587163,964886,2158756
444534,389052,402971,503677,466197,523644,598799,981654,1951077
441694,394578,429896,518478,475165,542756,584458,1012200,2748412
439106,381960,421331,495170,475340,520154,573599,1312358,5397883
478578,421520,421678,490750,461662,524945,595855,1090337,2253737
420297,432960,405816,509299,468223,520730,585187,1110134,3142434
419462,387069,425257,511885,454032,518372,586299,1058500,1938152
439319,476803,449883,507871,470918,510264,568752,1109474,1907303
487268,487416,444198,506172,483222,533036,687078,1080478,3679480
449478,416942,422294,505427,471862,526843,611842,1044984,1658033
423963,387972,417309,504656,479143,519004,621175,1048082,1923867
414512,415597,416720,507189,466386,532019,703289,1003550,3145002
408791,415278,403075,493123,476061,518773,662281,1012340,1935720
412989,406094,415332,488635,470070,515745,666016,1050611,1845843
420665,389555,415862,508969,457375,531421,713999,993141,2746859
436244,418051,415032,500320,466515,531713,720417,981981,2014714
461310,396131,421872,494173,481346,518320,622633,985105,1948970
430769,406053,423826,496345,473826,531277,616192,968926,2540837
414973,438800,449354,500641,458299,556043,707985,979674,1844432
414711,399679,435078,506320,465956,537459,653581,977867,2061420
446661,406052,398166,486981,465754,530777,628142,958452,3007482
422361,417805,442942,494951,485528,538324,664958,977246,1864571
424559,427171,411041,507362,461278,508617,629281,1013675,1826870
444151,392306,412982,493209,459661,518081,643400,974464,3217834
463108,375746,420214,512246,465092,555727,632293,966078,2122564
449205,396962,411555,511438,465876,517925,621027,980058,2034731
449952,394225,410756,488553,490076,527016,665938,1413245,3440781
410169,386120,399170,496456,462153,523913,654972,1129800,1990924
427065,406650,409669,512161,470241,515657,677802,1112974,1890746
434786,425168,446090,490752,471545,550831,648611,1144034,2883024
454061,429351,421499,512090,473212,513342,643655,1086394,1754065
475783,396462,443121,500561,458630,522664,699508,1081079,1815147
424714,406869,414093,501482,465093,521650,663635,1080285,2835110
455262,388495,428624,506226,470830,524831,641726,1067884,1918199
460500,373940,432862,492056,484373,522471,716209,1022209,2137658
427200,403298,417769,514123,471947,520542,697431,1034948,3110465
445834,403757,428372,495084,463878,541691,641750,1072122,1913491
450843,372666,404944,493974,458352,508931,649231,1001902,1870780
400641,416573,399110,504702,473580,536387,650657,976422,2761922
454994,463938,424086,488037,464126,523341,700635,1013740,1799713
438841,406272,403335,496508,463402,522873,668862,1002746,1741030
435624,376985,415747,494075,461478,511117,695567,979394,3280762
452406,405473,411057,497949,461617,520172,662306,1069625,2133882
461557,375298,419393,488904,474365,494880,737621,1042069,2006974
416143,408355,433613,502800,463543,524332,623580,1080648,2941141
583928,399451,435958,498546,456766,539453,709664,1062461,1667221
468880,417150,416805,508818,468614,537741,624443,1027517,1675665
438688,383146,415512,513478,469346,514454,616780,1066703,2481010
435416,403198,417228,512967,485096,526780,709254,1016071,1955979
439460,402518,434076,498900,459563,519891,619745,1446886,2036676
434289,425904,408657,516793,466534,529070,638470,1306970,3171516
425082,413813,415789,500866,471083,535859,601863,1244741,1787457
465752,416063,410970,510075,479156,528078,632020,1200767,1851177
435828,440640,403875,482703,474168,518889,652480,1168766,2805942
463591,424428,438885,508870,458922,504659,617621,1137827,1657888
436020,393069,421350,501675,462476,511047,659785,1082472,1696280
461388,396560,422025,508221,468042,516251,639245,1110960,3410560
459015,400919,452248,514219,483308,538040,655837,1063804,2054612
447383,448509,425105,507703,465454,514854,650779,1053534,2011369
428137,423327,412020,518307,465897,517103,639575,1037654,2897028
462084,383564,442573,495792,477278,510679,651748,1068793,1756785
480327,392779,414692,504686,472629,531752,630978,1034092,1817262
510496,404709,410713,507088,466033,511041,675314,1040202,2940324
517978,409366,413093,478148,466602,534082,671743,985830,1556473
462539,384205,415926,513744,479932,530050,682921,1013417,2014135
480375,408871,402658,492236,457326,519542,634854,1002224,3385587
447648,403577,412427,511607,476969,528402,660900,1026760,1964934
388855,389101,406521,478897,470832,518471,641710,1017368,1923717
424489,409660,440636,497961,463441,533650,632035,1027692,2946636
460050,389835,422520,504789,497492,523165,627760,1001173,1733839
452244,443841,419710,496245,457350,506024,621007,1015441,1726147
474928,413288,405140,501333,481710,527543,627177,1004038,2674648
478545,397763,441178,492005,457170,503837,641544,1330899,1597519
441008,385404,400924,504104,465670,520738,652068,1184682,2192452
484143,385478,426807,497788,471572,522562,635175,1098537,3332816
459211,418631,419237,493363,462593,527098,655254,1103008,1932145
443156,438321,415228,499803,471361,526101,679077,1085368,1904558
526680,398773,417707,503163,468486,517705,708785,1040533,2847129
502172,379860,408139,494508,490567,551393,688195,1059144,1680394
440825,370037,438122,500054,467473,531116,636382,1033465,1711604
491915,376253,428464,505837,463131,544414,632441,1055960,3529915
457505,408187,443360,500652,465540,520939,817561,1034923,2015845
478102,388976,425906,516630,458949,527129,711513,1029110,1934019
423375,395943,425326,511228,469032,530707,649756,1024723,3067485
498265,391904,429253,504035,497904,537777,635106,1004664,1728865
463634,384967,392379,511995,464960,511563,636396,1050737,1660644
445001,381016,411676,499005,446918,538994,645393,1028748,2621531
489268,414346,416785,505404,471913,517790,642986,1004321,1565400
452518,412908,431263,498902,478992,495578,668687,1024347,1964943
449396,414916,423308,487081,458548,525962,675876,1288991,3251490
413227,387728,416707,512765,487095,505405,639258,1061954,1903977
408569,405405,404283,491080,474767,519065,602842,1036821,2194771
440160,394816,426153,510138,466349,539675,626101,1047460,3186350
483574,381730,446645,504973,488715,522990,594015,1046643,1853325
473751,413446,408064,493140,458347,528866,612628,1128525,1891609
475379,388184,449884,511232,443791,541194,614862,1560653,3667061
480451,398082,426897,511626,463826,533487,594967,1269603,2053799
625896,423035,414981,507393,475234,534067,599688,1226251,2015105
438675,421097,399818,510436,453053,534797,616693,1211687,2913387
456920,405502,411464,489972,468590,537033,595834,1203247,1635223
423122,378064,403924,511107,453957,508458,586659,1166615,1651790
445443,383831,407994,495438,476210,514268,601106,1139334,2599499
437049,406241,424033,517609,495544,523120,587087,1131739,1578482
495171,388915,439350,505130,457236,510163,589760,1112468,1675455
489887,402911,389799,525782,465540,522359,587539,1152185,3270217
441447,456019,431315,498336,465359,548074,592464,1124904,1952891
475988,419747,447201,495280,474109,509103,597452,1079931,1897116
455416,393679,439188,515205,457362,517820,609285,1053135,2990741
419259,397625,444140,490441,459083,547043,578844,1062443,1747388
420816,400478,423205,486532,480593,501591,659707,1091836,1676995
514214,406108,418538,488726,474639,516635,625716,1030806,2732225
451323,388216,410117,497726,467624,515310,648618,1053365,2084550
438119,413648,410439,506329,466245,522069,637682,1036206,2007217
488679,398471,421048,488060,466208,531553,675161,1049061,3116050
486983,406253,412656,513108,470820,538351,674923,1033800,1967892
440847,406057,427826,495249,481269,540183,696594,1073483,2168589
455070,386607,393623,501226,465096,523405,649109,1046462,3063586
473924,391707,404374,506759,452994,514150,627885,1044217,2006669
456868,444186,404127,494683,484922,506966,674312,1471056,2267948
456625,400144,440134,505347,455316,519799,644551,1193245,3210722
444991,384688,432712,498405,481953,540872,704796,1237721,1915955
422916,419080,425428,510394,455008,510875,630807,1203552,2025655
468834,410076,429555,482842,476526,534654,638108,1175163,2991550
459889,386307,409067,496078,470313,526903,612348,1135794,1884659
422850,413966,419300,495810,476503,512417,767039,1127125,1862365
523546,417687,425348,498235,468283,514900,625411,1098715,2574154
500646,387661,404342,506375,456213,522546,643798,1130975,1951805
475759,480726,402084,490938,469493,502134,670952,1007473,2247292
470531,454299,428680,496573,461837,550811,621020,1049751,3033116
484592,391153,402761,503921,474684,509934,630372,1046458,1922409
474713,395256,424718,496699,454053,512272,644577,1043180,1837781
420452,391116,430413,509704,464191,532690,665779,1046846,2802784
478443,395322,445434,497733,487601,528463,633472,1074497,1760507
474685,431850,447198,488015,473157,517804,660219,1012583,1756574
494123,422857,455167,498556,455319,537829,625303,1015023,3273194
492953,418408,423717,504735,457247,542504,647578,1239344,2122190
509906,401706,400559,522750,469491,499776,651041,1176216,2019951
467411,422868,416996,490310,465206,520605,633351,983613,2867021
444184,416395,401284,525616,470440,517251,666620,955109,2035631
416533,412769,417375,509518,458251,526032,684455,958381,1990565
460020,411021,425757,498777,458193,517809,677737,1003688,2549600
460698,385616,407344,509383,465529,520007,639179,1486779,2286725
458456,447804,440426,489494,466711,509903,661149,1277926,2410308
468290,419951,432693,492517,473090,543942,628918,1214137,3121777
462315,397926,416297,492582,460583,536981,654378,1088781,1865705
456444,396971,438394,500999,463867,518475,630062,1097960,1810230
467378,414091,436629,501850,484852,536346,656415,1002080,2666035
454985,399181,414287,494147,484324,537077,639925,1037914,1553409
451901,397851,408354,510089,456693,532494,664036,1037746,1585608
540026,384428,424867,504030,476819,533072,622825,996026,3494763
478292,404258,410227,501499,473659,532894,644139,956431,2071529
478291,411630,404588,501445,459987,534592,669926,1066064,1996590
473484,400443,432940,493730,468774,838149,642307,974934,3107201
491571,415075,401860,496207,481293,566350,656410,982959,1845274
462405,393601,421484,499061,464022,544252,709315,1011760,1872021
463257,435243,430584,509099,480950,539530,656986,987859,2743371
430602,387371,423115,498788,461294,537780,688092,985233,2004116
406712,365937,403276,501692,472588,540990,637886,961647,1901884
496046,380025,431681,498263,475507,566610,615517,962742,3583691
402105,407914,414874,495060,470446,546440,685545,949102,3428138
587225,430271,442360,517615,479593,570655,676230,939910,1990910
527602,393317,420054,503677,458049,536960,644394,1004334,2995676
469940,406328,410909,503956,457866,564762,667921,986550,1738437
434016,398241,427885,515944,470183,556882,646839,937606,1731826
454083,405465,424170,505485,475399,570608,631765,1280594,2703427
449271,415753,422077,494969,465989,537557,645233,1265694,1880401
396575,424658,405959,495325,456239,538489,622710,1059132,2075110
497830,392771,412801,499498,469223,552685,688856,1041465,3091907
498592,415933,416083,502066,483849,569861,643369,1013635,1881080
532795,445227,437585,507420,472844,560564,680931,1028818,1831905
466369,414494,416631,488716,463154,547719,680595,1020810,2774212
444944,385846,413091,493892,457368,556046,629661,1012911,1764603
452281,432663,434298,506636,462449,510786,619601,980433,1925727
423923,432614,421348,503910,460052,546490,609421,981063,3555356
482931,401797,403572,507769,466703,521839,631786,965968,2109652
494867,395736,419519,489511,473075,535352,623151,972898,1996409
497476,417158,428985,498449,486657,543739,621595,941643,3009570
530233,425338,401059,502405,475187,560588,640755,948176,1823972
507559,381951,407808,513326,464411,555102,649130,986409,1785063
484212,389340,438218,503589,460757,521669,655381,935784,2585704
445700,398753,412654,487501,458671,529586,644114,950400,2142889
464046,391263,420038,497911,467567,512741,699771,928510,2118033
466016,463401,436890,507653,469674,521694,851055,1354398,6126689
523959,424638,429061,506374,461155,528870,698319,1000414,1863060
441086,420391,415940,503676,464544,528097,670577,930263,1825197
496623,411483,427295,510130,472639,502052,658134,1045467,2750693
516428,406068,396615,502624,471821,531374,656662,932209,1695992
470539,390580,416710,498138,479432,525095,662505,1345624,1725820
501152,392600,420194,477607,455709,519745,622206,3321244,3546630
430945,442002,417307,519604,460398,531296,594917,1050592,2102887
415696,422771,413314,515093,477290,517875,644422,1044504,2018661
426025,390732,410683,506252,465736,516805,632086,965428,3008984
426732,381063,416358,497379,468015,536284,625146,975487,1874411
450082,389667,413277,517382,452824,519791,617002,1086096,2073597
480028,403100,442336,521096,467046,505865,589570,1008916,3135172
477215,402809,413621,500619,468625,524627,578641,975623,2280871
501725,408224,431635,519420,471124,511377,608942,957552,2327689
499882,418424,445402,477333,473705,535144,579824,994918,3357901
465535,399881,416800,504686,483493,525091,581336,948362,1845550
454087,440909,421036,509120,472625,513916,583943,988603,1796863
417394,431705,403244,521514,473925,521357,566498,970479,2682532
516502,396300,416554,498112,461697,511923,571956,981900,1731769
539966,441149,396593,519789,473044,503109,583915,978838,1659019
459059,420261,429917,508242,472601,503621,583989,966975,3403008
448869,388760,427528,494712,475380,511454,564786,989674,1949681
425130,391271,395580,501895,476729,510795,583942,991343,1831875
419865,431998,412867,503967,456671,509303,572838,952203,3326187
378875,401096,427949,499408,467605,516469,574447,977550,1976194
458380,384845,414862,501744,482239,528449,613044,942689,1915885
466638,393029,424856,508787,461921,534213,632837,954152,2931754
420220,412180,426812,520368,466918,507450,622969,1459752,1724433
424698,431379,412669,488287,459252,521850,726180,1148569,2112411
477419,390543,425797,518964,462506,510251,632047,1115617,3187119
494193,406449,406131,489167,477932,509677,701545,1110875,1842096
512500,441536,424640,495703,467179,521481,693541,1152730,1959355
518764,384411,442556,502480,456704,532533,622834,1088049,2645519
542879,397144,393794,490823,468580,520946,657664,1049272,1894572
501099,395364,405503,516189,483770,524072,670840,1091555,1912242
462273,392719,432187,489715,467618,543316,671972,1119675,2583250
513331,436910,451276,503428,468099,514646,696466,1069993,1931615
462682,433868,440925,506295,460095,508561,637698,1144929,2047954
489019,379982,434352,482636,466411,527230,642152,1045280,3021956
478705,384770,413201,495107,478556,530022,667074,980887,1784433
460599,393029,412265,480564,466528,517399,672593,1010165,1806964
446246,397597,409836,496369,467827,515885,663615,1009855,3363862
472263,453343,397521,490347,448845,502963,669474,1050904,2014301
485879,484633,431826,507032,478977,520824,635221,1045706,2221324
501203,412367,409260,510501,465354,520173,672065,961573,3267547
476135,401176,420124,488208,465127,532458,681175,968777,2011784
479341,416843,410917,517912,479804,501612,642875,981560,1964053
422419,428688,408492,506429,476229,489732,620073,951659,2823441
452539,411920,425283,517047,455927,533344,665576,964182,2023520
500220,401538,428954,492942,472888,514897,640735,991091,1974802
480274,437007,432014,501607,470792,523672,620716,1242556,3298793
459481,450032,431398,506813,463059,508719,680929,1120347,2217261
463450,419457,431312,495210,474906,497609,692792,1085623,2095769
468368,415465,407898,491452,467737,535219,631911,1062319,2913653
432014,393425,419188,491929,469053,532329,649309,1122330,2000259
451409,434600,411791,504987,459345,503271,673965,1102085,1811837
431795,389195,431692,497574,469375,537524,638849,1061166,2822109
427654,385376,404015,487799,478807,530420,699391,1052573,1639158
429345,378823,423770,492687,473314,518920,694907,1032588,1623572
437090,402199,412287,486420,452254,529720,658440,1003482,2630234
438072,394921,415924,494887,451190,536656,666560,1159698,2131362
504930,392286,452669,507252,475069,504146,652324,956125,2044581
434522,403127,425333,490886,484195,514746,643312,967991,3156074
438332,433479,424646,513757,463409,519150,658840,1003506,1844162
493320,526841,435419,489415,459368,532503,689312,983166,1795604
499866,466443,433750,506877,479749,531982,659316,995889,2826454
497301,433472,426998,507685,468141,523490,721390,992559,1643660
446121,433710,403796,491933,465833,509919,653720,947876,2228528
435079,426231,414791,497580,466617,533526,615428,933362,3178168
401793,443623,427386,497796,455197,528322,661426,983330,1880470
580955,395705,425198,526747,470037,522004,639151,942795,1741916
487772,394884,438864,495661,471733,523770,640495,943298,2973693
478844,390498,435511,486483,467027,543193,638732,952459,1933075
490637,412749,425930,499174,461314,633685,632629,1286144,1798697
486657,387311,415926,504808,470817,493780,648833,1144502,2685899
485182,424247,416384,490431,463422,516185,666835,1080839,1844186
509992,419477,410578,497700,503614,540838,639231,1141915,2135465
463928,420054,409515,505347,460478,524424,668779,1131553,3234556
465712,432409,439696,507140,466094,520574,652171,1065318,1862598
468833,403821,424967,498281,473833,532025,711887,1054996,1689256
480842,380938,412494,496212,480583,539568,635795,1086287,2588390
509412,412096,424417,507708,474110,531850,644166,1032053,1589482
515886,411750,405050,520808,457636,518922,639888,994086,1915102
439294,423405,427041,505312,481043,518418,627964,1046972,3172046
471562,435915,427630,493995,470977,525401,675166,1083382,1813728
474543,415048,409614,507199,457166,515752,642339,1064239,1775604
444566,405123,409951,494294,468608,530710,669699,1074601,2711531
485990,404135,411071,515355,487823,515088,646936,1203993,1929647
497632,383345,450493,499254,451506,506136,637483,1035342,2046338
488830,428219,416700,512180,493074,519914,621677,1043098,3024656
460896,394734,444882,489437,469160,527904,661400,1059188,2292244
461882,409596,434008,486665,475037,508393,662944,1066851,2608737
457494,402379,410301,500757,468325,534922,610525,1050812,3703271
453686,406902,420039,508631,467500,507036,615708,1030228,2340155
460281,384192,403821,534453,470428,519551,651680,1053293,2616641
483185,391804,419968,500858,458448,520741,674855,1028889,3932179
412647,415725,432370,484353,461315,509209,630345,1463691,2333425
442256,378426,400627,498366,466164,521615,656558,1426541,2344768
456449,391351,404555,517267,460857,524716,665857,1354372,3453904
397843,395999,416975,503472,464821,505156,668168,1272002,2068393
424309,427597,434589,491229,461951,504553,886051,1112422,1941021
462113,416936,416289,513055,471001,527960,684780,1062802,3095524
463658,401026,430793,487417,474004,527027,634033,1063245,2089076
451249,413105,423525,501165,448485,546213,636069,1032859,2243446
470052,398044,427510,520094,463343,523173,670200,1014565,3439553
473283,411444,409147,486342,460541,539008,635976,1014286,2351287
448772,428335,427183,518950,471507,3104987,606475,1010062,2059546
453111,372835,418845,483802,472474,640522,646163,995481,3066424
486107,397109,420227,499460,466794,513420,642064,980430,1868384
500813,388217,421749,505277,467876,532328,628730,976891,2076048
583728,452040,421692,490726,466436,539398,635147,1002707,2942629
508337,423367,438622,496574,488848,528958,594186,984384,2412437
509375,412734,416764,508598,460473,515839,589712,977313,2372514
546103,404081,459179,496862,464069,543345,593356,953078,3594389
495148,373188,492668,480474,483912,547370,629017,986301,2171130
