FP32 inductor b16,FP32 inductor b32,FP32 inductor b64,FP32 inductor b128,FP32 inductor b256,FP32 inductor b512,FP32 inductor b1024,FP32 inductor b2048,FP32 inductor b4096
2314740419,46121954,44879241,52740271,45500383,48283963,44999082,45014517,45612966
117349,111207,135998,138963,166424,208201,219325,505843,642675
83090,87720,132733,131936,152009,178675,211175,424577,655049
79129,91937,136058,124504,167966,191779,204013,418305,578226
75033,84834,122955,116988,156079,166141,193045,417088,616405
74873,85478,132419,123237,143052,182313,196600,418889,518651
74092,82660,111357,123022,148124,185800,198909,416525,550229
79769,81294,117144,129111,149722,185843,194153,402360,714408
72986,79890,136353,135627,140809,184934,191112,400855,595179
73976,98223,144521,121320,155890,177197,181218,388382,586099
71962,82974,123499,133826,160018,169224,190757,397686,560032
71484,81610,134747,115652,158489,181799,249831,375426,522493
77888,83760,107438,113371,158892,178029,200062,388726,759547
72310,79440,137096,114628,159300,184750,199675,380038,655704
72758,78331,141118,123418,158721,172583,200414,373073,597488
71287,79479,126414,114481,154724,167533,202599,403518,533247
74688,79060,147550,113191,154016,168551,209592,370926,616568
71375,78003,149625,112288,157335,155558,196614,506183,656498
85785,78519,146167,113953,148337,177858,285023,365896,619250
75158,78019,123035,114468,150813,182594,265008,341677,704007
75974,76869,128473,111898,131286,175643,270922,389669,643992
72675,83841,124361,113001,132951,172049,260010,373293,568228
71436,81495,118594,112967,137160,181683,274500,432717,561260
78758,83727,127104,111976,149979,178044,293061,412854,508276
78429,87544,125535,114088,130986,173184,274920,380227,526723
72309,77420,138690,113500,136533,170159,258740,380366,676398
70791,76387,112789,112573,134308,185955,316477,393220,644361
70627,77509,124056,107380,145842,163749,345379,478326,570759
69432,77649,119888,112067,147573,156520,324616,430967,556110
72566,76932,126968,112172,157651,171913,286893,453578,581954
73377,76025,128289,121445,135249,168501,344948,412752,509834
68857,77595,126672,119255,145594,181561,315593,431786,511264
68886,76114,162721,115661,136647,173783,332396,419924,662470
76150,76125,138928,112287,132498,173550,287092,438077,636601
69896,94752,162504,113978,132969,178624,289787,410061,609528
69516,79150,127134,113090,143757,185069,310147,542182,547668
69836,78911,113020,112818,139717,168157,275631,452036,563482
69958,81161,145128,115092,138179,170379,289991,391607,630971
72112,75624,149296,111916,129568,171392,305231,423839,739311
68507,74707,142798,124707,134814,176709,332131,395264,650872
68172,83029,110654,126974,133863,171641,287235,410552,542507
72510,76446,144490,133765,138106,160708,306017,438891,544299
73499,76587,159113,127192,135134,172065,255611,477399,617460
69061,75562,142325,120258,135820,179204,312344,468184,725120
68240,76487,115089,125182,132909,176205,290727,441849,633148
69070,75176,127479,124822,126992,174723,304126,408995,601418
67302,74929,136959,126365,138262,173076,274429,441020,555143
75940,94312,133083,133472,133271,172605,300748,439366,545097
68779,79210,110379,125311,133381,182678,338513,408550,586127
69055,77931,146384,119136,130645,173542,304301,398122,630163
68816,80080,121503,122257,133307,171852,308930,383460,714876
68540,75495,164943,120296,141365,183850,317991,397187,633832
74442,76134,112141,120472,132557,173564,286585,436663,559926
68812,82588,151731,127646,130554,173138,321796,547818,630792
68776,75483,132583,121862,132552,171608,304131,427013,607667
67762,75187,154727,120482,135136,189805,285162,421375,580121
68333,75038,111806,119491,152558,161273,300795,404611,654142
69832,75563,129413,119288,153545,155103,281903,387628,637508
68630,75326,122187,120287,160079,154927,267033,382206,595225
69463,75015,158386,121288,128614,156371,274034,413626,557441
68343,76282,137945,135218,153781,172792,287526,434588,537868
67668,76122,147460,121075,162181,176899,342376,387688,549789
69580,75269,112447,119374,127416,173019,321284,396026,524247
72545,77465,129946,120285,161196,172782,323445,373776,853167
68618,75426,111281,122300,153733,171481,307156,416638,601889
68686,75675,129942,133375,150166,174621,299104,416362,618465
74202,81001,132931,126120,129363,174861,317151,394492,637098
69626,75844,146724,142670,152739,165829,304398,391402,597058
68970,75249,111517,127982,160071,170379,309611,394817,565044
68048,75468,128512,120530,160481,183189,426224,410119,752558
68540,76271,115395,109806,150454,173556,223744,377711,614228
71058,74781,129215,109780,134093,171126,210095,396642,613815
68660,75413,111352,108477,154373,170618,204060,397432,563361
68862,75886,128316,119532,158460,179745,211752,392114,532971
69366,75428,109032,116996,153300,165894,207090,525826,710763
68831,75260,130127,109060,156111,170682,204256,429592,614990
69985,83810,122148,112168,158234,172874,206417,415552,560875
69119,75974,128703,117459,157510,186233,193028,382337,513717
69605,75850,123446,119449,143047,174627,201787,427383,521888
68240,75292,143890,129222,155834,171590,192441,407965,526894
69199,75988,145632,113983,155666,172081,193092,393923,510529
70508,74958,148192,112569,161215,177459,208703,412524,712580
69331,74979,112536,109127,161324,178529,202947,408723,667980
68129,76463,132325,116719,164260,178528,208227,401709,631392
68450,75451,144018,114357,152542,173278,207297,422538,635259
75302,75198,137784,114008,155161,184925,212849,401137,656561
69947,77403,113276,114966,143665,168558,203345,411360,563691
67491,75672,127580,109388,156551,169958,205148,386655,702791
67889,75759,137621,113704,155409,430930,267232,394031,731928
68098,81273,140157,128118,164967,196865,197949,422916,620782
75174,75922,129227,108311,129579,187850,276067,424002,595421
68173,74845,145588,132646,139577,202381,257538,401109,576209
67565,75887,129511,116386,143191,182300,309518,528831,535528
69172,76595,112371,112603,166945,184242,249095,433965,544610
68184,75585,128808,115021,141737,175082,276098,404777,671931
70060,74716,146016,111017,142878,180031,213147,383702,581511
68509,76227,126087,117153,140752,185948,284000,380807,594305
68408,76178,110948,114431,140761,181424,276646,408571,539048
68476,74910,129006,114523,141124,192451,271232,408135,537771
67841,81931,137229,119826,156159,180275,285787,410594,513480
72213,75832,149772,130816,170573,177906,314521,427100,747238
69634,75137,127177,111131,134465,186032,279403,422193,654477
68763,76014,134238,108057,133099,183948,283765,385951,587060
72393,76307,127570,107634,141400,180760,313117,385760,553701
68140,75991,131013,113232,141901,168507,319573,377543,517533
69940,75246,139704,111991,155074,172190,337511,401043,801146
68637,76699,124001,113250,162106,162364,329578,388715,675498
69647,75972,129067,106416,146883,170118,299863,379470,557329
70101,74523,154627,122350,141083,178781,315130,422081,513822
75587,78168,127547,124383,145642,178344,263108,388052,506952
70031,76846,123549,123305,140457,176287,289085,616692,523347
69339,76291,127216,133071,139766,155232,298132,470730,553349
68344,81551,133395,123512,148221,165878,284994,394202,681353
69072,76962,126944,121867,149671,176047,304803,373739,844835
70818,75923,124867,123838,141076,166929,313559,384712,562707
68504,76157,129814,124080,137901,176609,316514,400153,548189
68564,76589,125325,123437,150850,180175,312360,392795,526070
69131,76116,129021,135878,153941,183552,315585,407263,517680
68569,76072,136456,125373,142379,165679,300754,391876,716070
69379,77042,151867,125253,172443,167396,312990,404758,708377
68792,76274,126942,124601,143173,177912,341885,407600,741101
69033,75931,146527,126316,134357,169070,290509,392552,635178
69469,81038,150764,122260,143223,183832,297505,379195,578867
67796,75429,156370,129352,139883,168895,306020,387697,539151
70094,75146,137456,127725,140926,165650,324674,391688,516489
69076,75179,145070,123025,140163,168038,302724,388655,701355
68245,76065,138993,123082,142593,162945,261926,386365,608662
68333,75789,154510,110809,143019,176017,331949,370960,834565
68166,75749,148828,112820,142572,174300,297450,380485,574428
69965,76948,159306,114992,155879,178486,318770,385091,509130
68730,74969,132187,115262,142751,185587,315781,379527,534213
68095,74645,158439,115999,143583,180761,305949,529835,733635
68050,76879,129828,115450,155159,147456,318832,458537,655182
74603,75058,158261,110267,143119,154495,296728,417092,531400
70110,76194,156462,116533,141139,167211,317273,413592,570773
67963,84479,165782,115985,133692,162863,307466,413302,533162
68158,79748,150390,111237,141091,166298,290579,417042,713467
68971,77969,153300,122389,141881,165915,297376,402555,655491
71346,78422,132046,122988,136967,144688,280925,385847,571907
69075,75484,121281,116883,143851,165666,312172,398877,573011
67902,75773,150585,111925,151278,171768,286500,413934,683805
68680,75621,149171,115949,140818,170693,310412,426841,557727
68558,77441,163582,110467,141354,172271,320068,404445,522346
69970,75921,150562,111855,143430,172951,300674,514955,737678
67435,75481,152347,114958,133954,177913,325641,408358,708015
68255,78153,127821,116389,140931,160857,299802,405806,596331
68231,75888,144044,117702,140868,165969,307488,374463,615302
69689,76637,203466,109652,141352,177987,330050,380080,579360
69938,83113,160069,127611,153884,172457,281501,398594,539669
69603,76911,163216,115343,153501,173778,469053,560322,696802
69191,76687,154358,114286,137171,160926,228901,731172,622604
69773,76413,151728,116983,149733,174003,226739,412079,560128
75461,77354,154427,110717,134926,173301,227757,406563,545367
70204,75945,152335,112711,140714,179652,217530,432010,535704
69086,75588,158518,122258,155805,162299,219495,400833,546196
69146,75626,150071,113505,153438,170767,210667,407610,510438
68776,75667,151775,114578,140990,175384,213778,408953,709937
75374,75006,151536,109490,142374,170351,210157,437844,672687
68923,83117,150798,110460,134175,163124,198388,401159,554303
68526,75188,149921,114464,155089,181094,193510,410226,547467
67911,74107,152437,109934,142682,173894,212949,392828,512697
68483,74911,132685,108422,142883,176279,206851,386106,527751
70219,76243,109570,114560,152679,179034,202070,394096,690683
68259,74303,108933,109510,144482,161780,209697,416983,647020
68100,75964,109868,117532,154480,177292,192918,379122,610223
68410,75651,108415,111672,142200,173328,208856,420152,616931
68439,74939,116897,115585,152229,178084,192247,379571,617478
70573,74200,109929,112243,142091,159828,213633,534204,674905
68850,75674,109254,114964,162108,168303,213017,441353,602505
69216,74798,109060,124539,135667,174314,206524,388779,575101
69270,74383,108975,119527,157820,172654,240955,414046,620606
68189,80117,108916,116505,141022,180754,200700,378524,612565
70670,75380,112883,108910,145108,161493,263993,380763,567375
68638,75052,110180,111294,139907,161219,209504,422420,647254
69530,75019,111009,116590,144134,172632,274929,413292,727750
67982,76681,109861,115468,161132,170449,266700,396543,635289
74944,76038,107029,110596,162110,181074,189980,394118,582568
68990,75614,116228,117251,136797,174961,318724,411376,513890
86142,76866,109711,114267,139046,159756,189786,409842,508239
71883,75586,110133,116035,154469,173982,268983,389688,562744
72294,75266,109839,111695,134327,171989,292753,403027,674221
74504,82885,109110,112067,145332,178722,303498,403546,636899
72116,75487,109704,128008,139855,179947,309149,416027,617795
71783,76543,109580,128221,127399,162083,309248,385118,552665
68059,75139,107327,126865,141495,170830,336493,448498,506750
67725,76881,109485,121806,135633,174724,310867,385239,539192
70241,75969,108601,121599,137778,178178,318477,392123,542067
67333,75854,110275,143542,160577,172774,306553,410307,842473
68168,77768,118347,119407,141996,171816,318854,525277,639585
68190,76081,110744,111450,155553,181101,306545,435273,541430
74343,74343,110087,115541,144554,173783,280303,402648,548954
68465,77490,108123,114673,143787,165991,327073,411186,613462
68170,75740,107802,116587,141913,170340,279993,400549,565676
67797,76143,111273,110387,156125,173319,306719,396351,695521
67572,82951,107338,111451,141266,178419,308668,389863,612577
69553,75727,106437,117033,143063,176546,315917,425824,629830
68184,75465,106558,118830,151384,155245,305324,403719,607952
68854,75496,106572,112175,143154,171603,290836,389867,638653
68727,76176,115940,113363,144782,170902,310308,380517,735025
68022,75098,116438,113747,141538,171758,310724,384678,644524
69665,75141,105342,120094,149297,168859,286643,412616,586324
68342,77510,107375,112122,149659,176104,311737,391142,528787
68669,75294,107929,111956,142038,182822,294839,380383,516549
68907,73991,105898,115837,141493,171398,294559,375168,541941
68192,77926,113544,193315,135851,172762,300294,390911,519591
69645,76529,106157,125013,142875,159743,267672,390997,742490
69413,75542,108603,132547,142474,177638,302187,528832,663595
67767,74554,107315,116916,154670,173024,319600,432320,579523
68193,77039,105273,108972,143037,172790,297456,417238,619545
72800,76104,105397,116720,142983,173617,317979,384369,611890
69561,76440,104955,118085,153369,174944,304765,388647,580882
68098,76232,106077,117168,143176,182160,310611,418449,686061
67919,74727,113505,111787,137753,169692,325357,397711,642056
68464,75963,107115,112643,142974,174015,296005,416954,599769
74936,76941,108099,120373,142075,170080,338477,415111,587572
68616,75895,107863,114127,153226,180043,285379,394091,528016
68245,75088,105382,113027,141486,162757,271579,419658,524541
67700,82953,116379,116232,143251,172548,310049,422614,485174
69304,75831,105177,111840,401761,171678,358775,417981,663971
71088,75223,106707,114904,177155,176188,312023,391527,604100
68895,74826,107228,131239,177935,172289,250823,424082,624845
68509,76765,106121,110111,170682,174429,273421,392494,563946
68161,75735,105416,119594,163935,176682,283839,401792,549746
68694,75129,107484,111590,154990,160179,283233,400939,535917
69614,76598,107084,116652,172811,175505,290410,540572,710962
68075,76653,115293,105059,142072,172368,272861,431394,649502
68489,75567,105319,117059,140310,172748,454480,397813,554106
68106,77069,105320,111927,140704,171728,227483,377832,528968
67765,75340,106464,116890,156039,169204,221418,409590,607991
69614,74756,105985,120830,160641,174231,216174,393656,743770
68672,74909,108532,112117,137898,173362,208272,440773,623974
67479,75601,105453,116616,144077,172615,214056,389053,569266
67501,75650,105904,118610,163037,154071,215450,449335,561988
68603,76250,106989,112868,147170,180693,201993,458445,530890
69782,76845,107137,117568,148542,173691,200425,435422,542006
69166,76001,107649,116200,147202,172649,198171,429692,479185
68945,75904,105731,116349,155837,165995,192822,505898,719158
68411,76653,106294,125918,152872,179744,190942,549962,659551
75007,75945,117059,126595,156577,171633,196834,514916,602225
68472,75931,103938,131449,168241,157887,210198,453428,545356
68294,81986,107670,126801,155560,170502,217778,463072,507478
67355,76511,106109,109243,147438,173175,201592,450489,531845
68015,75243,106559,119050,152746,172087,186910,440473,700945
71421,75195,106260,111969,174869,171733,184970,435880,651441
68489,76574,106574,116552,160761,173128,200994,445809,593468
68966,75018,105815,118150,153952,171728,197373,523453,558318
67551,75143,113690,117994,155218,181852,212734,437664,529762
67902,75624,106573,117926,171286,171885,244198,405320,551916
69319,74876,107653,116891,149265,169141,307928,400865,543996
67658,75972,106006,111459,155040,172562,240801,396353,699387
67704,83850,107001,115248,164717,180056,328732,410790,633301
67539,76311,111127,110090,159045,174658,305774,386111,618713
67805,75834,107042,131572,142112,176021,296724,382962,569910
68923,75426,107292,106044,158098,172336,260264,403651,541511
68829,76318,106870,117952,142042,175465,279085,395560,532319
67568,76196,107334,125474,164314,154388,288881,395389,682863
68675,75836,120067,132535,140944,174155,269932,404828,620396
68119,77130,106877,110686,154237,173468,277483,422004,555155
69303,75760,107072,128821,140134,179609,279623,410637,538978
68028,75274,116153,123601,140168,172498,312409,407819,517209
68364,76895,106294,127949,163101,173151,280604,369570,699666
69104,74830,105600,126037,162279,169252,307105,399544,645061
73228,75032,109005,139872,142718,178696,280879,453754,558227
68903,80573,107961,115626,143999,173008,313387,499431,547885
67805,75868,106478,112558,153440,168716,300475,358162,526777
68211,74920,105378,111686,149204,172946,322097,345629,526259
67929,75813,109500,112369,153753,147223,305104,352003,543581
74301,77339,115246,112569,153694,171223,308056,410600,703546
68890,77004,104234,117900,156092,177811,306896,404116,666154
67804,76887,109836,117372,161849,173378,307858,432541,634758
68132,76523,106449,114634,136473,169304,308511,402515,577364
67694,76769,107567,109956,147055,157557,305872,408081,595003
69818,75815,117986,115216,144271,170658,279401,406190,599586
68445,78092,108218,111930,141873,173123,285136,388824,706262
68333,76118,112432,119328,143826,174976,293730,406025,632091
68880,75914,128024,117564,150989,180577,300643,395805,550710
68519,81873,114076,112262,151066,177212,310864,396032,527607
69742,76164,107120,102971,146722,170109,318751,384456,584874
68141,75068,106689,117332,133735,174195,315591,378083,483965
67511,74681,106313,112352,139182,175678,298293,407074,528849
67893,75250,106122,120388,137113,172351,280971,392541,777816
68051,74782,108912,116745,147806,171230,306513,491389,637390
68982,74505,107968,112003,130455,175081,322526,420924,581261
68787,76310,108080,110925,130196,182681,317594,369393,618921
67451,75307,106384,116603,127476,161842,305322,389134,565352
68211,74329,107549,120590,128718,178305,299915,399990,618369
68247,80862,106557,117755,128766,173886,310231,388171,804263
69254,75398,106035,114753,126515,172837,301182,381538,648690
68254,75146,117693,118954,127216,158996,312899,379281,590214
69292,75633,106874,117175,134456,175956,304212,383554,536697
69110,76668,106748,118304,131912,169499,309442,381158,523583
74479,75347,106440,119734,129750,160454,307875,386122,738456
68478,74348,106808,112924,134062,165819,273783,378764,638702
68085,75597,105810,119214,134544,157869,270505,383431,541999
67982,75376,107725,113263,130398,171812,259516,373872,528003
68408,74773,107594,117120,133302,170267,304952,378175,512182
70298,76071,113334,121533,142041,172125,308007,392002,518783
68348,75856,106699,120185,131568,163453,321427,405955,518539
68379,75380,105311,134920,132926,160010,293798,386283,759585
68310,75134,105750,117178,133608,180986,286282,368622,660773
69636,75995,105598,117936,149889,170965,285846,367816,673418
70622,75320,107180,112295,138076,178110,307177,376053,677079
68956,74444,106361,112177,145189,177533,249061,496519,643168
68681,75498,106051,121016,153874,179817,412201,466659,628985
67852,74914,114170,119217,138816,172560,234165,369378,694047
68124,74984,105165,115056,133090,168600,210251,406973,630052
69912,76461,106796,113403,143494,173097,205064,388699,560372
68895,75724,106499,113535,142628,178215,207507,367121,559989
68370,76847,106182,113321,139371,172498,215946,416084,538955
68481,82857,105419,117216,134359,183684,218687,402607,542258
68428,76447,105805,119429,132023,171919,222573,374242,518014
69677,74815,106507,112516,136089,176742,206328,392675,700506
69217,75260,106026,117726,141605,171423,190586,403832,630993
69415,76060,107344,116755,135913,169162,205329,400155,567313
68490,75840,108461,118089,132805,169939,194856,383211,543038
74400,75391,108615,113138,135734,173616,193241,413627,621989
68328,77593,108064,112576,134001,160911,210906,382410,577866
69228,75519,106226,110581,135940,171441,201728,399291,659199
68322,75971,107567,111696,132876,181856,201326,383102,609860
67625,82202,108054,112935,143542,176461,214001,388054,514762
70655,75102,108396,119456,154646,170047,213890,525364,504417
67937,76091,109021,126161,140444,171426,213959,411273,546328
68446,76313,112923,120080,143254,169529,210437,370000,710594
68029,76253,107014,124546,147809,176667,205153,352885,648367
67906,75492,106693,112181,157615,145562,261021,374939,567844
70281,77117,116944,112797,145562,175046,205145,399312,546193
67574,76658,106084,111484,144522,176087,216017,370524,499678
67348,76262,107121,138883,144390,173866,196085,398746,497549
67539,74619,106592,112805,144400,172426,248435,366297,533756
67368,77692,106350,116269,146936,170593,330769,392028,696433
70199,75545,107580,112084,163938,175027,297279,387555,781156
68922,76252,109006,118708,146581,171976,278553,381629,645346
67952,81406,107499,122253,143321,180423,277440,396128,587767
68531,76811,112920,117748,144621,179072,281066,395823,546149
68509,76112,107199,112978,154260,145650,275202,432124,564327
70189,76034,105636,117020,138471,175486,318263,387525,699738
67963,76419,107428,111098,138094,171024,297503,369652,608379
67660,76291,105704,109901,144856,171559,277455,380658,618143
68202,75425,117436,117626,146193,173782,283205,521578,569304
74214,76186,105251,118509,146291,174030,305760,402883,618111
69372,75990,106466,111022,143576,159613,308360,332897,558346
69877,76359,106354,115595,140203,175506,282147,344107,852299
69224,77375,107206,119124,144865,171284,273253,381228,729560
68074,75135,108070,118556,142707,172638,330009,364716,630981
70164,74707,107498,128386,139139,172741,287142,371177,593830
68758,76618,106504,119375,138741,184101,322312,456220,562114
68445,77340,110733,135449,144333,171987,305584,427701,541799
67910,74702,107439,114470,172445,169815,311204,421589,547827
67527,75163,106847,118805,136576,170709,323758,413029,685043
69897,77419,107611,117220,138471,171738,372573,405548,617674
68025,75914,105340,114131,142164,172372,334238,412246,610467
68055,74870,108423,120876,145641,174186,254273,405157,544325
67625,76406,106435,113111,141629,174049,297734,416449,524130
67619,75752,107361,121980,164322,155618,320937,408891,745185
69605,75882,106345,117499,156641,168162,295692,406490,686848
68387,82171,106758,112410,143905,172393,336684,427447,612356
68141,75408,105595,117717,139181,174036,311872,400996,548714
68236,74620,105489,117323,155469,176744,335742,407768,547528
67602,75642,106550,118194,146385,175275,347061,383220,544156
68757,77040,115224,114339,145710,174580,341884,522648,525418
67725,75344,104609,118752,145547,169254,329579,460376,707704
68104,75824,106119,111149,144848,170695,333312,426878,658573
68103,76605,104495,116762,145550,171128,358137,425716,571051
72778,75364,105118,110986,162488,182310,330269,394374,530789
69516,75651,106533,117834,148347,171274,319520,404984,535650
68126,82730,105914,113646,147882,172196,314356,388776,545301
68553,74849,107367,119767,146665,170790,317757,413651,672616
68764,75724,105783,115676,147087,168048,375080,396546,653965
74463,75190,106638,125362,167258,175255,318023,418180,625682
67723,76580,106045,122498,147222,176758,338733,417979,580166
67745,75561,104938,120834,147275,171026,346779,438077,564319
67995,76163,105156,112472,145750,184957,325896,392867,532678
68340,75978,121378,114808,147586,168889,335044,390609,525010
70734,74978,111741,116852,176198,173126,329771,419185,700476
68657,75522,106377,116823,134301,170699,297420,406548,623893
69194,77326,106448,111755,148185,176059,295065,379953,590995
68514,75721,106696,117763,143221,154645,298763,410256,579302
68912,76215,106258,121242,148858,172550,303813,503249,507713
69595,81546,107296,113044,141432,177021,293498,513794,527399
68007,75378,106657,112559,168693,158965,311988,353554,825378
69173,74620,113186,112345,143231,161806,434538,419131,618417
68719,75030,106957,117946,144909,156485,224871,413741,545883
67963,76569,103793,113220,147271,173041,231615,412034,596332
69624,75624,105123,111579,146161,170963,204192,423738,577694
68171,75281,105882,117219,148705,170937,211562,410679,821411
68519,76908,107120,125580,139963,166830,201829,450389,629734
68712,75371,105812,117838,138197,172487,199362,415680,565596
75093,75148,105971,118634,139376,172991,202383,387267,615196
69905,81099,104176,130614,148271,170855,200558,422270,562058
68182,75374,106658,117356,154516,158274,202251,412363,545167
68070,76106,106959,118048,145525,175060,199996,415439,528065
68009,75996,104809,127635,144935,159765,193867,420128,707307
75307,76986,103953,126970,140498,172950,200237,386564,646425
68579,75362,113644,132379,146124,175304,195835,381172,568462
67633,75642,105167,112059,160444,171055,254850,385491,571062
68783,76564,106798,117525,144843,169391,262323,511000,535638
67989,75601,107710,117160,147013,174903,229249,446313,519553
70942,76079,106575,117201,138019,159383,247244,494757,717763
68430,78170,107319,115077,145865,174092,277182,434514,661420
67498,76246,106553,117346,140685,170933,203188,368124,563761
68134,76330,106224,114831,145247,182702,280489,387227,572218
68324,82934,108906,118435,146975,147996,253806,370000,539380
70149,77079,107201,117096,144491,156285,221286,379854,551508
69413,75361,107204,113468,146848,170344,270987,385400,520307
67949,75325,106151,118244,147295,170108,213881,389228,677466
68420,77413,105147,116858,153802,183659,315532,391466,633849
69030,75926,112385,117061,148382,175813,308353,396491,604292
70467,75535,105790,115949,145895,160388,275923,382464,613496
69042,77245,106402,111850,148682,171257,309531,382192,506215
67771,76331,106206,117396,148377,171110,295766,368476,582663
67805,76185,106148,111319,144237,182675,293575,374653,711169
73707,82401,106465,112114,143212,170158,308259,421037,683137
70272,75853,104998,121514,134297,160510,338151,396908,548536
68415,76630,108305,118740,159317,173886,343987,374171,528490
68770,76560,113812,109689,157588,155874,406618,393129,537798
68163,77323,106116,118623,147576,161035,335971,393737,695294
76081,75276,105806,116759,145517,178049,344082,511465,684975
69416,76566,108178,117850,148726,172392,329705,416673,564261
68901,77101,106024,123770,152706,167397,304718,404694,548059
68805,75315,107279,127312,144749,186555,317877,392589,517969
68589,74648,105390,126117,157050,174302,313923,401719,551642
70424,76739,105906,131596,140313,174656,308813,388598,523338
68242,75242,106606,121576,137341,171199,311017,388180,689776
68541,75758,104801,119523,137246,183545,271497,410744,648243
68392,81597,107645,120493,146364,167267,311818,427903,591553
69573,76838,106411,122059,143507,173057,274891,402748,547352
70454,75693,106576,120532,147515,172576,336687,404173,520931
68723,74898,114749,119361,146441,179465,306099,408964,530392
69205,75573,106338,113692,142319,176796,360954,385250,740817
68187,75436,106317,117348,144934,160355,311630,412420,658807
68631,74740,106374,114138,145465,168563,347264,392651,593950
69553,76913,107770,111111,145842,173642,309573,386023,560128
67688,76075,105994,113085,145681,174133,323429,393320,573641
68187,76366,106912,118245,145618,172856,305106,384050,521014
68251,82210,105363,120864,145602,173055,306190,528417,538204
72693,75299,112200,116588,130454,173498,324201,384770,687604
69020,74412,107295,117422,139881,161814,358664,375640,687611
68966,76276,107548,110851,140776,178825,314635,475219,627842
68440,76733,106890,110412,147741,154831,307015,422153,558211
67347,75393,107333,106137,147039,170103,287977,385816,537924
75543,75483,116711,114112,137311,173138,281850,395948,529041
69410,76280,106410,112413,140445,171472,322678,372390,749386
68052,76227,106451,112044,139264,172937,279978,392458,651068
66989,75540,106540,116843,145953,153928,345790,406921,588316
67985,76657,106367,113521,146159,164583,284683,400384,559196
70775,75852,107851,115205,163897,172236,284823,389888,504879
67768,75397,107258,113182,143878,176801,322958,385686,721178
67967,80487,105971,123087,138581,174468,271103,398136,613835
68187,75940,114246,139591,140078,159636,319454,397212,537113
67895,76105,109048,134579,144419,172288,273976,402741,544816
69738,75725,107387,113781,139367,184300,266642,394054,527808
67617,77247,107427,112174,160503,175358,327721,396559,524337
68341,75179,106242,113931,143003,168045,281911,511773,521023
68269,75106,107375,118435,147316,160388,270323,384683,744466
68947,75136,108353,113754,140873,170723,275830,403015,614943
70213,75469,106953,114629,138456,175896,270704,352480,614256
69259,75086,104273,122418,144468,172507,357012,402167,532431
68891,82205,107371,118480,146283,172396,403022,385565,519707
69579,76001,106343,110185,145839,170354,216257,403309,498557
73558,75981,106121,118897,148577,174245,203055,398559,664878
71184,75193,108599,111380,144662,171819,193387,398811,648919
68874,76342,115814,111061,147858,173530,198270,409767,597952
70291,75692,106495,111177,144963,169901,200729,367796,591416
69166,75343,106274,108684,147479,170349,195812,388411,620637
75226,76747,107324,110754,147206,158399,184688,414664,591821
68948,75569,107555,118514,146545,172328,203492,392574,655043
68776,76097,105827,118381,147078,158461,266921,409426,678339
68278,77025,106036,119805,143037,172319,196610,398768,656043
68190,74926,108181,117791,138575,192683,191270,399334,595392
70384,74468,105621,113198,145419,174311,197002,378599,565099
68734,80229,105140,113130,145165,173660,182707,371250,531767
68574,75551,108431,113276,140455,171816,207638,393212,528624
68165,75316,108447,118660,145507,176786,211188,391878,717526
68231,74859,106674,114688,147847,170501,290292,626517,673532
71778,76368,114709,130698,157429,159831,187702,402386,548111
70368,75329,106563,126919,144678,176283,279948,386194,525986
68999,75645,107037,132470,144809,163782,261969,407634,592401
68788,76864,107394,113281,167822,195721,260855,370817,698019
69278,75472,106242,114048,144782,172164,262730,390166,652344
70241,74798,107169,117840,156953,173006,305466,394968,568338
68910,81034,107021,117786,148468,176407,285152,388047,550482
69062,76040,106592,111335,145604,177891,295711,403470,506207
69483,75025,106426,118554,131845,169912,293651,403216,530884
74738,75286,104486,118182,133543,174258,287105,394975,493209
69832,76338,107321,118931,141695,169641,288044,381547,811556
70027,75921,107182,118446,147196,181133,314895,372215,646833
68882,75122,106020,118051,145044,175145,316082,376064,546904
68744,76865,116258,113292,146392,155016,261472,388818,565406
70721,74563,104670,117406,136276,171525,299035,370488,535446
70190,75358,108132,119692,140557,190779,282298,395174,517982
69709,76327,107026,110950,153276,174937,311020,402863,710306
68655,74611,104985,112947,135688,172897,319682,523115,699203
70181,75108,107702,115325,146662,176461,318246,424245,600972
70922,75147,105396,105405,139853,178255,314396,377497,533561
69481,75786,108074,117768,143942,170827,309882,430006,517980
68801,74733,112817,114662,158675,168746,301829,384806,512551
68356,75199,106822,119735,145987,160689,302056,401563,526663
70157,76638,106086,119750,136940,170491,305354,392825,738486
71457,76330,107611,118981,145348,173791,324143,429201,663319
69967,75916,107295,115005,145930,171962,290202,398957,586187
69132,77703,115354,115002,153286,172876,321905,365573,554804
73954,75507,104146,126950,146767,181621,310440,377896,536764
76107,74750,105998,133697,146674,176127,336596,382798,520551
70648,80703,105202,119511,147410,176791,277728,381549,717314
70059,75892,105012,117187,145295,172886,292219,394963,645038
68890,76734,105323,118861,145344,172186,255482,399661,565562
69041,75706,105261,117481,146357,178589,289198,388271,565586
71207,76364,105365,118068,137037,160112,289552,381280,526229
68730,75112,109450,119298,145896,170875,294229,370712,722701
69065,76467,107433,116910,140088,173638,323147,581849,619979
68520,77841,106799,118552,142041,174021,268334,409449,555124
69168,75432,105033,119707,165132,174042,318884,362173,534142
69685,75915,104612,118748,142885,176197,321221,345756,515346
68812,82411,115202,118156,146345,177295,272197,371499,527777
68740,76076,105664,119383,146051,167442,278237,393712,503783
68276,74795,105149,111786,147241,175850,321587,387681,703647
67413,74918,106504,117014,144913,175703,296775,394174,773934
70177,76879,128909,118469,147338,173432,253818,398410,635804
67956,75160,106848,119582,147679,193891,321154,384546,749771
68284,74307,106300,117779,146698,160078,323209,395220,623243
68190,76377,106443,117896,140367,174855,317722,389004,658218
73332,74836,112524,131744,147832,176082,292573,403695,668256
69055,75108,105689,116807,145910,168554,301571,395794,605533
67308,76524,106954,113070,165980,159364,279332,388248,502067
68333,75100,106626,120261,147534,175161,311261,386134,541778
67361,75139,108136,118592,147726,177509,282696,373940,534481
74244,80665,106281,117156,147352,170158,294415,406701,552723
68768,75316,107422,119369,145800,176819,315012,380904,507115
67475,75103,105969,121961,142915,173179,348664,377662,732521
67910,75670,110122,124615,154978,169410,297164,398644,619248
68525,76474,106720,127104,144624,160620,278172,518921,560549
70396,75075,106127,121848,137267,146591,372874,428489,510682
67800,74737,107377,113591,145392,170609,325516,391794,523146
68433,76889,108066,117004,143892,170498,346673,404570,542307
68632,75019,115371,118726,158835,153042,458080,400934,704826
68340,75401,108767,117118,153405,162520,478968,384864,676726
70053,81819,105455,117762,129992,189619,393069,377051,593074
68361,74861,106276,110315,146366,170625,371550,380222,524777
68037,75165,106095,120520,144386,170096,392308,401775,528110
67843,75371,105151,116984,145927,174046,364062,364502,703953
68049,76485,106491,116900,140875,179363,384903,393560,629856
69848,76009,106128,109881,147362,170105,381624,390116,538802
68614,76278,114401,116710,140313,175078,337988,405554,558612
68300,76953,106168,117126,144471,169342,338885,389207,521113
68323,75591,106199,118166,144794,176149,374163,379282,486896
68164,75873,106310,117156,156995,173205,377570,367333,571184
70144,77650,105947,115218,148291,175204,354636,405935,759865
69085,76135,113893,118978,156265,171405,381828,379523,617464
68086,75278,105916,117235,133482,174026,381040,575143,571239
69038,82518,104578,110527,144718,177206,371103,400998,551680
74984,75858,105877,116063,147926,161493,402423,349111,528243
68512,75454,105081,112274,137645,170135,375492,404161,516790
68141,75485,109836,117478,149110,176357,378954,385194,657595
67960,76170,105949,119318,147000,180296,341346,461131,674700
69367,74652,106456,117865,147417,172860,364507,369261,582657
76232,75100,114319,121828,149696,172000,357799,379284,552441
68932,75817,105670,133343,156347,170613,347754,384934,553462
68688,75158,104724,131733,146619,183047,361703,392372,545900
68472,74321,106981,111274,146371,174955,385163,431365,528610
68638,81835,106400,117522,145033,160689,393838,419283,836577
70624,76365,105990,117076,147614,175946,363951,407712,795461
68988,75164,105730,111736,144753,173780,346884,426686,618039
68170,74262,106913,111660,137347,169539,390183,414361,568950
67873,75576,103994,113766,144111,172986,381721,420594,628198
67583,74184,106514,113745,146021,170498,375130,412177,623823
70070,74780,106591,118626,141686,170533,367471,428936,690988
69816,76373,106346,111283,156279,172661,347293,556317,702878
68791,75406,107899,110736,147167,153849,373865,504286,619001
68156,74619,114044,117814,144050,171813,357590,461462,759808
68138,76594,106581,117027,146283,175224,354637,411568,614800
69842,75055,107347,119162,138753,171466,345736,440081,812382
67984,75041,105854,111578,133777,162498,363280,403513,638630
68269,80290,106835,115750,139433,173302,345386,404455,603738
67078,75879,107715,117883,143900,169920,344764,434216,549307
74776,74536,107422,117866,145144,176984,347531,416223,513433
67793,75442,105997,113391,142605,172258,347658,409026,513437
67274,76432,111339,112215,145967,157651,350211,436060,527564
67992,76874,106614,119106,174075,171737,344507,423623,702420
68295,76099,107835,113300,137577,174675,347009,435862,662769
74727,76651,104963,125979,144569,180054,347729,409712,576979
67444,76006,106521,119308,144830,161278,348901,409847,605897
67581,76003,109444,136675,144424,170685,361846,377565,544555
68982,83996,106506,111021,146327,169590,352207,385465,530052
67344,78097,106752,109371,144201,185121,372227,384934,670831
68424,75481,107096,117417,138504,156978,401202,392190,656413
68095,75918,107792,117050,157568,161535,400938,387677,630488
67836,77369,105843,111285,146644,175910,349392,385601,561717
68490,76259,105829,113195,140813,175889,373778,512847,534459
67218,75287,105142,117487,151163,185796,342422,432326,558965
69189,76556,115162,110135,147666,171539,349458,380526,547080
68360,75804,107117,110581,144203,169004,371419,385392,717289
67987,75884,107955,114579,143721,172012,326804,400399,634062
67741,78030,105144,120603,147109,156486,352911,383655,644525
67632,75487,106947,118252,157723,173156,316006,394849,638888
70123,75624,109558,120067,144144,177637,373111,364931,549451
68545,81304,106945,118355,145445,168521,340048,409476,533471
67574,75115,106353,114989,143908,170418,313966,403898,728566
68668,75121,111325,117118,153907,172556,350952,454910,624690
73452,75673,106877,116980,146337,146564,352748,394881,554944
69773,76311,106270,114015,146418,170587,319806,412689,592358
68595,75646,106912,120713,147834,173859,372517,396817,540270
68797,76334,107243,123859,168649,183180,388857,409696,710239
69122,77068,106940,116562,140502,171733,333008,400022,642564
76913,75090,106955,116940,146017,159192,347061,394996,560696
69066,75412,108328,126757,147196,175853,344221,416378,654308
69033,83553,105096,125455,144872,175831,338928,524122,548062
68363,75097,109071,121652,157751,170400,367701,403992,512899
68153,75563,107173,117685,149419,170703,338578,341524,549897
70199,75375,104730,116835,156486,159310,334172,348689,758209
67942,76909,107254,117145,146927,172923,363270,370830,644641
68396,75505,114582,117478,146862,178938,370143,375289,570394
68920,75733,106315,117520,145925,155760,447236,381426,542997
68652,76674,107267,117410,155006,169776,217210,395559,515371
68952,76073,104584,118643,147894,170527,211928,411628,516378
68130,75582,106938,117987,150911,177802,187602,381829,705859
68051,77436,105766,117529,149794,171303,203704,433320,805002
67339,75463,104909,115823,149205,175406,224475,397315,753934
68005,75957,111645,111167,158892,159015,205791,404941,1026209
69652,82756,105439,115674,149079,187762,213300,403547,630170
68123,76015,106227,117587,149363,174018,201318,408800,582276
69091,74573,106453,117319,151627,170711,198970,386589,502795
68712,76123,105843,118291,149022,175955,193695,410655,745605
74230,77017,105822,116461,149402,169484,195508,392548,618968
70820,75773,115436,114181,143459,178330,195281,510421,533513
68665,75133,105563,112738,149671,173209,201067,428341,510837
68214,77444,104678,116151,148514,169065,283609,371497,526330
68408,76008,106466,116477,146607,176491,195606,376926,495806
75353,75349,105481,114731,149039,180401,256433,400159,681191
69387,77165,106747,113898,148645,172973,266420,380754,615324
68531,75704,105793,118483,146851,171525,278695,381736,573201
67983,76634,105863,119784,149152,172957,236644,397871,559067
67696,80780,106089,125818,150306,179172,257292,386304,526912
70437,77496,111051,128610,160197,173983,250018,363837,2498890
68510,76688,106138,117159,157901,174237,302496,414663,681865
67797,75589,104659,116345,169277,181106,243786,383337,570287
67751,76466,105173,117639,148956,193915,243841,373610,557995
67826,76129,113563,117713,147554,171130,262213,384660,547281
69743,75235,105054,111380,161046,170794,286242,388771,524907
68985,76789,105310,111842,142927,178686,257674,389636,542251
68171,76914,106362,118127,143771,181187,306466,383602,714066
68733,75114,106190,113027,142923,170654,264171,399103,667823
68224,83190,105447,116719,148856,174714,308870,413699,549918
70364,75986,105416,112513,161270,170913,282536,385727,619717
68553,76264,106336,117496,149356,150423,287107,381102,614117
68487,75071,105293,118296,134829,189961,300704,513714,545803
69255,76567,105470,117415,144581,175335,289438,406631,656156
68867,75253,104712,114413,160144,170289,285058,346688,627822
70231,75029,105246,116412,148449,171899,289970,375692,649976
68716,76126,105649,115483,149285,168029,291518,355176,569019
68750,74992,111828,113678,136963,182924,302836,392066,535431
68204,75595,107454,111542,147312,171416,315801,376590,650641
74209,77000,107535,116265,140977,174192,269558,401201,584558
69502,74800,105937,110822,149661,174573,312144,390459,818119
68088,75751,108624,117231,150805,178499,291201,404495,617005
68224,83180,106568,114788,158421,173945,321124,386452,630428
68946,76218,104752,119778,159941,176503,304961,407599,559782
70579,75107,106872,118051,141154,170833,305999,373017,566536
68825,76935,107383,116936,145312,174093,308651,408100,580977
68481,76476,105754,117117,150415,445470,321539,382689,895713
68412,75791,107758,120380,139627,200124,309767,386755,722134
68391,75618,105019,116262,157551,198191,329472,387288,684342
70265,77138,106494,116904,149987,184528,369606,395979,637015
68263,75209,113770,121573,142543,170493,292723,533351,692122
67380,75169,105974,116016,148228,169574,357158,370118,717785
67347,81853,107142,117365,146732,180645,264022,363780,854711
69741,76128,106357,114520,146544,187958,343827,333938,660493
69283,75986,106301,118507,148906,176074,350423,406643,609437
67881,75772,106858,112411,148628,176966,321575,373848,547430
67401,76723,107329,117206,157402,171290,324397,377053,541023
68576,75387,106607,117663,159562,182420,347873,397491,547579
69061,75046,111631,118679,161267,174276,277947,399170,765506
69069,76528,106088,111714,149389,173919,304131,381964,648234
68737,75983,108054,117845,148176,171242,320172,419781,550945
69413,77185,106357,119693,148634,174700,307598,369941,529301
68720,76779,115028,112630,148387,170221,276338,381815,523217
75106,76042,107258,117751,172681,186414,304789,408278,553526
68817,76000,104701,117953,160608,177062,361652,388133,770236
68777,81967,105487,118845,160472,172371,298011,378114,629967
68184,75599,106535,111199,149040,172131,274946,381930,618418
68347,75053,106670,116744,168427,175626,294037,367799,530727
70959,74732,106268,111944,146555,163394,309942,523894,614049
69098,76718,104263,125850,171347,177223,301251,406225,581063
68539,75600,106962,119152,168172,156130,330447,395235,586079
67919,75739,112990,115478,136822,163980,334340,364648,708468
68452,75997,106072,117217,159713,171347,337763,428017,647054
70283,76171,108282,116736,148757,174387,315025,376100,617656
67336,75151,106298,110073,145496,162823,318013,383257,608310
68787,77943,106533,118759,156451,163128,296148,381636,593710
68552,74769,107687,119109,149252,151640,435184,384520,554630
68912,75753,106125,115223,159901,165889,223648,374546,705726
70094,82064,107976,113400,157208,177062,202221,364520,619833
68093,75925,110519,110602,166869,148061,193375,390360,507288
68324,75279,105990,117537,147290,151910,206064,373010,541422
68683,75885,109165,116692,149395,162017,218399,380850,545995
73660,76399,106915,114625,150784,144250,216424,387427,720629
69761,75582,105595,117586,159576,145586,253680,372664,630595
68516,74881,108154,116159,146310,165296,203654,382778,563998
68633,76666,107554,116465,146078,145763,273020,410164,556936
68375,75300,108207,121438,147237,164135,198415,392679,541850
74847,75188,106512,119312,147975,165929,264426,403785,537398
68878,82118,107094,114000,167212,165681,189472,382562,507818
69302,75274,107945,117452,150148,151333,347715,495654,765618
67678,75406,105645,115687,148145,179351,259648,434656,655327
68935,76078,106607,111215,166564,173857,306747,379526,557473
70631,76593,115302,111400,165379,143209,270236,417832,576869
85451,75805,107315,111299,160255,165643,283161,349542,515518
72242,76144,104757,119068,144101,155196,263410,344588,519079
72965,77317,107482,111238,146109,165003,278658,386195,755960
71432,75965,105554,124353,165927,167456,291068,388630,658662
72954,75528,109086,119406,147349,169285,294835,392624,606960
72061,76073,106689,129793,149731,175072,271388,398281,541198
78991,74835,106905,111192,147492,174714,310008,417017,522812
68381,74862,112834,118152,142823,179093,301044,399405,559785
76303,80910,109800,112168,154296,178840,263897,389405,547542
67940,76239,109368,118571,144680,172940,302681,376462,789599
68426,75537,107991,116976,146423,160370,266702,393451,670012
68761,75056,107213,116990,149184,186638,288162,404346,563585
67277,76594,109119,115324,149556,173380,269238,394881,525871
70293,75471,107674,120878,146633,173285,326482,395267,610237
68616,74697,107050,116744,146877,176733,293921,504498,567552
69247,75940,106091,115948,167183,181259,275769,424901,675141
68822,75983,106262,117856,146783,173650,347054,336865,600082
68238,75763,107440,117841,150160,173081,295481,333921,533474
69997,84382,105929,114072,135322,172668,299161,388344,607409
70178,75198,105664,111901,132456,173749,289428,374305,622742
69616,74590,112831,115227,148989,170951,309345,383049,737219
68591,75757,107109,116365,159938,171882,269737,381281,633531
67821,76868,108249,112392,149048,172911,312357,383868,599659
70134,76212,105745,110170,148376,160957,309333,375977,592887
68289,75702,105437,112133,148980,180616,320948,476399,620371
68959,76609,107711,117448,149450,172487,285890,423886,554671
69806,74901,106159,117564,161101,172008,313940,415972,515422
74606,75742,107605,112737,148486,173839,319536,430936,732198
69107,77556,115298,118138,141409,186587,304229,415082,636946
69000,76142,106426,119185,155502,167857,308245,404780,565148
68225,75407,109309,117439,155928,172060,329261,500237,599766
69389,81192,106048,110486,167607,161488,308435,403708,666254
70229,76233,106182,111154,160495,179392,308452,525157,607527
69520,74968,106552,115625,150365,168792,320794,434266,667137
68480,76574,107125,117389,148089,176975,318155,504498,686604
68267,77192,106109,115718,162850,170989,308074,387221,671900
68199,76250,107819,113034,161986,172130,289015,407189,602190
70475,76334,109098,118019,148477,172639,308191,432580,645791
69161,76267,108926,115991,149004,160156,292573,403717,645068
69178,74962,107704,118064,149099,175157,325577,429977,616395
67524,75621,106019,118482,149559,172155,287978,442320,757458
68330,77925,114473,119075,146280,169153,309924,458803,668762
69320,76005,107436,113693,147964,175478,282523,423802,591701
69257,75991,107288,116189,136678,153414,277272,420803,540733
69602,82066,107101,112644,177282,167225,286036,434610,517087
68243,76420,106813,116886,143092,189386,342328,411288,505404
73663,75779,106593,111609,148785,174077,279312,400480,734143
69276,75447,107212,117176,167079,172668,343634,411791,648347
68272,76659,107942,116792,147123,173190,325060,418320,535201
68126,75665,114374,111691,145133,171954,333920,417170,521448
68719,75869,105924,115734,171010,172137,339123,425332,529100
74317,77210,106197,110953,155551,163268,309159,399443,738080
68580,76166,106484,119552,142587,171811,296082,413337,730057
67777,75198,107722,112689,146817,154719,305118,533234,668646
67939,82954,114368,129297,148722,177628,329400,478005,632939
68170,76025,104105,126193,144459,171207,295815,426166,560875
70677,75895,105175,127820,169842,175106,349891,429179,519403
69068,75598,106402,116462,166230,189528,292320,420048,549525
68672,76157,107596,116903,147030,174402,299344,406167,770075
68655,75806,106199,121324,147497,172027,320825,408520,596594
68427,74790,106656,116228,148602,173023,467110,393140,528056
69975,76795,105911,112539,147553,172003,252146,375254,543055
69271,75274,115254,103962,148879,173751,240083,389868,583967
68789,75701,106085,117790,144860,172754,218088,391003,677577
69521,77481,106563,114379,153383,172598,221097,392599,706882
69271,75306,105815,116662,146133,161124,208170,388802,696565
70468,76343,107196,116515,166799,181950,229874,375885,700056
70464,82088,106483,115141,147824,172882,228488,378179,724945
68747,77299,107605,120945,148986,169901,203627,364622,575062
67834,75329,106412,117256,148586,178863,201453,383900,528498
73841,74885,106689,117648,146486,185419,188889,408013,528297
69521,76186,108012,118768,149979,158990,197645,494010,753845
68138,75445,105302,109969,147379,162987,226527,354935,606553
67677,75447,106105,117369,169938,176040,198098,347064,519722
67856,76441,106223,115358,149161,183355,264767,428196,536940
75705,75138,114470,110333,148121,174762,243115,422580,526283
68417,75536,161470,118171,147596,171412,317376,364486,525999
68179,82600,139491,117899,145365,173808,245935,381508,722173
68199,75977,131041,117710,155808,181024,286500,411275,666063
68575,75289,138777,111542,147297,158743,267908,422030,566302
70602,75528,129405,127330,149453,177140,234653,400322,520887
68074,76425,150250,117312,148176,173141,321805,441838,529480
68609,75784,130504,111309,148812,171371,316427,440701,741270
68824,75538,148487,119742,149377,178375,302774,417851,658155
68239,77575,148241,114000,159244,173808,281424,432039,582288
69301,75796,155855,118767,157001,176493,326254,414069,512192
68981,74572,149411,116990,169967,181703,330562,421357,553302
68264,76629,127194,117803,142798,173668,335139,397048,523666
68171,76073,129241,118400,142983,173960,354720,381872,537398
68179,75214,149245,117798,146156,160611,380768,543275,695993
69405,81074,129371,119531,149127,158116,305326,439306,683866
67861,76153,114906,119225,155680,172428,325345,409198,598668
68408,75703,108447,116019,149402,170812,316053,393307,532617
68454,74759,120287,116928,146878,172183,348852,413639,521818
73024,75941,124922,117646,147665,172399,350618,403333,507186
68929,74662,117426,115027,144751,174418,365082,410702,716295
68135,75871,107399,118072,149923,169662,284809,409988,633585
68049,77163,117770,118964,148816,176592,315468,409617,653330
68811,75323,107730,116568,148172,169376,285151,398270,606947
75439,75348,137446,119257,147298,183188,328576,404437,578546
69752,83189,106486,110885,149812,160778,315549,387527,547046
68691,75630,120269,109692,145451,170483,321571,396470,542053
68821,75245,108110,115662,145269,168677,370244,429755,699383
67640,75469,121750,111780,146474,182638,337348,439458,647961
70917,76230,134616,117176,150095,171443,352245,406252,604109
69271,75888,123632,117096,149517,153834,318766,421901,543453
68383,75422,126041,110668,142123,173436,321362,424429,577098
69787,77445,121998,118766,147757,177926,305439,406626,601694
67007,76358,108573,120265,150523,177348,326249,402924,730897
69930,76176,121526,111194,162302,171983,302901,397968,626189
69007,76681,106420,118461,143231,173467,326893,538046,571347
68359,75192,129825,118527,148786,169851,322012,446759,526612
67842,76360,112089,115022,149318,159441,352854,423054,609693
68748,81146,115827,105021,147450,174827,300838,380694,796531
69411,76003,113649,117141,149300,171125,323330,419355,609356
68700,75090,122648,117921,177442,174611,330748,423324,559139
67923,76140,109096,120889,154421,179450,318361,399685,517186
67915,76789,139048,119059,165510,154732,314179,406746,530237
74306,74519,113929,113263,134559,170052,312611,431787,490977
69005,74814,121598,116955,156035,174763,310848,408249,515957
68314,77202,114324,117833,147766,178682,344190,403081,723218
67997,76028,123189,109816,142339,172047,321036,398392,663357
67924,75652,112591,119149,157968,176718,303995,385483,553222
70260,77642,123307,118267,161082,173664,351056,398085,634614
68949,76668,116460,116865,148327,153546,331924,427425,573646
69385,76213,109679,110281,140924,168732,344010,392367,573773
68766,75762,107845,118649,158431,177265,297190,387310,736367
69898,76358,105163,118453,165427,169814,314519,383321,647794
71384,76464,105605,119967,174583,172066,327517,520745,579554
69348,74744,108187,111773,154063,170402,322572,459833,577217
69742,75609,105138,112273,165530,173564,293922,395940,528154
69001,75616,114462,118981,147083,171491,297485,385729,543834
68416,75599,119207,121292,148324,186087,385206,423744,528941
70529,77661,106135,125361,147850,153937,306060,387715,722932
68628,75634,106324,128853,148437,173167,274917,419603,680473
68394,75317,106882,116000,145624,169377,282635,404455,650656
67857,82284,107778,117165,170817,178480,281870,428885,539402
72940,76018,106064,117727,146497,172709,450380,426894,539121
68669,75363,107601,116751,159616,154271,283967,427366,548447
67950,75969,106764,102656,137004,168939,221707,407011,699400
67339,76851,107210,119488,146912,178186,232147,413250,713056
68523,76132,107186,112504,147551,170065,211476,394527,592695
74124,75182,106634,114636,155658,175449,202889,404084,574208
69721,76664,105067,116349,148483,161434,220910,400311,556921
68384,76250,106692,116264,148744,174482,203416,410522,727090
69096,75454,110332,113242,149342,173147,206085,416795,658995
68580,78101,106412,116092,147033,173024,199650,549331,565479
69765,77337,107658,113237,157880,173647,199989,414061,544016
68577,76818,105942,117037,146002,176734,207950,368951,555160
67715,82643,106273,110639,156292,176333,209804,349402,523919
67496,77475,108106,111941,142033,168809,214391,414620,543312
68422,75697,106119,117744,136438,175219,196533,373946,731029
70253,76609,107310,109000,142454,185253,262942,377236,644988
68528,77013,111701,112563,148533,172789,276616,371092,551941
67768,75182,108367,119103,157164,170938,344829,399515,625893
68369,75034,107241,118084,149108,159246,271746,365824,582848
68689,77574,105197,115349,160522,155136,271823,412898,592512
69872,75209,106301,110640,157868,171654,247868,363445,687986
68271,76467,113038,122947,163808,172313,286194,397892,665368
67913,82016,104686,115991,146037,164996,266658,429209,596274
68390,77403,105780,131682,161751,169209,312764,378964,560966
73606,75016,105344,115121,149186,178355,280053,404143,521328
69720,74901,106978,121403,149775,159975,301696,366961,701837
67867,74984,108010,117226,150201,175155,272788,364278,637662
68786,74828,106103,117956,141982,162604,295178,382856,711855
69190,76460,107417,116161,147084,174281,293642,379728,605384
74842,76342,110926,117080,150035,157597,274433,383117,617653
68803,74638,107223,118294,147071,177263,331373,499085,533116
68906,76836,106696,112593,146849,170730,264952,475089,542179
69534,77119,108111,117723,149520,174926,304791,401094,537571
68846,75930,107131,117744,159380,171994,297960,406907,679446
71414,74777,106896,117413,146624,158759,366037,390496,632626
69179,81756,106350,115068,149140,175652,301011,374639,563331
68840,76087,107503,110475,145807,171000,335697,389378,528721
68053,76441,107165,109300,145802,189679,282063,368149,514242
68712,75625,105834,119810,159594,177154,346150,387118,716531
71161,76257,108260,115160,167504,170579,272345,381085,634254
67930,75800,104772,119531,149048,178573,348159,388160,533997
68293,75713,107457,116865,155681,171135,291777,377014,547200
68354,77149,113292,117582,163967,170320,289661,387618,511819
68469,75507,106829,117779,145889,162117,313129,387785,512059
69925,75328,106958,117674,146883,168564,314795,387298,511922
68731,77012,106933,111882,147013,185220,282178,397360,864479
68980,76279,106473,118354,149760,173054,307641,389230,708578
68411,76187,120378,125671,141429,170334,360434,396493,637292
74305,81593,149718,121147,156233,172103,324705,503877,640075
69705,76441,153725,118092,158374,157016,327999,416903,596882
68973,75398,130300,116018,148312,178554,283666,398646,535990
68689,75788,151936,117419,149126,176301,294420,354012,683252
68195,77358,137031,114060,150094,170512,272793,364575,601079
76345,76042,104543,117414,148753,167471,326638,431088,614968
68597,75884,106297,113234,149690,177580,283406,377514,634617
67580,76900,107141,113038,166855,172452,335041,389161,601124
67597,75677,110341,116201,175684,172441,333602,366096,611362
68541,74904,116228,110638,160049,174355,333425,390415,558726
69416,81550,106921,110162,147162,190688,309252,461892,715848
68066,76418,106577,116777,149248,172068,309376,422790,664704
67926,75634,104520,117997,148018,172040,304245,410905,569243
68366,75751,107170,116494,143740,172726,303612,423783,539465
68407,76668,105850,117528,150330,158548,304872,603323,587655
70162,75763,106165,117519,157221,177425,296489,413255,525862
68734,75981,107816,119204,170413,175543,302514,406063,740459
67397,76713,110677,112384,146845,172685,314932,410255,651046
67971,75564,108132,119445,145570,169683,306542,543669,537485
67676,75375,107340,116992,141850,168703,316892,551276,551371
69115,76903,107891,110880,149259,154474,316837,491292,526179
68913,75689,106968,118541,141767,171125,323181,439946,712029
67998,75244,106735,105666,139459,174038,306301,404010,675388
69369,80929,106180,115899,146887,169967,306805,422626,572833
72779,77016,106194,118429,142858,179019,302415,425424,526595
69407,75417,106212,116108,146613,173608,302443,408444,518944
69080,75015,105269,113925,148975,174092,300304,395785,548108
68664,77074,106236,119507,163801,168924,301434,393176,509502
67459,75253,106438,132125,158646,181214,310961,391650,692923
75286,74882,105547,136888,149616,171189,456389,407147,666258
69306,76030,112907,113603,150011,171306,236979,373330,567324
67883,76184,106107,113224,148832,171367,217274,381546,531616
68373,74695,107907,118463,148545,221682,197930,375881,526091
68134,82056,109125,116987,147910,178756,203410,401692,515950
70074,75073,106416,118585,148257,169853,202593,393360,725617
68359,74991,108649,116106,157759,170516,211211,370447,620822
69350,75296,108302,117611,150350,176944,236546,388020,555214
68540,76134,106611,117601,159041,172663,203924,385617,566305
68123,75043,115557,121736,134164,171374,200017,387713,527928
69893,75396,105968,117602,150390,173311,198989,619869,548657
68505,75259,107211,111811,167801,179914,201803,507245,557075
68795,75572,108546,117496,148638,172167,198041,468746,689074
68466,75574,109447,115252,148582,176186,238514,444021,634584
68408,77111,106047,115439,150539,175768,244965,421316,613984
69620,74650,108322,114820,148706,177328,288314,410249,667550
69149,75910,107329,110010,150157,173559,268572,407818,577154
68523,80703,104182,116071,146907,174701,221147,401642,544197
68747,75789,109521,109802,148623,170864,312501,426701,698828
73585,74833,106408,115216,143178,181548,286270,403784,689582
68511,74745,106910,112530,154774,171019,256343,401232,566320
69696,76122,108281,118843,159086,174784,298944,407301,528147
68631,74613,113844,121100,146040,169786,285734,406945,591066
68578,75452,107084,118230,144671,189956,276386,401206,694307
75140,76894,108227,116743,142222,174293,276945,419919,645749
68182,74960,104703,126370,152915,172152,253970,398522,573157
68599,75442,107511,121647,173433,172429,290655,421130,566180
68920,81775,107786,120557,146516,170731,289753,393107,513993
68143,75434,104960,116105,150328,406556,304278,512914,532181
70372,74930,106053,117775,146023,190800,323684,384726,532838
67714,75854,106721,117527,139628,185303,281075,375509,725555
68277,77464,105581,112734,141013,185232,296777,358000,651412
68186,75437,105377,110611,152993,179096,300330,388377,572763
67640,76168,105116,117166,148896,179502,308528,403789,595934
70031,77144,110699,110767,149191,187139,351290,377745,599276
67862,75917,117062,116894,140187,185392,357063,400600,602233
67897,75926,105794,111790,139706,176973,889265,401867,706776
67964,77052,106176,110825,146878,181171,335943,367022,631766
68136,76436,107208,118801,146351,179527,333853,394828,642449
70903,75511,107324,117902,159303,177073,293655,382331,611054
68787,81088,107268,117410,148904,177905,285795,368529,629964
68636,76439,105954,118130,164018,183574,350458,388319,561628
67605,76970,107270,118340,159153,182235,297029,376350,524997
74302,75091,115419,115827,135848,178503,339904,402682,695096
68236,76679,106732,111636,141754,182786,287734,371809,651686
67672,75181,106500,119776,147757,173858,330565,393263,603073
68237,75690,107007,112407,167172,187698,293114,511478,539347
67449,76788,108903,120152,169228,168168,276608,380287,584537
75378,75762,109946,116689,147592,169214,276742,328983,550419
68711,75585,105862,117887,145900,170801,350952,352882,677741
69124,76960,106806,117401,147486,169977,291711,398830,579102
68094,75128,113410,119054,151875,169057,313153,376869,550257
67703,75417,106838,122136,145196,180274,291289,392550,552644
70721,81106,106848,125009,157739,169741,308060,400686,504415
70553,77029,107113,133490,141725,169009,278082,400063,725694
68364,76137,106325,121125,148420,173596,322392,403469,639604
68816,75685,106400,119761,149228,175260,330177,390483,553782
68838,76173,105412,118019,159497,151335,306897,381520,542684
69403,76662,106910,115578,155625,181400,289154,390644,519484
68544,74868,107011,118441,168869,164003,294450,405670,529583
68011,76908,105865,121192,148263,155783,297586,399601,510938
68245,75482,106022,118629,143708,164683,291758,379981,748641
68561,75275,107023,111255,147576,147851,294119,373472,644711
69328,81614,104729,114645,146132,169970,312615,390276,595536
67727,76483,112328,117555,159416,159035,330569,411255,542972
66963,75658,105877,111820,149089,149689,307095,429940,507596
68526,75769,106577,111138,158040,144124,298800,391374,513929
74488,75654,107839,116684,157482,152935,322733,505351,643232
71030,74739,106968,114212,142078,160930,311566,384326,632600
69215,74493,106630,114373,146589,162446,330946,386678,580450
68644,76519,105557,118154,148786,180799,293368,398384,659236
68746,76137,108637,119259,164562,185531,770619,378137,583261
70131,75161,107846,116853,161760,169447,324993,409383,563815
68664,77334,104531,119650,166565,170600,331969,376806,521449
68763,75666,105780,116414,149410,176680,319621,390709,747224
68408,74860,105025,115062,149149,175886,284315,394187,617629
68911,80218,108758,118667,146212,173324,316310,373785,523656
69934,75759,112868,117035,143129,170184,456244,383937,508399
68874,75218,106637,116383,162651,174144,234081,372601,530102
69504,76402,119485,112425,147789,177908,215352,387572,511980
68564,77626,137050,112851,166660,171020,199818,389697,723718
