FP32 eager b16,FP32 eager b32,FP32 eager b64,FP32 eager b128,FP32 eager b256,FP32 eager b512,FP32 eager b1024,FP32 eager b2048,FP32 eager b4096
392689,65441,865907,180495,165527,669190,314276,327284,528416
45254,43239,78813,78007,115236,159130,279902,412468,633534
37241,40344,68027,75215,100656,142427,282105,365768,583366
33784,41147,66510,81137,96816,145715,265536,373738,540396
33439,38870,66487,76413,97713,145376,323861,338526,453537
34213,38240,102157,72965,99732,137737,282279,342727,508541
32876,37593,61161,67822,95777,137460,308667,341259,467686
32185,38874,99073,75662,93452,136025,307648,326679,619089
31685,37500,68758,74360,93839,142432,322455,320856,531672
32192,37058,63002,73912,97090,152683,310689,323805,505859
31314,36991,86306,74629,101546,148849,321044,329763,519762
31825,39019,73747,74193,101167,140384,292029,922846,449682
31337,37532,67837,82859,115113,150163,324478,333797,480526
31347,36864,66603,89686,125822,133328,275143,319605,599835
31040,42683,59557,73200,95997,131289,325180,441147,515052
31984,37766,103881,74297,96134,137051,300555,385477,563278
30847,36900,68047,72162,120771,133611,283088,287015,530897
31349,36375,59594,80068,95905,122890,283690,296953,506381
30727,38515,60850,82427,94105,127949,292934,348258,516089
30873,36360,63384,72487,94797,133874,275193,352474,582661
30687,36413,78228,73341,100381,129972,298886,361521,551317
32575,36935,68038,74217,101411,127887,297214,332436,553828
30557,44740,76706,73803,95293,124623,280904,332730,501972
30492,38482,99498,74116,96175,133901,301421,341397,464051
30790,36781,64986,74338,114502,133175,283877,326164,613241
30530,37212,62138,85622,105460,135897,295988,322801,559513
38062,42139,93380,92453,90595,136110,338942,333029,505788
31684,36423,73609,91029,99148,135936,163857,336670,473036
31046,35896,60213,78886,104675,137720,154590,349637,549930
30762,36178,78192,76838,96599,127760,149074,415021,505280
30088,35863,72678,72784,100368,125442,152862,431383,606926
30380,36512,61468,73348,100585,115923,148416,325477,536352
31751,35726,100569,80017,100590,119945,151154,294313,457545
30649,36062,64460,73550,92833,122481,142293,301725,472292
30304,35361,60020,79506,98780,123565,152565,305267,494074
31902,36662,65295,71601,92615,120627,149154,290602,468438
31190,35710,100209,79423,91710,118676,146159,316335,593994
30977,35701,61856,74034,93493,104669,142765,284771,555549
33248,35799,76967,82217,91974,104835,151882,311094,492320
31687,36230,63751,74110,94302,120429,131395,317189,471924
30597,36205,68268,73029,92961,97710,142452,314470,473201
30223,36843,79652,81548,99257,97596,158233,340205,531685
31184,35951,75388,71969,89853,95116,142617,317311,620515
29883,37380,63048,73893,93336,96932,137590,302702,582128
32391,36441,99905,72601,99237,92717,168748,312799,514081
30496,35843,77362,71596,92052,94846,162125,414482,493931
29946,35545,61865,75015,84535,95071,147951,245832,461018
29751,36104,101860,74416,100828,94273,145737,210447,467790
34102,35700,86493,73894,93040,95983,145721,274121,599142
29877,35605,60535,78404,93918,99402,168941,356047,537234
29651,35367,81042,74090,102859,123402,162348,330086,492850
30738,36725,74685,73985,93706,104945,271772,324449,469718
29920,35606,61466,74630,94249,120885,163522,314304,462390
30172,35557,75636,73266,93746,99879,166671,354321,583988
29911,35034,76500,72880,95355,105201,266178,338707,565053
29870,36495,60674,79144,94002,98556,202071,355993,505838
29757,37004,70916,71751,95621,121121,235763,333570,481512
30583,35510,87721,75660,87341,99388,238626,331714,471086
29176,35872,76724,87943,101191,117169,239646,324401,461737
29976,41411,60531,77449,98146,99311,222046,417303,569081
29639,35911,76937,63320,96170,90374,247538,255430,548383
29593,35422,76877,69108,94175,118896,271889,215937,533180
29757,35644,61203,67361,102215,114693,256709,268773,488255
35945,40263,99044,63334,90037,118368,256025,288427,454466
30260,36522,80862,63809,95258,123343,218821,271679,451471
30202,35364,61062,68769,96386,106132,177750,326218,580402
29982,35352,85133,63359,118614,101594,230933,324805,543438
29898,35214,74858,63065,94876,122326,291909,335617,494527
29670,36923,60665,74831,89485,123063,200496,341405,487744
30362,35673,78474,68790,121296,127151,224509,346770,461740
30507,35756,78903,70970,99919,118045,237244,331735,466024
30174,36063,60657,62751,100568,119246,222740,324138,624696
33564,36130,90033,66654,96526,119663,202310,317138,564576
29832,35592,67863,70612,96651,119928,228599,314839,492841
29723,35062,60924,67038,100662,121458,281941,414730,459431
29983,35317,77348,65704,101313,128475,230906,281061,470691
31251,35998,68427,72424,95546,120143,251637,242586,601197
30734,36056,60270,70920,94563,124253,224435,263842,534725
30647,35304,66326,66681,117381,126943,226892,270697,503630
29756,35427,99215,61741,101954,118523,221320,289564,497435
31699,36573,63037,67630,96012,122984,170473,311066,452649
30486,35138,72722,61530,95313,126431,207615,296166,450847
36098,35459,69797,65364,97301,124891,185066,329613,604982
30799,35376,59336,64723,92744,125206,179260,307275,524002
29626,36441,75907,71280,95910,124717,186852,319093,526338
29611,35294,69960,72188,94852,127026,197390,312251,478725
30388,35628,59059,67837,94038,126421,182541,337030,487090
30799,35614,97309,61943,95811,130159,175534,346039,480312
29966,36807,80574,61941,94833,128105,198383,339078,603851
30374,35701,60701,67439,96352,125390,182326,327542,529341
30303,35804,77424,66889,91643,132734,189739,413120,468721
30028,35371,80830,60572,94971,127068,364423,253942,473080
29737,41711,59316,66361,95577,107285,160022,226353,522793
30161,36289,88766,66137,103781,127108,158042,265793,476161
30721,36235,69151,71581,93332,114432,153658,348268,579904
32245,35781,60448,67542,93979,131035,156003,333149,503621
31689,35960,76509,61635,96992,147235,171986,324030,485231
30518,36580,66717,62256,103363,133775,152892,326702,493761
29952,35462,64463,66892,84138,134225,156876,324806,473817
29561,36717,82092,75278,86394,129860,144405,327436,473832
29444,35721,68737,62887,94917,128446,145871,326610,597607
31129,36007,59226,67076,93725,118223,130597,317453,587544
31042,34961,64004,69363,87227,136861,154552,321122,549672
31138,35314,84438,68016,90019,136238,146940,329821,473017
29963,34940,75686,60756,100868,133419,148814,431945,466490
29874,36400,60021,66518,80796,133854,145541,279121,460930
30864,35347,94245,66503,95034,126412,140180,242767,594172
30117,36063,72770,59961,94774,133941,143796,249806,559599
30609,35636,59718,67921,95039,131100,142032,280319,532645
30069,36516,117965,78729,94241,134474,155896,327687,479009
29789,35662,59346,75245,95016,133015,162172,333764,448435
29738,35636,78161,60864,86653,153895,144521,333155,493846
29417,35326,69510,81381,95828,133034,160408,335428,607175
29598,36748,60287,60421,91840,151143,150780,315622,540219
30408,35287,80828,62159,95216,164992,160969,316171,496625
29394,35442,70510,67527,95266,159971,160786,346122,485249
29254,35402,59743,72224,95163,150546,165351,346839,467161
29360,36671,77053,75878,95627,154485,160446,339318,611900
28998,35316,72641,68128,101828,154676,164182,331945,576911
29273,35120,59615,69015,94314,130337,182193,445135,492721
29612,36095,78150,60856,95574,148094,143946,253668,477050
30539,40232,61813,68377,93933,141738,194315,221518,544093
30138,36796,66407,76651,102192,123212,238062,270141,504593
29626,35969,70691,61042,95216,117726,165645,269652,590157
29558,37008,61654,62721,96137,136148,209653,374012,530976
29344,36110,78122,67287,95265,119899,183253,342471,500127
30006,36308,68751,62796,110418,117264,232139,354711,456337
30443,35837,58708,61573,103404,116935,171708,342319,484140
29340,35105,70944,69701,96558,118313,229513,346801,499021
29671,35318,75159,67557,95986,137908,226711,329854,592407
29288,36483,65062,67661,94335,130077,268372,327238,547906
29255,35202,75044,62221,81254,115977,221426,314665,531428
29801,35072,70425,66384,104439,118118,229112,325195,524498
29337,34791,59660,67493,86677,113425,254707,333371,554528
29844,35100,91366,66198,95290,113769,225120,327449,506477
29626,35403,68130,68807,95518,110950,215823,416245,632040
28758,35184,61712,67682,95134,119227,230502,273842,553064
29105,35219,73559,61967,97696,111841,234039,244514,491789
29091,35974,61410,72556,100215,140626,195281,276051,505846
29098,35095,75236,68188,89028,129200,187893,324483,708587
30041,34850,67394,65792,88639,131637,171416,319214,504757
29377,35543,62201,65672,102799,111152,185558,345813,582833
29795,36081,77325,61651,96000,115962,172635,323415,497315
29411,35388,76752,68136,96080,130755,199807,329027,538233
29623,35192,62312,68617,98220,126247,217829,328737,626757
29103,34865,74299,61702,100651,126575,169364,348919,478513
29183,36114,91505,67673,96185,131728,194437,337458,466091
30500,35042,58962,66059,99393,130755,194151,347857,615697
29449,35140,64882,77416,95118,132167,205790,332650,564062
29770,35025,77196,67131,101044,134177,202275,451090,515068
29523,41001,59985,72517,96430,150285,196213,251736,486660
29201,35800,64755,63000,94309,155010,184528,229460,435732
29092,35367,79207,68600,112220,158086,188577,267060,479241
30410,34726,67833,67357,103227,157909,192367,300987,585104
29050,35670,59149,66608,93251,161310,184753,337691,567486
29329,35807,64101,73167,93721,115605,184220,337459,780027
29555,35744,70336,65672,96744,114924,263214,329262,485643
29046,35343,60020,61810,93432,101405,164494,332675,431592
29692,35431,79152,61282,101441,111394,158493,327022,597499
29635,36254,82522,62927,94756,110990,155587,319569,554332
30481,35431,58915,67432,85529,125591,160509,325862,512660
29734,35384,79470,61894,88754,129903,157047,343083,507783
29808,35284,76994,66669,96602,115728,154123,351373,466136
29591,35778,60665,64520,95006,113403,150288,320014,565668
30046,34962,77664,61180,95026,111488,146734,424966,598140
29595,34848,76888,75599,100788,111214,149595,263131,531231
29996,34613,60958,68324,94904,131357,147551,256071,497715
29452,35533,80004,59472,97063,159086,140848,288776,468058
29308,34765,77116,61926,117872,161837,141582,267644,536599
29297,35064,58574,62083,94242,110780,141280,334349,500861
29638,34935,80955,62438,97457,134778,148464,321228,601147
29232,36345,74183,66491,94426,112379,144766,341788,516050
29064,34925,62590,61110,84760,112706,137170,318616,492117
29685,34990,59436,66944,94342,125864,133271,320486,560734
29385,35140,57625,60270,96617,110479,133708,317404,534713
29108,40158,58867,67922,92208,114014,132529,320174,557409
28753,35618,58713,62477,89792,136319,141401,326961,624530
29486,34625,58498,62813,89413,110351,144156,328467,540162
28987,35139,60512,74293,96241,125442,161757,315995,524002
35609,35140,58915,62585,90318,109591,161469,340362,490911
29399,35863,58137,68017,91467,125686,160500,423982,526637
29016,35682,55996,67034,90052,111672,161390,285028,493302
29000,34994,59162,65775,90924,129607,152449,227083,559443
29494,35686,57841,69483,90624,129820,163183,282927,549692
29029,35773,58387,78232,90180,110994,228173,320775,541144
29159,35359,56744,76235,91055,123541,183514,332643,495454
30264,36221,58853,80851,89748,125330,253346,361831,474877
29393,35377,65854,68147,89684,128786,167783,334781,462326
29128,36449,58586,66940,91357,131327,219713,329819,584117
28871,35451,56883,66659,97959,141360,206765,336304,531877
29261,35436,58911,71925,92544,155945,255307,330386,484192
29661,35224,58773,77101,101804,115796,211972,348856,541460
34227,35576,57877,68488,90907,110180,203491,345322,533104
29723,35669,68014,61238,91254,107240,257162,317205,565920
29244,35611,58855,62652,90579,112073,223858,447171,598912
29165,35577,57161,67853,92565,107651,168791,278159,528939
29167,36396,58076,62768,91457,108901,219630,229009,540519
29336,35251,55972,75056,97655,107473,245258,266367,495804
28857,35471,58105,62935,90432,107940,219313,284127,516135
30071,35355,56675,68715,100043,110020,230985,328430,603301
29823,40472,58183,69725,82743,133060,210746,325553,517891
29241,35592,59365,66553,89895,110265,296501,335463,559588
29058,35433,56796,66098,91419,108818,210312,343352,516840
29434,35209,60116,66806,98691,108480,234988,346721,509693
28925,35567,65184,68116,87056,107749,211989,336447,508896
29635,35814,57412,62163,91391,125141,202557,453680,620206
29801,35606,60040,67454,90155,134723,199079,352989,555877
29725,34875,57812,62603,90389,107205,186367,332264,506889
28923,34915,58158,74387,90494,128029,203928,321369,469244
28766,35534,57609,66973,89457,115015,215046,444935,463369
29451,34730,58311,76799,90472,106899,198901,1421120,499571
29324,35069,56629,65711,92036,115962,216974,241384,584270
30165,34873,58986,67501,91556,133650,205677,267117,536042
29103,36015,56383,75630,90427,130780,204793,261615,485740
29011,35690,58745,71733,74483,108806,214728,295413,429198
29613,34618,56554,67902,91140,108105,211369,348386,493506
28861,35201,58967,66584,83326,121868,204728,340445,474070
28855,35402,58432,62086,90569,326689,202457,371219,622805
29033,36271,58312,65017,104906,136598,201830,334598,567018
30075,35258,69511,61213,101215,129279,225224,315558,525007
29458,35322,57590,62345,93557,127850,205588,330537,452566
29087,36461,65494,77084,98352,131766,347690,311590,455686
29280,35209,57478,66309,93544,125945,164228,319058,453830
29185,35353,58550,63898,82549,131654,154020,340172,616396
29270,35091,56907,66365,90821,124359,161528,311021,568365
30093,50556,57981,68205,92832,120247,156988,454859,496607
29237,37336,56807,60332,99852,128467,157270,346483,480214
29602,35356,59040,67378,87384,127240,161531,271635,457482
29332,35274,56627,61156,93807,128001,156901,267617,469838
29410,40347,58254,59833,87145,118722,149473,284447,607657
29481,35923,57430,60117,87368,122433,149713,326438,552665
29017,35640,58817,66738,93215,119780,143733,316694,507372
30086,35778,56788,67151,92127,133857,151223,308955,533850
29344,35346,59614,62264,87785,124855,145694,322816,489622
29419,36147,58064,75358,93129,125316,141902,321622,550418
29220,35024,57329,68582,94915,117484,162590,336494,595779
29287,35234,64576,62721,85682,123803,143701,330713,547569
29851,35327,58116,66574,92635,105639,139154,326787,530117
30290,36660,57943,67394,101659,118323,144293,339265,486116
29595,35192,56925,61693,93631,119553,138576,424964,462648
29240,35313,58441,71507,94297,106363,140918,256814,624246
29072,35152,57672,74578,92625,124301,157184,288628,561638
29036,36050,58512,68492,93486,123214,148219,284949,486578
28812,35443,59150,71693,103645,119967,145139,278624,466265
29159,35017,58305,62257,98648,122632,161779,329214,475048
29895,34921,58952,67408,91538,122847,148082,317998,478561
29453,36527,56123,59917,92200,107391,157980,325554,590690
29945,35423,55283,81393,98185,123002,163800,341260,523988
29137,34862,59291,66292,94729,103461,161897,328063,528612
29468,35143,56962,68344,90259,112878,228604,327225,502758
29220,36995,57590,62422,92934,118640,166878,350716,469578
35269,35128,58223,62467,78973,91936,202010,313903,532011
29659,35491,56884,66431,99375,94118,218263,323427,608887
29191,35134,64853,60566,93505,96702,176008,321305,556630
29367,40367,56737,83113,94540,123208,217300,407324,530843
29234,35598,59336,75816,93157,124529,183468,246246,425852
29073,35290,58065,74916,93978,115872,263471,225275,505581
29265,35129,59888,72845,90359,123278,187393,273326,464012
30020,35113,57061,65705,93354,119252,250625,280051,593839
28958,35580,57601,61301,79919,119213,200991,281922,581874
29350,35072,58821,62459,93725,113111,172030,278924,477017
29347,35105,57361,66630,95535,112670,197250,283089,456723
29425,35219,58293,72033,93405,121765,182536,334088,471483
29415,36341,59874,77019,91676,129254,181379,288514,468278
34236,34835,58089,63166,86322,127973,185123,288649,591650
29721,35249,58259,67066,104301,127073,177760,280702,563369
29269,34702,58468,61392,92599,132075,250579,303408,544546
29426,36255,58242,62045,93397,130590,291285,315164,509566
28844,35556,56463,61099,98224,124155,210688,309270,465170
29334,35752,56460,66958,92015,130265,227854,345270,498122
29225,35101,63324,75921,85418,125333,266120,401863,596047
30244,35761,57514,73855,87066,124959,219613,259957,548426
29398,35499,59697,75738,92553,121138,182173,216327,490487
29692,35343,60026,61660,98681,121031,185095,256840,489445
29425,35072,59083,61860,86117,127432,179290,308450,454813
30247,36062,59459,62416,91888,109323,184573,308270,484715
29741,35181,56830,84351,92712,118218,165014,326649,614384
34443,35344,56932,67465,87647,117755,189646,307805,555356
30433,34845,57439,60803,93119,105700,196308,322856,472578
29815,40684,57034,61668,92116,105059,188304,347787,476063
29755,35243,57843,67255,98199,121729,188433,344788,473215
29857,35111,56550,67361,81338,134133,191789,336073,651862
29478,35277,56452,72244,91477,124727,202186,332438,544026
29107,34976,56744,72329,91662,123037,185554,328737,492318
30119,35823,57702,66407,93939,123267,184926,449398,491666
29872,35197,58137,68007,87112,123376,187287,251631,539120
29595,34752,57609,66763,82035,127615,298815,214945,481407
29960,35764,62640,65422,92334,122621,166152,279089,593725
30315,35601,57358,66897,85229,130293,212596,262649,548840
29900,36010,66693,80890,91706,125592,192066,329330,507320
29960,35307,58567,80638,99223,125345,189528,346781,461513
30671,35652,59143,67159,103472,128112,214040,362644,480972
29376,36092,57165,77016,93619,129418,161401,330340,462948
29131,35570,58715,60745,92365,121704,206558,323566,600792
29237,35346,57161,67726,93536,130773,199981,323991,554740
29052,34865,58826,64757,92876,110312,152349,341872,493689
29350,35686,57335,62037,100709,109491,192975,334905,463549
30592,35259,57966,71735,94825,108589,199229,330953,484524
29578,35249,57899,68495,91509,109082,202413,322260,469234
29018,35579,55744,63064,91348,119950,197657,418734,623470
29174,36503,57872,62660,89395,107847,142630,243893,546352
28974,35297,58004,69488,101371,122802,136187,228376,512704
29065,34547,57970,61850,97349,123959,214698,361857,470424
29131,35036,57576,62216,91904,121512,202973,319792,475819
29898,36068,58663,64035,95195,122555,138344,384336,495412
29383,35332,57338,72625,95636,114948,139914,336614,603273
29491,34594,66818,62052,93340,132345,138327,360700,555896
28929,34492,58697,60685,93275,122456,148609,347671,493986
29010,35353,58310,66885,93999,124528,165508,343346,479455
29591,35786,58115,63547,92777,126604,210741,354489,531034
30027,34860,56616,67692,93329,107374,207893,325974,1060969
29529,35029,57793,73332,82424,105723,230730,320482,589981
29534,34982,57526,62277,92149,111108,207501,341435,535044
29293,35946,57480,73133,96886,120736,249981,329542,450965
29570,35084,55994,66355,94657,110508,271303,326279,487146
29537,35091,57024,66853,99786,124013,253340,434506,439098
29130,35093,57436,66995,89800,123949,208294,267665,509242
30322,36058,58110,67211,91378,122101,226851,222262,627242
30038,35040,58523,66662,91291,129279,199805,265845,555842
29445,35290,59122,80523,92197,130501,197251,324994,503446
29555,35041,58717,62660,93159,115082,155944,321261,459737
29358,36214,56463,77228,90795,135322,224833,342427,483436
29154,34772,57605,64659,92555,114815,207872,364069,595342
30328,35323,65105,62494,99500,126751,192883,319998,549131
29526,34449,57377,67096,91603,113825,196164,318343,557409
28606,36030,58240,76100,102957,155020,204675,344226,511136
29121,34612,57788,67019,91748,134071,203679,321520,519956
29259,35290,58760,75604,89520,132366,172559,321546,479049
29130,35296,58424,68758,92516,133527,210682,318197,626409
29622,40792,58919,62382,100252,130343,205460,422486,559699
30209,35294,56672,62419,92721,115425,212395,248223,502960
29487,35789,55951,67286,100392,123368,198652,216374,487791
29685,35477,57370,60611,86588,125110,209324,255829,468747
28878,34945,59377,66979,91835,117780,207571,263646,486403
29274,35867,58279,67585,85018,130983,204604,350243,619254
29264,35158,60024,68979,92722,138806,205419,334790,547709
35046,34915,56848,66369,92726,134102,187048,326651,479411
29393,35622,59260,74696,90896,134593,206616,326140,504901
32138,36101,57311,68961,90514,139594,207287,336178,457243
30144,35387,58122,67390,96243,132282,213080,329142,464239
30152,35533,62402,62409,101509,143502,232198,335341,593512
30018,34793,57910,81359,90913,137930,211902,322482,583523
29873,35781,58222,67564,86143,131897,222673,314176,524959
30401,35245,56664,66985,91856,131354,242144,327873,457808
29542,34634,57023,67396,98249,151816,232476,429679,453158
29920,34899,57449,66878,94014,141525,211348,252807,470429
29220,35913,59825,61374,91748,135253,178369,206420,600780
29151,34972,57472,64022,85893,133339,179810,262877,508984
29491,35321,57704,79932,92661,134109,172559,278144,549881
34862,35249,58498,66773,90898,140354,171665,360136,515339
29793,36529,57198,66550,93321,131345,178541,329836,434849
29502,35232,57291,62640,91849,137142,337164,319287,469159
29196,35205,56767,69099,92611,130930,169594,324488,602490
29591,34886,57267,71454,91822,134190,164612,321481,558007
29053,40698,56497,67810,94259,113968,160820,331077,494988
28971,35191,58090,67170,97635,130942,207708,316852,480366
29996,35218,57793,68359,95388,131270,205060,320477,488092
29556,34867,58723,61582,94043,133010,209282,312500,476633
28952,35235,56911,67627,92208,133399,190396,325916,598525
29075,36378,63531,65908,91912,129903,207932,334023,539397
29119,34797,56300,62782,91490,131622,191932,418908,507548
29465,35085,58546,66940,99057,127938,199494,243371,473420
34534,34752,58059,61800,86062,144083,190726,212946,480016
29999,35448,57839,74637,90667,131885,192734,286992,612736
29007,35087,58452,67512,85344,130323,179479,367144,546408
29507,35198,58354,72793,92321,155368,190507,324697,509895
29288,34885,56101,67723,93575,138291,189217,350164,472086
28952,35671,59019,67881,98169,140578,190703,354423,475010
29425,35273,56768,67357,92639,142049,203905,320055,458434
30273,35204,57248,69121,99807,134659,192246,343050,645598
29354,35594,55258,68461,90050,133966,189700,340319,548685
28959,36097,56975,65715,93492,136886,194566,313754,516027
29393,35255,56394,66148,93762,124822,218508,324253,489148
29309,35338,57025,67642,91899,144025,199691,323369,518696
29075,35202,55785,68420,92415,140169,195857,449586,528631
29112,36082,59220,60532,99510,138961,193585,260910,582525
30142,35085,60646,68581,98944,130932,198166,214609,520711
29534,35436,56345,61511,82700,132346,222400,258982,518671
29937,35430,56131,69009,102829,140459,248689,258879,483655
29077,41162,56598,66647,93459,134410,235243,324398,471018
29806,35735,55446,61870,91694,133040,246287,317033,455606
29594,35173,56216,61623,92923,135268,261554,322701,617661
30230,35198,56894,60923,92298,138455,216698,330605,521269
29269,34936,56175,60674,101267,129142,199976,316960,485954
29448,36205,57886,75308,95237,133492,199642,320107,498194
29163,35214,56213,66311,93173,135400,201360,316251,485869
29292,35265,56340,66824,93536,134893,197358,320964,460127
29446,35367,57158,62732,92488,133687,200423,335203,614455
28928,36444,57703,61621,93567,133993,219729,325796,526535
30546,35293,57634,75986,93730,138569,204854,427101,501666
29940,35015,56692,60530,99880,134616,219726,241134,546378
29295,35095,57996,67610,91656,132644,216103,228362,487536
29293,36101,56716,75373,93198,140859,205758,267592,525139
29189,35244,56502,67945,93135,132187,214766,269864,582693
29160,34761,56696,66596,103168,139173,211583,321411,553231
30626,34961,55278,59072,92762,134312,212674,316967,477859
29357,35769,55261,61732,86118,129794,197097,316437,431876
29291,35447,60897,63489,98617,133844,230414,327142,531312
29664,35073,55844,67138,83161,132950,206248,326193,465612
29588,35345,64989,80925,83618,134416,199125,315010,566350
29694,36095,56174,67148,85713,127094,202490,352584,472611
30333,35316,57946,61387,89177,129493,243134,332065,455936
30827,35132,56209,68408,93924,129767,205162,318506,466061
29665,35394,57912,61526,94452,119625,228905,355789,460374
29799,40023,56141,68222,85587,121555,261167,304272,576809
29740,35629,59377,61564,94786,137316,195156,402438,549036
28849,35078,57054,65289,104316,174200,193305,247908,480892
29138,35004,56884,66171,92912,167248,220953,256327,456429
30576,35304,55049,68082,96433,150411,215613,298440,528014
29158,35795,58036,61130,93118,166348,209387,368351,493057
29465,35198,55608,69694,94506,166423,214336,372035,586816
28865,35076,56338,63017,88055,165160,212973,344469,537643
28958,35462,56191,62430,95130,157825,225104,325570,488415
28920,36060,56052,69524,96292,175382,213009,355177,455507
29582,35046,55725,77968,96895,149077,207812,323075,478587
29907,35531,56232,67827,101202,179613,277756,334428,468411
29804,35297,55347,66722,94886,183957,340492,335905,582384
29679,36185,57174,72332,98553,172861,161076,346726,541136
29587,35377,58190,66447,95560,198191,154375,340547,547365
29212,34786,57764,67363,94661,223217,156909,431355,476902
29525,34620,62911,68808,96627,198292,167779,260996,493988
34649,35761,56545,62443,101749,132840,152658,258012,502360
30087,34953,55968,76870,93986,109954,154931,263278,574988
29597,35167,57134,68356,96655,112952,155257,279312,543354
29491,34737,56755,67371,94583,116075,149585,340820,483848
29305,35895,55935,67894,94250,113486,150604,318654,454446
29493,35171,56919,60878,95107,132159,154479,344725,468476
29523,34917,56780,67152,100872,115948,139497,337815,457846
30650,34861,57255,66012,94744,115656,151031,333076,585197
29560,40042,56528,65685,93402,131079,145897,330182,544042
29346,35398,55861,66462,95343,123684,153958,323780,516927
29309,35602,55791,67059,95285,133051,140454,321307,467311
29327,35426,56109,67604,102242,133082,145054,313936,476056
29035,35142,55938,66943,311590,133888,144613,315701,564603
33756,35902,55727,61069,122368,115033,141969,403723,607233
29451,34948,56304,67438,132527,113689,138051,250819,569206
29279,35130,56013,79382,119811,116304,143499,226740,508035
29199,35282,56768,62270,111667,115176,142090,267932,473195
29312,35997,57467,65528,123151,133845,143775,406248,563124
29154,34964,60919,61228,118337,117553,161774,317847,542154
28976,35005,55250,75267,100826,132075,141199,319763,583357
30149,35249,59282,72633,98070,117248,153896,321901,482793
29558,36063,55135,67364,106131,116377,159497,330377,477220
28721,35571,78679,63183,99671,129651,154518,323372,451119
29160,35312,54863,66298,115854,136611,186844,317953,466112
28765,35050,58116,76285,109144,130634,164689,346543,624801
28837,36237,57056,66349,101230,117175,205830,405720,556447
29205,35439,58029,68743,105258,118109,173965,322141,477228
29961,35298,54379,62744,108130,146345,168165,324496,523302
29388,35012,57548,68936,109556,117519,191208,340154,467951
29166,36491,54117,69091,116372,131586,167450,430240,535771
29369,35221,56595,65973,106299,136735,187045,269227,559220
29030,35092,55384,61781,109520,126796,165187,234172,511799
29511,34906,56276,62247,115479,135490,181702,332405,512016
30318,39756,55629,61487,118832,131389,169727,350213,560550
29276,35677,56718,68328,102561,133978,220724,372757,509488
30147,34873,54727,62065,117620,135059,198275,328234,547341
29395,34986,58773,61524,119819,129940,181757,367092,593261
28980,34857,64345,72396,110264,334793,187829,406009,538474
29362,35875,58341,63240,116580,147157,183916,319772,536881
29342,34955,59478,61530,118649,132864,194280,337895,459107
30070,35098,56939,68469,100416,131995,181472,350655,460230
29459,35167,57964,66740,106758,133379,243144,318380,472121
29090,35635,58360,67159,98242,141723,221699,326934,588075
29000,35499,58230,61196,112316,138770,218483,410243,543467
28990,34933,57529,68346,110551,131357,224639,257933,478293
28707,34940,59449,62141,102881,134113,223418,235616,463874
35097,35965,57224,61945,109222,134340,232191,287213,528210
29160,35259,60391,74886,116967,127317,207296,265959,514164
29059,34977,55969,65709,104741,134400,206262,319508,571671
29546,34929,57994,61408,110855,130327,184903,316445,516944
29437,36067,57327,62768,112150,124721,191383,341974,474018
29079,34939,59555,68238,115668,108636,191857,337520,487912
29204,35012,56602,67117,104730,123411,190688,319693,477075
30455,35436,58551,62715,116205,109988,182818,365960,449037
29439,36480,58284,62423,98660,128719,188118,332319,613603
29296,35295,58097,75186,112903,108948,184149,348697,547208
29122,35664,66813,67824,119043,131345,188440,347546,526617
29246,34858,57035,66796,114925,133615,192951,360912,490392
29124,40324,59390,72316,125794,132388,190870,442098,495511
34146,35690,56385,67783,108867,110232,190064,251708,471194
30000,35124,58565,61345,92999,107648,351342,224762,601759
29357,34777,57246,67298,90589,105136,172871,273680,570397
29448,35515,59702,66213,90809,99059,159017,330013,495152
28762,36128,57302,62125,99110,111725,169912,308919,484318
29168,35261,58169,67235,89933,104276,153304,289710,474443
29415,35135,56103,66353,90418,109176,153605,260761,596859
29821,34878,57798,82922,113711,122090,157067,335489,538926
29275,36013,56911,63938,110524,120889,149018,324114,522752
28920,34935,63581,61218,100537,131844,142214,310448,466147
28843,34696,57013,75583,99544,115453,144140,317902,475919
28650,34976,59551,74450,101680,138637,144249,338058,469916
29290,35887,60370,67068,99960,110491,140573,330971,570028
28551,35333,60471,69924,98698,126124,141773,314378,503394
29940,35247,57699,80071,111055,128219,146880,331269,542998
29488,35058,58055,66460,94401,133797,147203,401541,473845
29220,35993,59649,67514,99384,122340,140843,275651,516678
28970,35392,56818,66760,108803,108812,139074,253002,514200
29989,34986,57915,74481,102083,125896,142078,275805,547180
29614,35294,55730,72863,100659,122305,136660,342419,523151
30476,36345,61205,72008,108542,129623,134898,311765,460778
29753,34751,56111,72015,104114,120042,146507,344031,474657
29320,34933,57550,61603,108158,120037,157299,328600,450168
29077,34599,56445,66434,83235,127749,161273,319607,475626
29323,39765,58124,68594,110685,118036,161267,323229,611554
29328,35790,57340,63119,120563,107309,146366,322115,551073
29267,35618,58241,67745,99948,119378,160428,312636,499080
30159,35051,56691,74916,99095,118624,149549,317864,481878
29061,34876,59731,66961,93707,109479,164369,316499,467421
29155,35652,59527,67216,93578,124307,227121,419937,471174
29562,35161,60099,67966,94228,107698,221958,290846,609851
33085,35235,56055,67883,87616,134328,230782,253662,506996
30041,34883,59638,74120,94379,155371,185656,253686,528243
30823,35270,56881,78512,92646,131119,200409,272793,472523
29953,34993,57579,69769,91414,129293,186558,335116,474737
30190,34890,57887,64555,86069,140133,205345,369690,572828
29842,35158,57053,62675,98139,140935,156941,330751,618051
28956,35727,57477,98868,92735,142753,166241,336753,588746
29174,34827,57326,81303,84448,130658,184441,355860,551218
28818,34564,57562,92790,101228,129540,167343,328524,518670
29686,34882,56652,78856,80284,126634,189253,350821,528652
29454,35776,58897,78557,107593,125092,185848,327062,525724
29407,34732,58881,78385,89636,108240,191784,332824,600778
29278,35080,57134,76770,85641,106760,209421,358619,560041
29175,35271,56846,67866,92614,109818,199340,448471,490897
29208,41412,57946,67696,94174,108140,185405,255126,430888
30288,34835,62408,82850,83443,129715,166231,237463,450194
30123,35142,57838,75081,95453,123840,182512,269088,605570
29387,34380,57024,67295,95093,118403,169754,263043,570746
29263,35046,58062,68101,96108,122617,166669,283701,569859
29100,35652,58111,74547,94377,123147,189332,291447,504906
29369,35020,57081,62374,96318,109041,161888,297448,471631
29199,34474,57692,69367,92826,105781,205556,342040,461905
30230,34699,58447,62856,77755,132779,208156,319665,576494
29648,35248,55979,63535,100664,129206,218344,316706,584254
29392,34835,58035,66111,99735,133598,226002,355013,531657
29596,34897,56493,66667,95535,132613,219532,315681,517959
29605,34465,57894,65628,98556,117825,221507,340651,509448
28893,35702,57260,57850,93344,133229,228394,311644,472177
30454,34843,57013,65859,93545,125901,167843,321863,592264
30053,34949,56502,68121,93563,106860,185724,409490,514877
29692,34947,56145,60049,94126,106047,193605,279344,528982
29872,35530,56596,65779,99480,105425,167804,242691,493177
29446,34993,57361,65025,93696,207936,185697,302076,458340
28978,35045,57230,65405,94891,194238,169507,312993,465999
29543,35129,63861,60015,102062,188342,179025,325986,612306
30006,36131,56237,64875,121600,224849,372519,316991,530225
29382,34776,58625,80344,101877,203149,166970,322587,504037
29516,35069,58012,59788,114322,150989,151405,354134,500497
29481,34952,58680,65707,94815,127224,149881,321417,476225
28914,39845,56574,70239,95873,111372,147618,323065,476678
29456,35800,57763,67711,95146,110719,167234,347357,573474
30613,34598,57333,67441,95841,120778,147634,344742,533422
29322,34894,56993,60757,101799,123633,155014,328584,517360
29236,34502,57986,78846,94552,108084,151748,437318,474899
29338,35757,57181,74735,94628,111345,153044,247173,462319
28932,34500,58526,68659,99537,116559,140115,211136,491106
29017,34706,56511,69444,94615,109123,148944,301637,613678
29411,34447,58495,62582,95047,152206,143431,260823,514653
30149,35873,58331,67736,101412,139625,164000,339320,531416
29433,34869,59115,60139,96438,140890,138474,341849,548511
29160,34901,58163,72691,85051,113692,139788,342059,487847
29222,34750,65202,75654,89492,126563,139995,357820,535149
29077,35063,57656,61732,96694,109638,134142,341922,614871
29181,34856,56351,66892,97175,124913,126678,336999,553820
34551,34526,55772,67886,95184,128511,134046,351275,482344
30026,34774,56183,72781,118102,125962,156524,359609,477465
29510,35343,56019,72431,96946,111679,163038,329766,447258
29466,35021,57562,73096,97129,120021,162820,331809,599519
29402,34641,57758,70804,97992,126224,160323,424311,533037
29408,35315,58504,71844,95112,107136,160369,241518,513921
29232,35897,58286,86120,85637,106952,144552,211972,483028
30390,34851,56974,79347,87645,111206,146493,249617,470028
29541,34530,56893,72364,99810,103592,178568,263230,472466
29191,35086,57651,72048,96770,106674,276291,286569,565463
29274,35032,55901,72527,98558,119513,172022,427174,497510
29581,35779,57258,74460,98545,116413,229636,295166,534795
29206,34611,57880,83323,96513,104841,165097,342587,513531
29214,34737,56046,74051,98109,103475,198671,317866,460929
29903,34807,58584,72945,87679,106485,182655,325782,481250
29320,35802,57875,73881,102157,104560,198508,356739,578799
29527,34936,66701,76563,96126,104118,178653,330133,532529
30102,35138,56167,74327,114258,119769,195452,326993,490371
29167,35108,56832,73916,95605,112375,184811,321525,489306
29307,35566,57421,74655,103444,105898,185736,321103,482015
30296,35000,56504,73129,97771,102991,180973,415872,453820
29768,34923,57412,83132,98118,105628,180024,250714,611116
29311,35547,57492,80928,96539,105430,195995,222081,550261
29943,35548,56639,79756,93887,127419,183518,300627,495851
29209,34663,56957,72698,98780,104247,171979,329409,512631
29074,34558,57041,73765,94166,104009,203210,325066,472803
29549,34514,59273,78468,97026,107522,224161,361936,459295
29919,36322,56610,74643,95843,105801,200959,347846,611743
29521,35037,58084,72403,97153,106838,201696,331887,584055
29294,34871,55956,78485,97713,120284,198758,322861,489407
29060,35090,58229,75642,96904,106057,203344,315104,490275
29293,40718,55018,72077,98115,103021,188850,319776,476420
29100,35156,58437,86035,99450,107175,213110,330903,463279
30012,34934,56733,78092,98887,114598,201413,315222,596026
29608,35028,55707,74523,102856,110068,202403,429383,550436
29312,35255,64329,75353,98264,106231,219313,247887,481565
29030,36245,56742,81802,97780,103477,224406,225743,468145
29548,36035,56386,82680,98340,106556,211982,259158,484194
29504,34723,57448,82027,86742,103682,197586,273898,472407
29571,34580,56493,74756,99205,125520,200503,272267,676204
30287,36022,56964,74687,96572,124854,223388,340192,566170
29542,34933,55679,74041,115973,112456,214675,317759,459502
29518,35291,56690,82655,97786,125981,207998,326414,458625
29126,34351,57412,81964,97212,106786,173229,313014,456983
29494,35982,57413,72103,101007,91695,198862,332368,616865
29285,35354,56924,71426,103304,102545,210107,334695,589327
30732,34787,57937,74645,95938,110983,255363,317996,505316
29256,35215,63278,69964,99306,121258,164171,320838,479951
29057,35636,56131,75840,103131,107130,155202,326495,523800
29440,35162,59171,72894,95967,104719,150141,424274,487430
29430,35045,57011,79642,101673,103759,153472,253085,578349
29295,34914,56967,80704,105330,92906,161414,210589,518537
29502,35913,63651,72940,98426,102902,159295,284463,469251
30418,34649,57618,72376,97372,119994,148688,361943,480958
29093,34697,58301,72489,95934,95319,150857,345851,468065
29280,34750,57995,71578,104198,105149,153199,316465,504243
29748,40375,56975,79693,96909,112824,144524,330373,602649
29508,35624,56945,81714,97235,125495,155824,316863,531117
29676,35190,57654,99469,97571,105140,142589,313388,606254
35052,34911,55833,74714,98496,97473,145771,319894,498594
30189,34677,58553,72911,103846,105909,134710,338924,452238
29481,35539,56763,68114,97242,102795,142142,342263,492103
29335,34587,58426,72226,101321,107579,146609,353755,628016
29237,34982,56518,65003,99034,103909,139487,318946,538553
29345,34825,57655,68665,100111,104922,135304,334406,488422
29274,35801,55917,60221,120553,115721,138877,422221,480878
29918,34938,57199,67449,114158,104978,148838,244280,469046
29418,34961,57876,71814,96802,105798,153928,214505,461787
29407,34661,59163,64473,107737,118056,152254,277835,604457
29129,35793,60958,80859,97103,104240,161336,352158,510495
28582,35014,60533,63701,96697,93206,163160,342907,528457
28900,34967,56961,60344,83126,105876,148418,332733,493017
29208,34741,58038,67764,80593,111355,142421,338666,478479
29897,35730,56900,65834,97847,128284,144939,325983,457112
29380,34874,56386,64119,98882,105563,169544,352400,602035
28844,34727,56304,66418,97966,109641,148784,365579,541095
29261,34612,55724,61173,97114,120467,168120,322177,484590
29553,36513,55882,65610,101536,125989,192750,326830,462609
29238,35529,57840,70817,95798,129663,169302,322366,590796
30351,34995,56383,69600,103767,124143,190774,413032,551864
29119,35071,57310,67966,85346,120600,187701,249156,633503
29575,40210,57164,61348,115990,122289,198257,225231,560175
29207,35795,58058,66786,97435,124310,208667,284130,508614
29415,35568,58241,63777,97100,129518,184994,274883,492203
28921,35550,55662,65552,96499,131659,185289,322350,480298
29067,35021,56567,60896,97713,123257,183222,328570,642356
29821,35733,55907,67165,97243,123380,189028,331250,572775
29042,35071,56070,76371,97179,120270,196037,362934,553547
29020,35040,64119,64987,97415,106535,197632,372526,527439
29040,35188,57549,65394,100408,106758,180840,322765,541130
30061,35594,57726,62813,105742,104935,202132,339047,499668
29130,35185,56290,61998,96037,106300,198720,320461,589150
30662,34876,57663,61229,96042,106487,169405,325444,576747
29382,35407,55972,66156,100960,107134,180286,321059,488148
29313,35739,56842,60931,105050,107973,188835,416261,469050
29473,34975,57014,61880,97833,105141,167458,246169,476643
29143,34954,56211,63115,95569,105328,185945,225380,457762
29273,34761,56049,61771,97414,107126,168107,266242,626595
29311,35740,56614,60992,82440,108221,188210,273865,566651
30086,35067,56855,66153,93580,105532,181677,293427,469474
29742,34875,58018,65500,95639,104170,190637,298863,478388
29138,35334,56006,66126,82439,105031,169280,340504,435157
29472,36399,58554,65564,96362,120344,189622,296152,476488
29069,35620,56785,66062,97861,109806,194750,329156,595245
29489,34903,57498,61479,97139,108915,185778,347363,542021
34414,35168,62302,78617,96809,102904,160087,341647,502414
30336,39954,57115,73334,94867,104527,185401,333637,514691
29340,35834,56450,72246,95573,105767,163204,318556,466862
29336,35704,56949,71423,100333,104508,177858,314723,482353
29413,35674,56801,71888,97699,108598,173733,348720,621498
29475,35340,58143,72893,98093,104680,185943,395866,550648
29241,36200,57194,71755,94986,107751,319946,242279,482101
30124,35433,56008,78273,98667,107899,163356,226157,488189
29321,35014,58251,73147,96754,104438,150538,281251,467846
29193,35063,57348,74641,112764,104584,182191,332042,469330
29144,35637,56876,77953,99529,108216,153648,316672,607633
29139,35226,57948,72439,96741,104799,160837,347008,577572
28799,34897,56487,71361,96117,106624,149826,343112,525674
29215,35181,56761,71680,87739,107840,148702,349867,525395
30493,35837,58865,73467,97245,106429,148791,319380,494091
29513,36150,57199,77193,99440,108127,141020,328368,452936
29441,35076,57019,71823,99046,120331,145128,331789,577747
29228,34879,61608,72559,97937,107362,140647,353450,548423
29224,35379,58093,71787,105700,126741,149046,336647,513900
30842,35069,66961,73799,104812,116168,158263,415028,461216
31672,35049,58470,72668,98640,106377,143012,244500,511848
31342,34980,57470,71610,97186,127141,152398,228253,602841
30867,35811,55049,72610,98508,125640,137228,261958,555928
31091,35355,58565,73096,118692,127196,142548,269692,493958
30693,34942,56016,72927,97697,121276,143700,332512,468821
30634,34723,58755,71922,97005,123750,149222,358706,466285
42200,39191,56968,78331,98003,130195,146015,355950,553712
29866,35035,57414,83095,91031,125111,145436,331631,632346
29529,35525,57706,71641,107662,127273,147110,326166,560020
29149,34949,57820,87143,97020,126219,147383,330238,480589
29131,34976,57408,73636,100010,135390,146362,341221,472972
29746,35941,57933,79437,97888,133605,162682,317475,473217
29266,35399,58444,71206,96577,128628,150356,332152,443566
30141,35447,58536,72969,87886,112152,159747,318544,598005
29387,35257,55794,67218,99664,133839,280227,411631,563309
29379,35841,56839,72035,97027,132757,199035,244681,511835
29260,35025,59965,75470,95548,126776,203046,208545,476858
30210,34717,59167,61308,98204,125766,209228,261791,530647
29447,35105,59154,77766,97887,127806,165384,264856,508293
30757,36224,57096,67429,107836,129257,197952,297237,627473
29385,35261,58391,61750,96260,125870,188352,283359,542755
29469,35319,55835,66616,96276,124716,207237,340534,473316
29187,34661,57318,74307,99122,131376,221759,327799,541817
29583,36060,58024,73049,98715,124276,192920,322671,586402
29757,35016,58023,65524,97063,128675,183772,323989,551837
29534,34690,58355,61467,97138,124764,178344,330582,616842
30376,34653,65409,60055,97856,130510,184134,313031,555044
30134,40891,64938,66570,97191,128400,189453,344931,500854
29345,35351,99372,62088,88888,123262,171117,316614,470095
29193,35113,60361,65382,95258,128326,194865,321762,461377
29286,34675,57772,76022,100552,123323,184118,403604,487083
29143,34879,57788,59978,102724,125503,193370,249438,612569
35195,35429,57219,72260,99156,123780,212597,222545,553745
29694,34859,58973,60879,98529,132861,198003,265727,496998
29384,34537,56585,60421,99026,123175,206667,345436,446779
29655,34510,57685,60773,97269,114467,181957,330863,506647
29511,36276,67389,62334,97061,124477,217412,316427,511908
29507,35162,56288,70675,100585,107148,194904,352651,589165
29482,35132,56878,61230,98201,125140,186668,331233,540267
30555,35147,58843,68391,98584,124143,189594,325142,466590
29181,36172,56668,67358,103467,128079,185962,327471,463901
29511,35154,58864,61245,98296,95131,181760,342366,446599
29785,35067,58218,61897,114638,118522,184184,347529,595994
29258,35160,57202,72088,96493,92468,186837,348267,544026
29448,35592,57364,93560,114721,106594,172592,463520,513806
34084,35301,58034,65697,96027,105505,211829,238118,499120
29966,34744,57490,62456,97041,93889,183449,216978,520793
29617,35131,57673,67193,98112,106326,173715,263940,462158
29520,36029,56902,62311,86020,105267,185916,263186,624174
29410,34832,57385,67797,96683,107498,184031,336782,562937
29491,35282,57715,65401,99786,107497,193631,335878,519124
29229,35336,58222,79071,113992,93470,358146,322819,475846
30074,40335,58576,59999,101649,96628,157460,331355,459225
29665,35417,67015,71898,97501,106574,157159,351354,483368
29771,35211,56765,74300,103931,98132,151769,330925,633718
29175,35184,58651,65853,105371,107251,182718,333191,538555
29682,35050,57784,60752,84269,106437,157465,319197,468150
29372,36712,58562,61762,98871,108271,169812,319484,488974
29356,35205,56499,62640,92215,106461,152851,333885,456634
30945,34566,58892,60839,94904,106354,156530,429390,477440
29984,35257,56913,66525,96710,108345,147212,241074,595769
29383,35218,59148,72290,105243,106274,142158,223124,568129
29763,35193,58531,70670,96808,108831,146011,285084,468668
29523,34854,59095,65801,85128,106224,160836,288369,462346
29526,35264,57785,61054,96321,106604,143922,302363,533478
31361,35896,57108,71162,99418,103086,149945,393542,469602
29904,35099,56446,66276,99567,105288,135390,340329,550780
29819,35116,58443,62257,96145,108173,149041,338556,506431
29381,35120,55940,64479,96821,110145,137964,354431,502114
29303,35718,56917,60751,92490,106509,138730,367909,461845
29080,35296,64460,65423,95243,102862,146099,331398,490416
29221,35714,57500,63702,94244,104440,158986,324623,469693
30331,35546,57480,66914,97243,106147,155667,346700,615319
29043,36470,56461,66299,98246,123433,148806,333992,523587
28972,35266,56923,61815,97516,123510,157298,323871,535954
28803,35320,55297,64777,103215,130025,160460,440313,529273
28850,34762,59019,60702,95697,112237,150112,257838,510497
29055,39990,58287,64872,97619,123187,166008,226478,556317
34704,35993,57953,60270,98228,124043,147631,280612,639938
29223,35310,57749,72610,100926,131017,221353,369212,577276
29009,34943,58071,61444,97737,124870,169659,323784,466869
29139,34852,57577,66109,106422,113072,217668,327794,477434
29003,35694,58300,62192,107240,131961,192004,346571,465664
29162,34908,57753,65667,96430,127883,198119,325342,624133
29335,35058,57218,65828,97086,98979,192428,325861,552760
29902,35243,57503,59216,97795,111253,196438,335600,504655
29167,35810,58357,75063,98600,104918,186574,333112,538772
29041,35175,62361,60985,99599,131503,182942,320399,530791
29050,35978,58314,65463,96803,107334,222727,328367,504849
28906,34968,56928,60783,122081,104771,181790,422370,586200
29463,36395,57197,65849,100442,109184,170249,244188,552565
28804,35315,56489,64984,96332,104630,224206,214554,528263
30011,35022,58422,60088,116170,106583,200800,281612,525745
30465,34864,56387,72304,101681,105960,270030,286803,556586
29513,35762,59074,66149,97766,107474,195615,323748,522854
29521,35353,56933,65443,96645,125847,212000,343218,576187
29733,34771,57667,62094,99436,113469,209581,337469,539811
29435,34924,57571,62432,105070,126875,214698,328142,547730
30157,36117,57965,66463,103973,125644,229579,336296,532895
29188,35261,56565,66178,98485,123193,183616,322335,557340
29341,34766,59212,71267,95996,112874,195544,329852,498359
29955,34712,56004,68415,102239,118021,184090,337500,581333
29574,39748,58172,60541,96475,109836,183500,329991,546533
29229,35456,57371,64759,97294,120708,184900,327953,522437
29115,34716,56909,64855,98555,108782,194505,416166,526014
29929,35085,56390,61970,99274,110786,202301,243947,547426
29194,34964,66428,61979,98439,125195,190475,224523,516139
29081,35600,55428,76188,98828,132929,182049,273183,580176
29741,35187,57064,68077,95407,122575,192774,393976,522597
29188,35413,56136,65218,96679,110679,188163,294174,479626
28930,35128,57582,62541,96203,111072,196683,321700,484950
30098,35102,58170,64740,97742,123524,189285,323124,529594
29273,34944,58338,65126,98049,124960,200259,323050,548107
29542,34948,57648,66296,94894,128653,184907,342306,595477
29208,34638,59237,60778,97666,109310,207110,321584,547491
29293,35466,56243,60974,96904,110168,196902,327282,472904
28980,34797,58484,60760,101517,124740,322434,321893,485614
29255,35049,58135,66671,96100,110032,163775,319508,449427
30244,34428,58414,65668,97385,120975,157973,327435,444358
29630,35898,56862,72403,102144,131649,159514,345991,596685
29283,34857,57765,81109,98066,110831,165427,394135,566206
29082,35131,56811,60733,96665,123578,157923,244390,480787
28961,34818,56375,61330,97310,111812,153242,214050,555443
29076,35940,64949,66576,99258,125877,136901,263045,491545
34056,34733,57313,74847,98072,115786,144113,357164,591917
29362,34893,57743,60586,95755,113668,137727,382098,575127
29083,34668,58640,66749,91191,128060,142661,339986,520792
28727,34366,56974,70226,99693,111394,142190,318763,501613
28623,35261,57186,61794,92306,111215,144035,342932,543929
29110,34770,55974,60112,98490,123480,144193,323735,513468
28682,34842,57611,65603,98451,124439,145924,336802,567073
29712,34445,58319,61629,97658,113639,141891,319614,522007
29433,35375,57838,64256,86983,109360,144090,363525,446212
29021,34596,57105,60282,96622,116112,133421,317426,523172
28933,35038,57455,62685,97221,111369,143645,440742,484258
29089,34841,59489,65603,96576,128341,132597,255244,522440
28699,35716,57971,67056,98144,129893,150321,212293,616455
28848,34453,59982,64939,102604,124604,157344,265232,529601
29944,34858,56712,69160,100292,124921,155782,272814,520129
29406,34617,56979,70962,97659,112535,149935,329193,479881
29495,35826,66516,64907,88832,125298,165464,327433,486003
29043,35519,57211,67398,96738,126694,183844,326230,483218
29502,34340,58283,72983,82009,126053,161989,352531,598027
29736,34561,57721,60789,97159,118305,177052,367432,611725
30146,36192,57058,65850,103714,112768,234008,314543,561263
28998,34890,56494,66608,97227,110728,164262,348194,502400
29226,34476,58394,58035,96718,106547,176659,325260,540000
29377,34526,57230,59679,97478,107190,215401,313984,570312
29491,41017,58716,69548,118624,107155,168222,341444,614958
29223,35253,56836,66697,96653,106489,185251,436215,536123
29102,34865,57764,70766,98661,119357,181396,248293,546314
29896,34789,57496,66480,98700,105629,184979,224876,531508
29414,35077,57771,61056,107038,106148,167028,269543,515512
29204,36052,55708,75351,98986,106807,182908,272976,560791
29441,34956,58918,62204,96824,108486,158582,342639,621729
29175,34915,57348,73592,97193,116188,183233,315609,558111
29054,34873,58438,67573,97413,104629,170801,324277,515897
34889,35693,63642,65344,98543,106033,201929,315352,460871
29552,34966,57637,67033,98270,107129,197529,324711,464638
29537,35089,57533,65279,114461,107008,181773,335621,473705
29016,34592,56655,65342,99746,106407,188361,315469,582379
28914,34916,63329,64223,98560,105460,187556,349915,578930
29201,35407,64814,68762,97898,105407,190386,317531,538737
29055,34695,65200,66847,104594,108458,183282,326797,464731
30078,35349,75996,65085,98802,121558,184170,315212,506365
29584,35625,55896,61170,99095,122193,183327,406011,626148
29313,35018,57021,60136,97807,105035,201975,248105,562403
29311,35125,55642,65678,101121,106304,187797,248622,484011
29345,34864,57921,66023,89018,106203,187659,279190,481531
29111,35848,54627,65351,100278,106887,175265,351308,463550
29074,34618,57941,61052,96847,109105,183752,329277,461419
30311,34876,54990,64858,105173,105727,189086,350842,616427
30072,34374,58174,64993,122650,119416,183695,330156,562131
29617,42803,54989,66139,106041,103745,170017,337383,560212
29248,35872,56612,60417,104683,107077,180247,340887,547959
29389,35070,55112,73404,108132,107715,190242,347334,525117
29014,35285,57547,60324,99750,108517,185179,319560,492281
30426,35467,54783,65642,99061,104050,186555,318760,607678
29473,36174,56210,73309,99234,105999,190892,326558,542821
29344,35140,58402,59761,97003,104573,184394,420275,491224
29739,35382,57573,64498,96120,109134,187846,255446,493192
29439,35058,57255,67028,97219,106541,236213,215378,459276
29318,36083,57900,74715,99535,109271,170238,271403,491269
29287,35519,57275,75547,98242,106677,155127,245595,600012
30501,35167,57972,65907,96946,106725,155654,317637,573212
29426,34929,63789,75690,82801,123631,158788,326848,496298
29093,36315,56043,61591,97790,106722,152125,319202,478157
29357,35355,65813,66209,97861,106209,159527,343274,443864
29395,35007,56632,67469,96238,106549,153819,366038,437980
29345,35318,55300,60665,97511,120013,155433,334533,603619
30410,35862,56051,67909,105552,109740,152992,338171,555425
29297,35269,56237,61499,97596,106574,146525,318484,497691
29157,35280,57251,74652,98112,104245,154517,328752,479683
29279,34897,56446,66069,98491,105712,145201,322051,462334
29219,35897,56492,64823,118808,104806,143437,411040,467473
29412,35272,54890,60346,98862,118817,151153,248062,626515
29078,34837,56606,60609,98143,263452,141992,233154,574222
29884,35064,56667,64790,98006,134497,143684,372072,501168
29274,41187,55962,61036,97734,120333,138494,303505,483593
29113,35696,57747,61706,96771,120328,140546,302857,463022
29099,35805,56421,65224,97619,121516,138603,322331,489510
29462,35129,56664,64301,97468,116902,144992,332525,617969
28925,34469,56585,60808,101324,104531,142374,318879,555453
34408,35829,56151,78336,96835,120485,149387,318607,472475
29968,35978,56125,66524,97510,105033,144640,318345,531845
29740,35195,57090,69306,98095,105127,160022,333456,573127
29343,35468,55768,65827,99861,120978,163006,316811,577615
29603,36438,55347,66962,97003,117246,159794,314070,558142
29507,35624,56455,68526,104272,118425,164913,351474,511208
29106,35274,57234,72937,100936,107687,246891,322095,522019
30508,35237,56211,70759,96794,105561,165887,417053,533727
29517,35519,55554,61155,97974,106840,195027,242675,510599
29540,35404,56845,75102,103494,106820,211875,213620,582429
29562,35015,55219,73095,96694,107182,189820,292982,591512
29153,35654,55997,61395,97153,107396,184035,356380,514317
29259,36526,55246,67195,95377,105074,201046,321752,536937
29635,35596,55485,71657,91696,102875,170103,335706,567559
29565,34870,57061,70797,98973,108536,199689,317729,506087
29232,35418,55606,75759,96827,104558,172172,318525,566206
30115,35993,56264,75212,96465,118478,195221,323739,515967
29546,34871,62532,66218,101856,103475,183351,320386,486509
29560,35005,56273,59921,98148,104916,187300,327869,554387
29320,34739,63648,62520,97386,117815,192088,316660,542961
30304,36115,57327,62240,100091,109660,170076,342911,560580
29348,35175,56619,60691,117299,104743,171280,424795,592287
29617,34790,57215,65266,96960,123458,182257,247737,517397
29634,34682,56202,81082,96193,106441,189204,209808,530158
29484,40377,57203,65245,96868,107973,169285,282228,522685
28782,35700,56698,65967,102279,106403,193405,264169,508598
29429,35224,56691,66369,103140,105052,173621,325562,552382
30150,35166,55101,60073,90370,1215825,185585,352860,624587
29355,35121,57024,65723,99159,125660,181976,327086,547197
29150,36367,58104,71466,102765,107614,187024,344866,496031
28974,35053,58017,61175,99061,107745,183835,329441,492917
29126,34590,58979,62002,104550,106480,236719,341753,461860
28724,34937,56192,67308,97816,103724,193269,330394,514135
30445,36082,58835,60749,96236,106004,186436,326184,580832
29748,35277,59144,66097,98292,106625,191331,345680,519061
29412,35402,58331,67534,96563,105320,180907,334805,560999
29442,35207,59142,61530,96425,106466,170038,440325,568651
29268,35638,59507,69276,96873,107791,183898,255453,519038
29185,35103,55899,64752,95202,104800,215500,213405,531110
29299,35034,57001,65649,97950,324733,196143,269543,565138
30260,35022,65447,61341,91137,130422,187037,262197,526376
29393,35995,58298,75152,96964,123503,183010,284572,519027
29296,35796,57089,65629,101412,117511,191096,264851,550020
29169,34917,58063,67535,97654,119531,251905,343236,524835
29042,35251,56872,71217,100240,125154,170546,334341,610561
29110,35811,58223,65567,96961,116777,170332,322328,552681
34091,34833,59026,60926,89530,123311,153985,322939,528697
29415,35120,56630,66554,98640,122148,164305,330212,508363
29403,34858,57511,62034,101110,120138,154170,337099,502151
29157,40293,57591,75303,99648,132414,154885,326603,473566
29115,35192,56587,61392,104710,122787,147329,325137,597602
29493,35357,56250,80809,96853,122670,144989,317136,515628
29293,35077,56834,60609,98128,123422,149474,411516,535172
29992,34586,56669,67436,95471,122232,153304,240424,485915
28784,35879,56516,72960,95487,120761,157249,211786,462905
28985,34639,56651,65421,96952,118853,137617,260260,466378
28715,35053,57045,60022,91486,117109,146504,376701,571179
29144,35113,56526,67388,97833,119183,152592,280145,525608
29516,35925,56277,66416,114828,117571,145932,338548,530525
29193,34900,60666,65918,99484,103624,138606,330249,549885
30299,35104,56444,72955,118817,101853,131291,326443,519740
29560,35362,59133,71203,97108,116783,134285,335449,554234
29197,36076,55563,64213,101973,106894,131528,317961,626251
28978,35808,56478,59801,99752,110447,147939,353326,556923
29110,35275,57641,59747,99305,127419,163517,366727,506969
29693,35184,58099,60440,97489,124161,169340,348934,537402
30722,36242,57084,62606,85827,98121,163548,423965,496592
29647,35140,58707,65252,107096,106027,148709,242359,540053
29150,35248,55663,62129,117180,99530,161999,216814,582847
28910,35106,57676,61061,96871,152169,154826,291638,510408
29319,36285,56164,61374,96589,105690,158584,256752,523273
29314,34997,58057,62160,101967,123248,193434,339102,485827
29570,34938,58072,62306,102140,122412,144450,346623,463592
29962,34900,56675,64296,97339,117180,167871,325747,492814
29321,40687,56987,65531,99779,119167,169439,322824,589869
29087,35443,57526,74973,97642,114491,175276,315212,550224
29162,35122,65589,61446,97924,102810,188799,322755,485709
29323,35007,55704,60589,97842,99333,183028,342004,466610
29342,34926,66278,71680,99634,121361,202704,337939,456497
35268,36117,57693,66236,93286,90409,167862,333274,498470
29382,35186,58305,65687,96936,103066,192501,353612,617319
29399,35121,57256,65021,96790,102079,220556,417167,584604
29393,35021,59189,59637,95511,120167,182525,249779,491736
29328,36057,57513,67250,96011,122998,169092,209563,450311
29170,35541,57399,76866,80943,119847,194556,280589,498852
29149,34874,57250,64742,99681,106384,185072,268061,599784
29838,34902,57283,61302,96910,101186,220861,279593,543820
29058,35935,57687,61490,97615,104453,223864,292164,518462
29279,35289,57419,64983,102054,119468,227374,386167,469046
29188,35015,58792,65651,106094,122943,209519,326258,478163
28814,34847,57632,71055,96418,121523,195917,322127,457279
29598,35967,57123,72617,95796,122304,209027,322380,585883
28665,34895,58148,64685,104465,123792,216847,310577,524183
30312,35239,65232,64859,114071,120186,187855,337878,508454
29522,34842,56668,64613,95137,116261,214609,303019,487975
29165,35793,58315,65154,98801,106703,200256,304725,452668
29336,35162,67059,60979,97095,119879,198105,319463,497103
29816,34714,75195,61715,104708,121250,211152,461570,591981
29517,34792,162726,66416,97411,123475,194794,244238,546317
30006,40612,107182,66550,97854,107816,220643,224156,504006
29373,35538,61471,76731,98334,114095,198647,267945,477138
29135,35196,78275,67261,104373,124605,215221,329045,473199
29010,35054,66736,61011,96771,108685,195667,326887,480479
29656,34774,58376,71779,97451,121380,216965,345497,630827
29532,35637,107949,72306,99468,125984,199274,335860,556362
29082,35329,65482,74863,103203,104753,195624,347995,519345
30219,35203,58944,67357,99151,128049,216864,339851,477525
