SHIR FPGA (buffered) b16,SHIR FPGA (buffered) b32,SHIR FPGA (buffered) b64,SHIR FPGA (buffered) b128,SHIR FPGA (buffered) b256,SHIR FPGA (buffered) b512,SHIR FPGA (buffered) b1024,SHIR FPGA (buffered) b2048,SHIR FPGA (buffered) b4096
203294,225773,268056,305197,380622,583449,1045377,2089697,4274032
192569,227416,268388,295018,380300,539335,971301,1673651,3334443
191860,216853,274127,302190,386266,546503,944157,1713388,3093660
188008,223545,262859,292634,375549,551674,1017814,1665326,3031725
190514,215197,263671,294286,379033,544151,958458,1654374,3065666
187649,214460,266522,297261,377271,554300,1026772,1645960,3015161
192090,216583,258406,293570,386706,545435,1006677,1651495,3259738
188953,214168,254628,292076,372542,545812,959488,1643727,3183902
190045,223993,258737,298418,394934,548349,1029921,1654454,3075207
191343,217445,259507,296026,372363,546294,1037643,1668152,3022822
188783,220057,264420,298753,375614,548323,987233,1692642,3025298
186306,214833,267903,292566,380416,547514,2840638,1652056,2998419
190660,214121,268485,293719,381533,547508,1712274,1906612,3241941
184912,214498,258924,308742,372396,882676,1018816,1666433,3220374
187871,210758,258504,300443,374723,590665,994158,1630161,3132679
187145,214883,261504,300143,391139,578170,992423,1620055,3065729
187169,213714,269284,305713,378237,574468,996269,1633550,3038133
186564,221294,265549,295312,377064,560821,966369,1597340,2991138
194386,213453,267131,297404,375315,557534,969050,1607020,3282983
193793,222729,275858,297817,388931,571711,1000906,1644933,3231511
188457,213642,262291,296089,376470,567203,977954,1647732,3089538
193250,209457,258643,295838,380435,567585,992077,1670912,3046086
191900,213260,269350,293041,376093,564044,998186,1655116,3036604
192472,213782,257213,296955,380576,562865,988856,1625966,3015791
190943,214159,260798,296393,380514,569556,999081,1671007,3253771
187322,210855,263674,295965,374084,569837,1015770,1642652,3227702
190994,218449,258955,297381,372567,555134,990666,1641821,3109816
187697,212551,259750,295161,385147,555544,1006663,1658002,3065697
190760,209577,268320,300784,390767,568366,991787,1632239,3054691
189913,212132,258969,298383,373478,569518,926890,1643425,3167633
185981,217835,256144,299611,374008,552022,985875,1619662,3412776
187406,211160,268076,299690,378334,554593,1006240,1826550,3204217
186531,209540,259971,293586,372544,568050,988120,1702770,3065957
189936,218432,257754,295296,377520,552714,1029926,1633253,3047298
187434,211315,264330,302479,375128,548695,994721,1670809,3027658
184022,212377,261214,301041,371522,550386,959985,1650305,3031527
192438,214139,261785,321137,381957,565064,1004772,1655229,2964632
183704,213694,270020,307029,377246,543630,993476,1660173,3185873
184015,213248,264348,302109,376684,541495,1018109,1637613,3205512
188659,211866,268909,297945,369880,558996,985456,1655157,3110177
187222,212570,272429,300125,379002,558721,1016569,1677192,3094520
182409,232743,258570,296206,373843,560716,967706,1663029,3056259
189248,233510,261858,300586,380158,550770,984976,1631289,3013357
189736,213311,260468,304808,372409,548180,972131,1667341,3239801
186635,216902,261575,300640,388807,554634,983886,1657002,3218709
187606,212203,264599,293534,372160,574154,1042849,1626780,3130825
187788,211465,264626,295734,378393,538234,984936,1629871,3049372
185785,209809,261302,289806,377308,559272,996589,1892699,3032206
186325,210212,262557,292221,385337,557253,1003036,1729189,3295669
188281,212313,254487,290997,376397,545842,1016533,1668098,3247202
187134,210612,264478,290669,377043,564667,1020878,1677204,3109691
190787,222549,272024,291344,374972,544473,973126,1648975,3045400
186373,211384,272357,292292,379833,549385,1028099,1657196,3039803
186788,215361,272857,291106,375239,565191,1151137,1738268,3034092
187270,209467,260730,291407,372270,552954,928105,1676680,3255910
187956,213453,265596,293097,380908,544370,905100,1644737,3205671
184604,210453,260403,291768,381096,560190,913975,1671543,3091248
190489,213240,272054,292029,381493,562661,901013,1661100,3052604
184977,212947,257932,298187,380126,580066,915337,1687857,3007970
189474,211884,264284,293420,379215,567649,903280,1683888,3062449
188398,216137,269740,294665,400617,545022,903521,1655460,3234141
184975,210201,263150,295668,372056,546324,893688,1672458,3213439
186109,215424,265979,292400,378200,546384,881028,1628461,3088977
186943,211196,266973,292891,375720,551537,879613,1666579,3098856
186631,208579,259026,293843,377422,550741,882730,1634635,3014136
185017,211528,260005,293241,372787,561600,888627,1660128,2957751
188673,212010,266605,292600,380901,550774,888008,1662170,3297411
187093,221079,256100,295023,381961,547037,886733,1900573,3211214
191400,213815,267456,291974,378767,550100,890750,1700459,3201711
186692,220943,279382,292491,376306,531239,876241,1695715,4088491
184774,211915,259273,294638,391133,559297,880520,1677568,3071139
187082,211354,263123,291189,371379,569379,877510,1684728,3084484
187859,212749,266862,293368,376879,553153,861330,1640699,4388100
188803,214556,256451,294759,379229,545688,859414,1703075,3266831
187980,210178,259461,290369,376614,535761,866176,1672683,3221378
190664,212246,259965,290962,371945,545092,1002869,1659409,4101928
186673,216597,259308,291808,372422,569741,874153,1655591,3107781
183670,211607,257760,291089,376881,570290,946776,1657056,3078994
187656,219684,266548,292451,382060,533761,855626,1679888,4392387
187520,214101,260960,286955,372719,536057,933517,1647991,3268611
188782,211469,260979,293634,379071,548842,941615,1630846,3249362
190156,214143,260455,293288,377321,541662,993075,1673084,4216782
186790,210999,259002,294061,372638,573709,965930,1626007,3119150
186402,220606,261047,292052,369269,536955,919461,1644511,3081527
186495,214005,263380,292722,374139,551223,977775,1880943,4514808
184656,211776,265117,291702,378786,545553,1004596,1685616,3267104
186136,211965,259315,292872,381084,539534,978838,1641410,3210639
186120,212355,256926,293657,389716,551123,1023977,1646021,4143793
186766,209056,255312,292420,372446,559359,1016278,1672451,3089129
185112,212458,260469,297150,372181,547220,1041370,1649246,3102265
186979,213710,260230,290945,400210,537087,1003337,1654786,4464345
188279,213246,261372,293354,373880,549459,1035854,1637982,3269803
184370,219892,273039,293244,397399,568435,1018727,1628416,3211561
187103,211635,261149,295495,378457,543794,924713,1686440,4074780
188990,218697,262182,307892,389950,545234,1013980,1650533,3153801
186374,211029,270228,291559,377905,548503,1026352,1653132,3142574
187595,212757,266237,294591,373279,541642,1020962,1713291,4497396
184070,217807,275204,309919,376513,543304,1040503,1636337,3242129
186271,212140,282970,290928,388338,549988,1037897,1654376,3216001
190905,214518,259624,293530,372509,561382,1026154,1623455,4065468
188889,211564,253021,295507,392654,558144,1022950,1647289,3117008
188104,218698,267621,290079,376671,546291,1015162,1641465,3125234
187328,212434,259654,293015,396510,547704,961063,1648955,4585677
186251,222817,260844,292009,382769,563587,1021873,1954301,3278598
186188,212218,263740,293457,375314,543811,1022953,1748568,3294541
189811,211117,261697,290903,374266,542045,992542,1712973,4381233
187053,211534,265775,293716,372775,543421,995245,1699399,3355598
185539,209069,269329,293829,402346,573845,1017229,1684131,3413727
189340,210243,257471,293919,376178,542491,980521,1665562,4352168
187662,214629,263573,297556,375863,551889,1000745,1675145,3423584
188718,218464,267650,291847,374186,565091,1016582,1673790,3460662
190017,213725,261763,307654,371326,547104,1021589,1659776,3302795
187688,225944,261130,292701,381898,563968,997222,1675068,3444377
185498,210738,266755,291954,376513,559623,1010798,1676303,4589550
188546,209976,265306,295261,379680,560167,1026932,1671086,3431897
184380,211310,265728,301801,394376,547815,1003842,1627923,3356515
184313,210112,264795,298520,378290,546698,962196,1667712,4226621
188115,213679,262378,299513,374832,547493,1010178,1624413,3211976
186151,211343,269349,302370,379574,547654,1022036,1665873,3149944
184957,215900,265149,302305,378405,546325,1001130,1640727,3955020
187288,215819,265281,304730,379444,540619,1004007,1643294,3254588
185682,223232,257299,300707,371087,550117,1038901,1624733,3262200
187850,212885,263512,302135,394666,546340,998934,1900023,4137465
189104,212430,256591,300463,372146,552381,956609,1776979,3163792
192883,212051,265688,294168,372485,543202,980177,1778925,3141197
184943,214741,273607,293921,378089,578954,1007981,1776865,3981583
188589,215080,257795,292954,378641,541669,989926,1738813,3385934
189656,210442,260450,293674,375446,547157,1009962,1744524,3226638
183957,218015,255040,295382,399419,542972,979789,1671440,3118275
188336,212533,255865,295048,399291,543232,990690,1645929,3142447
187055,217025,257598,293101,373710,543826,1136096,1670669,3981003
186400,211965,257740,291542,378072,544311,923189,1663850,3146718
189574,211387,260142,296916,381815,546791,890788,1676696,3263565
187439,213110,274996,294392,383347,545453,901372,1708256,4293117
187676,209798,262765,302963,375174,542368,895530,1669953,3212985
188688,211771,263993,295078,373352,550334,887450,1644101,3153043
185686,211342,265882,293785,380517,546120,878942,1649877,3917872
185742,216937,259961,295401,374135,549311,897366,1671218,3074842
190074,209880,263093,307992,383084,544473,885568,1903189,3365944
186023,220292,275430,295697,377171,546730,883045,1708376,4142393
188112,209124,262124,295962,376955,548131,873341,1670979,3323205
188331,207366,265704,293519,374407,546476,859389,1677555,3152130
188876,211805,269005,293258,385977,547764,874896,1629057,3978086
186013,211102,260163,291671,372669,560350,889657,1617411,3127872
185499,220303,268497,310940,372913,539734,874698,1632033,3299917
187524,212085,263366,296398,375766,536203,865434,1629653,4347683
187408,216791,253969,300746,387931,551849,872191,1654641,3192019
185513,212870,261341,297993,381336,538387,843259,1633217,3209803
190117,209989,265690,301892,378109,544782,868008,1681382,4037837
186129,213199,264131,290418,368659,577694,857473,1660221,3128069
188600,211812,267191,294448,386028,532906,875010,1654351,3241090
186832,212056,264026,290177,381783,551789,865375,1652057,4314348
187337,212730,259155,293720,375771,545867,949730,1667541,3216421
187905,223362,265447,293033,375176,544709,875115,1626555,3210819
188613,212519,260870,296343,386874,555394,889911,1634960,4120180
189471,221968,259715,293319,381005,549639,898275,1678335,3139008
189078,214955,258813,294142,377118,554632,891255,1628623,3363977
191481,212696,263254,293440,373123,545496,882774,1637695,4343034
184630,216656,258102,302673,382997,546604,900291,1862893,3206271
188041,214975,259406,300924,374027,572358,889539,1707785,3173656
189484,209956,259003,299001,378704,538970,962660,1689505,4080270
185641,213511,272595,298690,376285,550468,968788,1646117,3232733
189708,215856,270212,302338,377819,543774,1029276,1755247,3378907
184365,213572,262002,297930,372135,537636,946613,1701510,4374781
189530,221972,263441,300694,370721,566094,1013275,1690086,3269465
190299,212064,254926,301757,378020,554535,961214,1760671,5082432
186092,221019,259273,300510,401564,543281,1019059,1674230,4572655
187425,214745,257197,302705,374613,566217,994361,1696179,3853484
187125,209321,268335,298813,396366,540164,1021810,1679478,3440560
185706,211128,261862,298746,380905,568095,1023919,1659801,4387688
185686,213459,263630,301266,383868,546882,1070750,1656274,3235457
188540,213388,277072,303378,385457,543936,992065,1659580,3221883
190618,212785,261542,300468,400526,552728,1011422,1645600,4153713
185096,223472,267867,299683,394076,543730,967947,1650769,3133724
187924,213040,274174,296392,372068,549904,1016770,1634578,3287583
187171,217630,257961,302866,379473,563617,1010267,2262140,4393038
187411,212181,267039,303628,380344,543988,1035872,2072040,3233351
195759,214494,274147,300156,379282,559001,1009913,1933452,3234876
185202,213991,257661,301521,381575,567308,1014239,1828171,4120454
184230,216833,259889,298867,390865,542224,1015522,1798977,3148732
191640,210940,268626,306220,390228,544177,1028350,1830032,3313923
185865,211967,274722,300990,380632,546512,1038781,1816563,4349802
186888,218354,270064,302822,374167,555305,1014809,1735949,3292597
195792,213535,285018,303246,373394,569877,1023991,1696552,3454159
187104,215573,272927,305168,387899,542758,1001541,1697498,4364229
188110,212281,255823,301489,397223,553483,1004414,1680024,3204679
194709,214433,264649,300738,378219,545291,1043529,1708969,3149282
190598,212040,266505,291739,378338,554155,1004927,1669033,4422575
190294,213003,261843,293764,375411,550539,976628,1665228,3258840
196851,213550,268610,292831,396817,557810,1017968,1638396,3291941
186278,212982,262379,291877,383507,544557,1012021,1668359,4241319
187989,218564,257705,297547,371346,556574,1039593,1769320,3144884
195786,212568,266916,297195,373902,546940,1036227,1698804,3406446
187052,223650,255418,291067,386469,531425,1060040,1687655,4425080
188932,212233,265143,293879,380996,567592,988025,2019725,3275759
190435,213178,268728,294451,372526,539735,1016032,1818780,3217551
185183,215322,254074,298895,398421,554524,975292,1811236,4018903
185219,213613,257143,298781,371977,562806,1040748,1701643,3212383
193972,210155,265808,296124,373852,548268,1030702,1717884,3274821
186055,213051,258545,297440,374695,569866,1032975,1689315,4252676
188291,218489,261279,292175,377635,554338,1041189,1712116,3282453
194610,210068,267921,294646,370235,544455,1027633,1694525,3362008
187580,220592,264041,290941,374666,539261,1017828,1683472,4554711
185714,214091,265465,293916,377677,572488,990880,1692604,3404405
194837,210460,265149,290722,391449,544514,1076157,1730663,3483526
191607,215120,259011,294460,394183,540836,1013034,1695375,4553166
184645,215213,258031,294103,380060,565054,995627,1668901,3358688
195784,214086,258098,295408,390129,566574,1193802,1690670,3551514
188122,210393,260937,293856,392304,547307,900005,1683047,4470872
186575,222969,258431,292192,388383,557623,874442,1710228,3358350
196420,210023,255075,294527,378781,543865,874724,1705227,3417340
188207,219857,260676,293898,371954,543125,864770,1687179,4293207
185068,212723,262773,291594,373190,549310,867190,1703659,3265768
191346,210426,257629,293127,390825,565774,868039,2196829,3235278
187949,213672,264340,295233,377265,558041,868585,2320831,4131036
188539,209711,284151,311929,388896,542311,867006,1978956,3096819
191840,216048,272435,294616,384560,550658,882812,1988854,3305268
186059,213011,260773,311576,371787,543679,899221,1933768,4324762
190676,221117,256525,293205,380271,554589,892422,1841048,3228224
199143,212546,257941,294157,374699,553405,908769,1730507,3177068
188680,217770,262334,291504,385716,548642,880722,1811322,4037969
186851,213311,265940,309008,375324,545430,876841,4810792,3125648
194284,213954,254623,311912,373300,570019,866234,1805838,3279924
186484,215209,259311,294113,390157,548138,884506,1671468,4274775
185768,214593,261997,295990,371737,568206,896593,1674127,3205676
194686,214009,253706,291269,377865,531503,890127,1664797,3154404
188036,214143,258604,291406,393504,551492,892083,1675972,4103940
185880,223489,269668,290794,380517,546217,882278,1679071,3076832
197300,216551,254051,291280,381100,573175,991342,1651532,3265298
186409,224474,258740,292459,374884,544302,1029121,1847026,4347341
184519,213597,264689,308942,379527,547075,1029898,1689260,3266712
197330,212425,258169,300769,370979,539590,1064137,1620106,3181584
185023,213527,256344,302531,380118,569405,877452,1619483,4041397
185603,212386,262414,298746,386750,542708,1014905,1641891,3114161
191398,210341,257049,298746,378368,546994,943474,1595388,3258947
185582,210267,259435,302467,374772,543618,942916,1610978,4263817
186716,216781,264797,303059,380029,547466,1006593,1638816,3214036
196061,213578,261731,296640,382112,553937,1011556,1697677,3156697
187844,217917,258229,293147,394009,547089,1002018,1653092,4060184
184971,216190,266355,296274,372151,553127,1064033,1747175,3100718
191799,210120,263134,293272,374929,550971,984876,1685365,3299188
188902,211713,253367,293943,377123,541155,1043034,1674803,4327918
189412,208594,263018,294888,385023,552068,1019664,1669199,3264584
192796,211024,259150,291793,380081,564315,1026637,1711997,3161397
186375,210056,266374,296532,370041,555457,1041210,1686317,4106874
186672,216056,264727,308884,373685,533608,1041946,1672593,3139344
197276,211516,265712,312847,408237,570338,1003684,1713381,3287264
186047,218280,272280,295865,373724,536396,1027541,1688445,4351235
186190,215374,260409,295647,390627,544872,999409,1661358,3211214
195777,213176,259938,304358,381275,562725,1044490,1917934,3195564
185206,212694,270086,301622,394841,547094,1032160,1863055,3935658
184154,209392,265129,300199,383019,553416,1035184,1732228,3156750
195830,210729,256810,299341,387552,561615,1045751,1705110,3131327
190307,215558,279105,299661,397423,543144,1051630,1703213,4184952
185998,237707,263003,302858,372600,547729,1019211,1713782,3265207
193965,225153,258428,301134,371063,547212,973867,3417602,3202607
187192,221977,266805,297373,371780,546442,1028154,1711697,3837521
185179,216510,255205,302360,368538,547151,1004580,1698954,3060989
194854,212232,268994,300360,380660,555535,1039527,1702382,3055545
186779,211743,273992,306127,379335,554483,1014012,1716384,4068222
187170,213604,257239,303956,388022,545058,969820,1676464,3032974
194360,212029,265192,292505,371645,566744,1015463,1702237,3118388
187154,211209,269418,292528,372010,546963,1020107,1709253,3851643
188096,221853,263048,292016,373944,564082,1035131,1671779,3047772
194550,213553,261520,292540,378978,551455,1036650,1693520,3236767
183734,220589,267887,292807,398150,539086,1024671,1720429,3987996
185732,214468,262224,294234,373286,546735,1030353,1969520,3132214
192334,211689,257463,293921,378449,536015,1048815,1729157,3082854
187907,215242,257390,293594,400392,542553,1059215,1710765,3936562
188405,211986,257090,293342,370736,548551,1018295,1729217,3099954
191332,216561,259963,291072,382727,567502,1000178,1742156,3164721
185000,212174,267353,289098,387816,544670,1049839,1698855,4039027
186434,216656,257886,294799,371040,554107,1032875,1659657,3199401
194583,210424,256744,294302,389466,540861,1005597,1711030,3102971
187988,219324,281671,295954,386292,570386,984459,1683970,3874607
186612,211770,270117,292992,377535,545084,1016670,1683286,3089221
199712,211113,259387,292583,372666,563198,1021309,1705982,3257535
186636,210155,269425,293076,401620,551061,1042661,1693800,4114601
183919,212068,256143,296052,374628,572309,1070156,1865452,3235911
193272,210329,266929,293474,375246,541358,1010030,1722117,3167591
187184,216964,259021,289777,381228,537447,1022815,1692665,3913629
183857,220717,259820,291667,393942,570905,1041269,1653629,3129733
194725,210620,262387,293235,387317,547194,1070183,1627959,3220784
189201,220723,264881,290394,388605,550693,1007621,1640029,4285155
183471,211057,270602,292591,376100,541454,1180399,1730401,3237637
193910,215006,265805,293798,369744,541392,930064,1863873,3096681
185827,213417,261850,294237,381228,568427,879406,1724252,4081605
187676,213525,264135,292327,385247,544353,892282,1676391,3061634
192849,214150,268493,292906,376900,554446,903990,1677673,3119663
186782,215764,260443,291653,375281,546676,896995,1729219,4277537
185749,217848,257241,295626,377982,546192,867426,1633035,3163145
191268,212650,266955,293151,374762,545576,883611,1633809,3153797
185139,218059,279910,296551,374200,540165,888237,1617470,3999950
191384,213484,272921,314557,373974,556186,896349,1643250,3258377
193323,211292,263460,291759,382737,535247,889592,1629135,3394620
188639,217094,259937,290995,377761,538916,934407,1644781,4409206
187422,209310,257468,291921,390774,556128,907402,1648341,3288255
193763,215839,268446,290707,376959,549811,896882,1649357,3295516
185396,209472,259405,293659,375239,548679,903026,1658804,4185615
183646,217228,257602,291617,383922,543321,914742,1672978,3147809
193982,212040,267614,293887,381655,546789,950912,1634366,3310628
187622,216971,256733,291699,370623,562470,879907,1643447,4243385
188999,209973,256323,293436,374893,553077,890479,1630723,3269616
194931,211722,263955,311482,397823,542161,897870,1623258,3199317
187157,211518,274358,291395,374437,539957,897706,1966525,4123932
188330,212612,256702,293196,372455,533236,1004381,1744208,3090869
196861,209961,265117,294716,400111,545621,971206,1698187,3289807
184265,212415,264544,295074,370006,546819,989907,1660761,4116941
188693,223350,264346,295282,386362,531518,1066025,1664408,3174523
196546,217651,269469,293162,375232,536799,952479,1630159,3142894
185889,212487,259345,290510,377858,544609,1045388,1659532,3905648
188537,214043,260110,290593,380316,576688,958661,1674064,3076458
195259,211282,261359,295409,379653,571601,969740,1663807,3297957
186805,214536,258272,291854,379759,563964,1020444,1638402,4104623
188572,212866,261628,294463,376803,567618,982431,1733125,3309031
200183,218833,265970,292456,374466,551352,1026011,1656060,3263186
188570,213337,265440,288447,382414,550137,970597,1636796,4051715
189865,221547,257017,292017,378013,569686,1019320,1643243,3291782
192836,216327,272488,292165,379568,542109,983403,1623564,3349117
191508,212241,256940,290879,377084,544250,1023072,1673533,4200315
187296,213868,260513,293613,376082,559825,1037469,1918910,3317095
190468,214620,255513,296021,377996,569553,1021128,1748257,3194285
187658,214613,260494,293644,372223,542469,1038382,1671597,3944614
187797,213624,262608,292582,370371,549704,1033419,1702047,3365726
199071,228924,256574,289900,372759,543496,1073481,1746542,3266989
186326,209255,260903,291640,375480,568778,1009468,1705112,4581118
188794,216000,269485,291103,375157,544029,1036359,1699815,3280107
191146,214111,267278,287900,370026,561798,1029565,1674861,3200395
188012,210085,259606,309685,384495,555380,1037668,1640238,4052658
184172,210929,264845,292646,404527,541236,1012790,1677272,3105383
192957,212819,257276,292197,375264,569481,1005034,1688109,3252307
185630,212667,257264,291579,377639,565669,979061,1666588,4472678
187742,208241,263360,291920,380924,553657,997672,1641214,3645775
191826,220422,259521,291471,395175,543755,1017077,1659671,3433087
190489,209008,253674,292237,380331,546271,1036812,1638010,4171394
186884,217001,265754,294818,371856,565508,1003507,1635827,3264846
185462,211199,258450,294562,375918,553042,1044852,1631609,3376366
192554,215092,262254,298758,377031,543977,1012916,1629732,4279629
189221,212242,264127,298704,383861,543132,1040391,1609191,3190905
188297,216206,260398,295780,379503,547844,998838,1623963,3121460
185794,214112,261374,299673,377392,534285,1032445,1831272,4302085
189954,211373,260044,306060,371381,559423,966234,1721063,3127901
195725,218788,258054,293262,379948,547373,999123,1670133,3354672
186824,211862,258274,294091,387279,536028,1018489,1648498,4137334
187319,222019,263557,297665,388427,549069,999374,1669025,3285487
194299,210084,255344,298869,370383,544348,984679,1675916,3279920
185048,216295,260954,297713,387281,546049,1018379,1651328,4305452
186269,215191,261405,293070,378868,551312,1009309,1648012,3156257
191073,212115,253608,296626,378202,548512,1017358,1662039,3296862
188330,215834,259531,291926,373756,562746,997566,1636430,4311706
186728,216735,257889,295346,379178,540603,1070936,1649035,3197297
195575,220228,258623,291440,386946,551319,1010324,1671084,3216833
186133,213014,278068,296458,390961,545668,1059596,1670496,4070670
187810,220360,258608,293297,381744,553475,995438,1638094,3197764
190795,213977,264749,296236,371485,544456,972178,1634049,3393937
185891,211812,269693,293598,381439,549292,1016867,1647156,4392138
185920,213029,258725,295986,378745,548295,973005,1645595,3242399
189625,212453,256588,294736,372072,566066,1048841,1853537,3231069
187224,215373,268687,295408,399169,549170,1017987,1752012,4172181
190553,208886,255295,293081,378058,564431,1009081,1670007,3214776
194330,222689,264868,295908,378672,544973,987252,1633436,3258960
187362,212285,267766,294180,374099,544046,1191669,1689898,4462928
186245,211300,255793,297097,378785,547996,913356,1715410,3218258
192548,214438,260868,295910,389976,560916,887193,1675096,3146356
186019,213035,261525,294982,383346,543267,897075,1662736,4256551
184131,216188,257552,290843,383645,542625,891016,1678953,3195797
188494,214903,261613,294531,370258,551820,871420,1665826,3252333
190691,218028,262723,295772,381013,574238,875125,1674611,4390237
187537,215677,259845,291088,376654,542859,882944,1661289,3206871
191688,223612,257675,297692,382375,540569,874045,1621305,3108774
184940,220233,263187,295920,373656,550017,881460,1649593,4098688
185849,211983,258259,300725,374858,543293,867779,1602237,3256299
187709,218147,257054,291967,389483,554938,881187,1645467,3331279
185054,214208,264992,297260,378243,548434,886860,1656568,4358360
187712,211835,264161,299372,377595,542841,877752,1660462,3138927
189828,215041,264119,294943,398142,544039,873991,1669465,3938344
189418,221468,263023,296300,388200,548407,871158,1897885,4290890
187135,213010,265369,293346,378890,553346,875423,1708953,3124202
185220,218636,261308,291619,386979,559376,891171,1701027,3396109
190051,212698,262233,295592,381934,542747,878249,1709044,4403174
185799,218039,258932,293299,388756,550694,890115,1693500,3524193
184718,212434,265910,294458,372885,561816,886531,1683676,3175507
190421,215679,257329,292643,373079,546488,977922,1692479,4115743
186732,211431,256060,291565,371384,538109,937352,1727521,3142615
181373,211422,268498,296751,373867,546360,903239,1651292,3319298
186339,217278,257716,293891,374922,566743,982821,1648953,4348760
183109,210290,253879,293046,377133,553660,1025555,1745917,3156258
185475,215709,281404,295891,381825,544365,1027320,1671903,3197465
190005,211758,271289,300480,374223,574679,997008,1624679,4212157
188377,211671,267921,293472,373469,553648,983358,1637674,3195503
188300,211505,264578,294164,382583,530676,1074005,1622796,3284934
188031,211955,259406,291849,405601,553962,992952,1648707,4487200
187256,214522,263461,294090,377976,559731,1022647,1729514,3212698
191799,217712,266936,291711,373448,550952,1009111,1659072,3187227
184511,223753,257767,295568,387767,531878,990765,1685412,4209980
185849,215808,256518,293914,394303,543956,973400,1872854,3166673
185630,213269,265455,293778,376656,543581,969178,1773480,3145564
190815,215769,258333,295147,371980,544996,966246,1723711,4688898
183095,213315,256944,309598,374889,571596,973679,1731150,3201621
188646,217801,270249,297972,382655,567775,990240,1759377,3261339
188805,215110,261147,298956,386490,554684,975152,1693386,4435886
188402,213778,257589,299161,380112,548747,1003282,1720089,3284117
186298,213786,274563,297908,378376,562948,977850,1654198,3227650
190578,222071,259486,300667,385817,548453,969928,1655189,4591069
184059,213176,260181,302299,396498,547806,939013,1693498,3297389
185406,217842,257717,301647,375536,564993,1025846,1649864,3230581
186429,214584,257978,301078,379042,538229,982553,1667435,4445637
186591,213348,256775,304550,380811,561730,967928,1679985,3278912
186918,217338,266298,299531,373287,548586,1007308,1689327,3377360
188450,210103,267508,299531,377556,545281,1029015,1712863,4365720
185063,214692,261952,301426,374417,546625,992923,1671255,3166333
186098,211469,261677,297205,395966,545221,1037032,1891893,3161818
186036,222408,256619,325508,377417,551154,1003205,1692286,4403113
186783,211365,259099,292197,383175,542903,1012025,1660116,3181272
199893,218013,258824,309818,372664,562158,1024274,1672237,3418730
208066,213175,271507,308520,379508,543267,979377,1727185,4706738
188144,215741,277022,294790,380015,572088,1020917,1626080,3441007
191859,213392,260849,293917,373302,544397,1030510,1657016,3279518
185762,211176,258125,312079,379248,554744,1000719,1657116,4411717
188520,217855,266527,294925,389439,560815,1001633,1642209,3227671
187854,214103,259720,288321,388993,553598,1013639,1662515,3297107
184317,225115,265197,292121,383552,567369,1016924,1662001,4397366
184358,211728,272743,295475,375388,563632,1030437,1662273,3242965
192620,220926,255797,294101,396785,546605,1027182,1646738,3280227
185865,210186,256469,292378,373167,561936,1039890,1645485,4729028
184770,210181,270361,293611,374486,566418,976079,1652495,3667730
191367,220442,259178,290745,398649,542234,1013592,1650295,3478444
186057,212692,259630,295740,380091,562452,1005797,1715969,4426022
182520,214618,260687,293317,371180,550439,1024512,1632818,3256884
191465,212925,258402,292787,378941,537960,1028592,1749577,3185114
186651,217657,264234,296692,377074,548954,1016817,1734133,4215598
186799,211439,266344,292315,392511,543372,999063,1957944,3226548
192989,215971,256132,291490,397583,550293,1006266,1783733,3450018
187046,213192,267614,292821,396756,542001,990813,1712660,4460673
185623,212949,268372,292998,372118,557148,1028322,1644888,3659381
192985,211565,258695,292254,387892,550175,1007987,1683272,3540731
190694,216029,259191,293536,373740,561727,1001592,1653540,4522513
187674,212357,266287,291529,376714,545123,984880,1677151,3886129
190961,212485,263261,291644,383041,561188,1152359,1651830,3307485
191206,225000,261215,294409,380373,552193,899375,1657501,4352229
185056,217000,261331,295762,396078,545635,890487,1656752,3159649
194103,209757,259503,291774,377771,557464,878770,1688177,3092729
187905,217152,254357,290021,372928,538012,873473,1683185,4133546
186044,217004,258463,290907,376521,545879,884693,1652340,3064211
181991,214250,257481,291502,401128,542089,883080,1626757,3300280
187245,212636,267495,293362,382485,533705,862052,1634539,4373021
187580,223127,257029,293265,375624,543784,865302,1657960,3146515
185870,213583,268510,291093,389647,565168,878088,1645771,3101584
187474,219680,269896,293332,383691,539133,867325,1870601,4153091
186656,214999,262543,290528,381643,552487,883398,1783634,3091456
187760,212972,272233,291516,374192,544116,886037,1685961,3219248
184452,217014,271627,295093,393699,548484,873251,1653446,4393285
184989,212374,275073,293457,376531,529061,879012,1629577,3271876
188793,215203,279152,291262,383896,540882,889806,1610158,3296722
187935,218148,267422,293354,386044,543206,889422,1620581,4679174
183635,220807,259670,290981,393734,554379,892586,1710858,3558327
185448,213498,265332,309287,375908,551273,894780,1653340,3549208
188622,219214,271825,291097,381066,569251,891538,1643964,4618238
185410,212967,256629,291376,383751,545355,992686,1736218,3403387
186608,211909,261724,288440,383147,571476,914786,1639288,3341807
188557,216670,264755,290954,378595,543725,999904,1687846,4585206
184502,212392,260062,291089,371691,548243,913756,1669712,3363448
183934,217532,261810,291447,381218,543653,1038046,1698660,3697217
184519,213842,267247,294435,378669,549754,957589,1663268,4891502
187686,219985,256446,292658,382149,558469,1007936,1658991,3664259
185481,214861,258262,293344,395113,541787,985782,1647508,3366622
187632,221304,262685,294022,404095,550126,1021735,1648354,4511231
187178,215604,261699,293465,395905,531303,1000812,1903058,3329170
189454,214005,264186,292556,398264,544806,1043366,1713217,3278265
188078,214401,270230,293229,379341,545900,1027268,1653537,4581603
184150,214084,259158,293043,373621,551650,1010875,1631647,3296302
183433,213047,258384,296188,400418,546565,983955,1632856,3206937
189060,216191,261181,294927,377425,545560,1024741,1660604,4293079
183035,222566,260534,292800,381233,545730,1050507,1653615,3322567
184756,216635,263214,294360,372382,544829,1019297,1679021,3322714
187805,218878,275881,291025,379222,548714,958108,1657772,4813698
186247,212834,257697,293771,381243,534222,1013419,1642420,3482950
184049,211235,261081,291258,372534,561720,1023195,1646586,3411076
188668,213548,262896,291478,372400,568977,1039320,1663656,4474547
188100,214061,256011,300693,373631,538217,955698,1656651,3239397
183200,214999,256927,317595,384618,553367,967458,1661852,3472030
188774,213785,258736,292841,372947,531286,992997,1675721,4819608
186270,219747,262878,298180,399506,543221,1018622,1645029,3452486
187615,212922,260891,289446,379852,559658,1020880,1622569,3344747
187954,212776,260127,292557,384395,541343,1017139,1660270,4631063
185669,212900,257678,288055,384375,550648,1008650,1670753,3388908
186870,210031,266262,292938,374175,560050,1032420,1897732,3398708
185658,213301,258355,292331,380994,541699,982955,1667517,4419823
184475,214199,259770,293646,400545,536642,999502,1648388,3160901
187610,219704,271156,294144,372546,539715,1028853,1641095,3142515
183787,211628,262081,293715,373924,551894,997224,1702516,4231539
185580,222556,279991,295237,396578,550137,1018882,1675188,3124842
183890,212405,267196,295106,398904,544902,1020896,1691084,3346448
189665,219138,261972,297542,385851,535013,1023898,1681575,4347910
186975,213895,259259,294243,376596,565046,1033960,1686872,3184869
186930,213440,270180,293236,372208,567271,1002498,1678413,3144743
186793,215074,261161,306902,371088,542306,1033931,1663620,4122309
184729,212360,263350,291214,385867,539961,999978,1672781,3114937
189122,209483,272475,297771,376059,576350,1029728,1645732,3200476
189700,210399,253937,292966,370808,540025,1023605,1666089,4322424
183829,220619,257277,302994,372307,554065,985799,1673390,3169457
185475,215397,265634,301469,372867,536299,1017492,1668228,3128813
187226,223473,259354,296855,378152,551009,1034706,1861706,4122510
184150,211685,259835,296739,368611,534618,1002055,1692380,3168997
183090,215591,280176,293452,377619,536791,1001500,1636238,3209351
188892,212018,275238,299635,375166,558077,1039978,1640835,4382146
185373,210676,253542,302446,382703,540745,976781,1744184,3191875
184289,219839,262861,301002,376378,545000,992037,1630095,3180892
188010,212831,259485,297922,397055,569322,1043016,1680794,4141196
184766,223476,259960,296232,379739,543779,1023363,1658733,3058450
186691,212290,260124,298945,385254,570308,1012054,1678456,3303518
187784,208112,257189,299845,380299,546830,1045744,1659767,4416829
184629,219468,258229,297409,371672,568065,1026091,1727019,3154750
189692,211594,266434,298258,369433,541994,996743,1638375,3137392
187022,214453,265980,301861,379934,554293,1031438,1665875,4173901
186382,213216,262014,298042,378179,566161,1213375,1697361,3205044
185043,223628,260208,304852,375256,549863,909240,1655090,3262765
185309,209319,261092,299427,378929,540450,901200,1641233,4335417
187105,214179,261989,295968,383633,572344,899840,1667296,3193653
186182,212153,260140,297078,382265,549529,898706,1697697,3124809
184538,217205,259624,299249,372031,557635,870304,1635197,4202782
186435,212547,266801,298210,375019,566756,870193,1672075,3074406
184560,216438,262228,298949,379608,551776,909151,1876179,3162409
193808,211992,263585,302474,378553,541725,887985,1753354,4353239
187012,213738,270977,300233,378715,549113,878546,1664871,3177510
184219,222197,266324,299168,373522,569953,880385,1737983,3145918
194738,212761,266962,298186,375527,543702,864646,1643846,4168983
187229,220191,270207,301811,381600,544757,877938,1602838,3071448
187378,215934,257080,302899,377226,554117,882742,1641927,3370860
195020,213686,257817,295485,372813,544792,880353,1676658,4342485
186491,213677,264969,299832,377300,544989,875284,1656426,3158989
186756,214683,257470,299604,387334,541868,864767,1662769,3133651
193529,214107,264045,303287,369931,549790,859048,1666767,4140876
182554,212478,278602,301732,374405,546863,876370,1657252,3124314
183167,218419,257645,298342,397322,553833,860871,1646709,3205799
192279,215838,267983,300324,398689,545447,866152,1676175,4306452
181861,221282,269278,299127,381036,551447,968524,1671497,3192224
184270,213986,260636,297600,372531,550436,1010245,1659270,3167517
195192,212564,264019,299493,398286,560552,997373,1696755,4153610
183746,211651,269670,297858,381632,547367,1008420,1858484,3104962
186689,210866,272016,303114,380558,544198,931741,1681766,3183428
193816,211817,281843,298331,379862,554487,942481,1616434,4796349
185250,213780,268770,303056,378365,556797,992191,1622775,3479503
184757,222905,263561,303607,379278,545762,895037,1737827,3320157
191527,210972,264005,304519,389425,541008,951241,1677909,4540320
184715,218622,268768,304956,373433,539083,942502,1657331,3457751
185815,216768,258510,301215,370277,547134,999242,1685544,3446482
199244,212385,261130,301648,371988,551355,1026207,1663605,4959869
189372,233275,262077,303152,380902,560572,996065,1664045,3565993
188861,230269,256491,304335,380484,546750,1029644,1684940,3491174
190272,215305,259760,297544,375538,551110,1011101,1649220,4639683
193504,210935,263871,293626,373559,565923,1014540,1666997,3330586
183800,224672,257867,294712,385975,546357,992004,1663059,3446474
191203,210622,260507,292859,378997,560716,984070,1700938,3393459
184562,222083,267416,294719,392337,528980,983075,1716324,3245176
183596,214768,265253,293074,371191,576313,975330,1652797,4047228
190607,209967,258153,311552,374016,555785,1042025,1664292,3152052
187071,212273,264953,293019,378496,547021,996642,1659240,3169635
188456,215669,254478,292311,375453,544383,989508,1843451,4429203
193763,214286,261228,293426,377500,548825,1022773,1689388,3248436
186674,212005,256865,294580,375139,553099,968407,1656064,3283261
187760,217586,257479,289364,379421,543196,938352,1654157,4178101
196847,210874,260557,292567,381117,539546,999123,1718106,3141600
188672,218035,266061,291093,371982,542834,1005282,1645394,3159171
185430,213325,258299,309617,376096,563138,978171,1648149,3317850
196882,212434,262854,289798,378687,543730,972101,1666535,3273731
188098,213036,269765,296036,372449,531890,970999,1649619,3172788
187001,210797,256141,292239,377968,542515,979069,1670416,3147043
194691,211713,272500,295718,393235,549360,999849,1659063,4146726
184982,211554,261927,290738,381579,540770,994986,1665692,3146740
185730,219353,260013,296829,380987,536456,993520,1687134,3279136
194540,211715,269254,293627,379269,918157,964078,1654908,4375450
185237,216081,263097,294455,373555,599255,984173,1666559,3263985
183480,214837,266021,293375,374277,578412,974019,1644036,3179967
193600,212028,271059,295387,379224,565516,1013758,1619870,4215471
187325,211943,265113,292359,373646,560641,1010578,1677195,3126928
187716,210108,264097,291383,378285,574954,988867,1693747,3548893
192485,218282,266449,297104,372683,561221,1000797,1914614,4270344
187031,211949,256550,292136,381266,557891,1017322,1709895,3294712
189062,218501,258306,292811,378584,564039,975338,1687463,3246261
195105,211182,266213,292777,377506,566503,980763,1670965,4187857
184703,210507,273956,294985,369069,558589,1009881,1701025,3176298
188999,214296,282426,292383,388907,559408,1004925,1677279,3437810
193072,212042,267826,293939,377543,553312,1014427,1662001,4130479
182563,214519,257436,291943,372521,558563,958268,1652811,3218909
187001,207696,258010,297982,369581,545045,996947,1660231,3101080
195795,221743,261401,295010,382069,552684,996550,1676152,4054414
185232,209833,254692,290396,382986,572816,948601,1688683,3247913
185794,213497,262424,310355,390483,555751,1010245,1680626,3411613
191270,211065,259795,293625,379008,572127,980783,1669670,3258410
184503,214876,262930,291160,382217,552787,958393,1679229,6798408
185187,214639,265276,294298,378640,548806,947035,1651952,4251489
190118,211677,265051,292701,373048,553668,1103438,1686758,3147310
184726,211892,264422,291559,394688,552074,904538,1886419,3187010
184310,210686,258788,294596,378720,562792,884378,1776163,4556627
192695,218133,263321,296001,381151,572844,884223,1758461,3263895
186083,212640,261119,294873,376407,562180,885689,1677579,3196913
186529,216293,273728,292272,379174,573389,887360,1737498,3082279
185883,211768,263972,293201,373686,551660,880563,1710697,3057071
185875,209235,261040,292533,406766,572282,891096,1716986,3204098
185844,212420,262200,309280,377594,546124,894098,1666905,3234030
192702,210958,260907,294348,377042,542422,875379,1697226,3214887
185484,219102,256037,291905,393734,545975,897017,1678163,3104203
186199,211686,265646,295050,377367,547041,864083,1749918,3147045
190774,212612,261153,311262,385658,543332,886900,1674964,3048101
189345,213532,266026,298828,379669,563715,851372,1748260,3246145
183939,207259,262000,292001,379571,560242,898256,1743236,4490561
194004,217833,258147,291796,376937,549349,878628,1672573,3260432
187877,215823,258186,321149,401688,546096,867572,1671783,3251490
188117,215313,263365,293210,374726,546612,968097,1645146,4171144
191614,212095,254024,293175,380956,588897,865121,1662049,3173914
188333,219537,260603,291487,379054,546430,978228,1633047,3015557
187515,211168,266698,294995,380422,550552,969076,1678738,3015930
190081,217700,259807,293598,395440,544614,960743,1869971,3295177
185069,211842,264929,294467,381099,553819,1007158,6063434,3204465
186042,211804,269794,293668,375219,552967,1031536,1706240,3181766
195265,211549,255834,296209,374826,547815,940033,1735384,3337424
187697,211310,257021,293202,379961,544299,960929,1696114,3364182
188333,218371,262075,294849,382365,569320,958408,1682609,3378420
190615,207088,255962,295118,391380,541614,1009163,1709698,3451911
186538,222665,257840,295031,380185,568245,1022543,1679916,3252289
187098,210779,259107,291659,372840,529141,1008630,1638101,3140766
197848,215767,259965,296384,380306,552983,984630,1770225,3100976
182119,214956,260105,291638,370840,546002,984486,1684812,3018781
186852,210897,273695,295874,372995,545238,1029919,1661851,3363686
185629,214531,262263,293887,370668,541532,972492,1666857,3293558
184420,214118,260503,296724,398651,533208,992733,1679114,4356986
186129,211133,267472,292744,380399,553383,997697,1670155,3174503
187297,210791,266549,293953,380312,555362,996598,1683434,3036514
183152,220026,255261,292795,377095,549890,1023734,1709966,2996072
187185,215763,259107,291205,380863,544768,944244,1904141,3414148
186918,216148,260770,290048,381776,551998,994815,1682800,3193434
190810,209402,261457,295944,372840,543338,1008128,1602670,3104400
188067,212497,257859,292824,375420,549151,1005995,1637461,3042555
188743,214548,283650,294590,383418,573448,989690,1706702,2951070
189584,217023,269629,292932,375505,533475,1019944,2353519,3155355
184789,212896,260380,292773,396405,550440,980268,1701941,4485451
184546,213457,261825,296393,378743,553655,933757,1675221,3229757
187634,225586,257998,293915,372476,557530,1030612,1702926,3241063
187923,216662,258775,290705,372881,533196,1009760,1698142,4266551
184095,219910,257243,290409,377646,553708,1018028,1671152,3124143
185383,212308,266817,295447,378317,543815,931426,1664788,3113266
184263,217105,256857,294816,378819,530154,1004843,1671685,3447707
185909,213068,258411,294557,379099,554621,1013283,1643662,3241104
188987,216829,264463,295519,394683,541111,1011235,1763608,4319158
186986,214603,265236,309543,376292,546395,983129,1820494,3202332
182188,211949,263293,297217,378177,544276,982979,1737736,3112595
186855,224006,266441,296377,377445,549578,975500,1692048,4110055
186683,213320,257198,293702,381469,548508,1013805,1678166,3402066
186062,213922,255986,292310,376439,548319,993142,1930356,3280250
187882,213285,269391,292534,388027,538029,999396,1730109,3214540
182472,214062,257021,291508,385697,540524,994345,1674901,3088608
187646,214904,262859,296038,374118,567357,1022756,1645469,3159578
185100,211594,270554,294351,378665,549566,981967,1682393,3140853
187230,220257,258831,296397,370245,558362,971870,1641524,3270567
186498,211432,274040,293594,371319,544072,1005112,1638374,4235200
187957,211690,282259,294726,372439,543221,1052550,1692036,3209352
185836,212980,260732,294715,380227,571710,1027444,1687826,3135947
183255,211991,265581,294225,380294,541432,962384,1644326,3155324
186063,213431,269985,293913,369830,558172,1025114,1683442,4228073
185237,214383,255929,298072,399118,543294,995645,1662153,3640402
186706,211005,259627,300763,369711,550238,1014753,1665642,3484671
184014,231519,263629,298883,374565,541870,1032485,1691769,3292048
182830,234807,266049,295555,375988,547154,999192,1637688,3306377
186909,213366,263847,295317,386874,541391,1037401,1656116,4418682
187866,217430,258811,294506,396407,542989,1028406,1652539,3199769
185496,213888,256496,294177,370592,554963,1022315,1656378,3447296
185719,220686,258295,292596,392262,566333,1024907,1672131,3264482
183896,214336,266641,299544,372662,538747,1041026,2010097,3179108
184808,211627,265840,297511,387998,547453,1182187,1778674,3132059
185397,212181,259011,294568,371890,549622,932732,1757353,3150290
187065,210003,266121,295950,367838,553276,922025,1712883,3101247
185580,214736,255928,293940,372285,545729,898208,1723087,4853235
187438,212961,264450,296466,385092,546403,895702,1696137,3499997
185447,217652,254176,299376,373022,542890,915813,1701366,3428094
186896,209665,263947,294685,378779,578861,901224,1720698,4362900
191560,217171,258314,296062,374091,535611,889408,1699650,3217596
190528,212999,260465,298113,378184,547578,892975,1733481,3143715
188068,213090,263201,310315,380004,545794,882613,1713813,3599502
185074,216061,268662,320877,377757,543990,891581,1717825,3483053
186363,211389,257095,302175,374259,546555,887963,1680872,4505709
185689,211919,266439,301242,388018,546112,884271,1692463,3333063
186382,209479,268162,300250,381437,546572,882214,1719013,3164768
187392,223194,257033,302563,369449,554244,869333,1674412,3113836
186210,210181,260377,300760,379417,542064,874795,1888926,3174768
188020,212973,270245,305081,380175,552568,909248,1724811,4794398
190663,212438,263137,300699,371927,539235,895214,1683817,3601282
186565,214258,255845,297900,372381,544999,867899,1657843,3499971
187860,210560,269383,296927,372917,543165,873060,1733478,3667783
189328,209480,259977,292011,373914,569460,841052,1720631,3413262
184506,216887,259084,292850,374175,567267,1023096,1688918,4492319
184611,212307,267196,292461,378642,565427,954220,1714162,3412238
187475,223325,264048,293828,372834,538552,950240,1693530,3265499
183434,216272,257940,293555,374855,549366,944314,1687097,3215268
186559,213974,266946,297023,383484,544191,876602,1672964,3246466
193870,212912,261724,294575,377164,540978,879670,1677449,4198053
185918,212858,261224,296191,380027,547457,902613,1666306,3293090
187738,212864,261629,296161,390135,571047,889950,1646799,3222055
191061,208213,256253,292273,381905,558067,1011021,1670169,3178809
189174,220733,261572,291427,379579,543799,1029703,1654249,3206589
185842,214477,257752,295855,370452,527382,1012397,1669348,4136354
195169,217582,257852,296102,370584,574715,1715203,1674114,3113240
185664,213687,256504,295421,384508,546531,1129236,1645613,3286525
188198,216458,270391,295058,373264,542734,980682,1757489,3181269
194943,214563,264154,314297,371088,555208,1011353,1865095,3132787
185833,213267,271132,291792,376841,546679,1008123,1719949,3045027
185640,209545,269521,295346,380158,566839,1027766,1677546,3006191
196909,213192,266687,296366,379215,560010,1026723,1630652,2964935
186495,217974,263489,293304,383313,540819,1021163,1698844,3369643
185941,211319,254976,294562,390198,546998,982526,1712286,3255022
196582,217645,260345,310829,377200,564069,1007133,1685848,3116860
187951,216739,264292,294717,400207,549513,1033163,1645730,3029516
186925,211735,261190,293211,387624,550688,1026733,1658726,3096528
195292,212652,258613,291531,370338,549744,1033843,1648597,2997822
190173,208299,259577,292983,371289,559768,973516,1658401,3228819
188777,213785,258014,291982,383667,554314,972612,1679145,4349585
195605,209407,263281,293061,369828,547156,1007850,1680404,3168416
184218,217125,274789,295773,396203,550547,1028280,1651225,3052369
185997,210787,265480,294926,391753,542368,979412,1662578,3100142
192795,218030,268817,291644,369175,541405,1006787,1638798,3106447
184653,210051,267004,295400,386867,547892,1004375,1679741,3351566
186892,210450,257497,291618,380583,547290,1014148,1951480,3202248
190228,211388,260116,295137,369526,546317,996303,1747916,3036003
185273,211266,277064,292659,376729,541982,1030499,1690561,3001692
189507,215607,265671,296645,384527,567823,982554,1701345,2979043
194290,214917,257193,296534,383002,548686,1008941,1714166,2969389
184857,218203,268438,293561,374310,564664,1017705,1702645,3201637
185292,210299,254227,294300,374994,569334,980865,1693171,3254545
188043,217915,258703,311528,386263,541676,1302335,1718739,4319957
185591,211261,265120,291004,395109,540736,1020204,1746352,3113581
186383,209315,255502,290833,377239,551426,984527,1773624,3031469
187586,210144,256379,308374,370009,544360,968340,1747658,3009139
189435,210670,266370,293703,378960,542703,1031752,1724587,3248605
183283,212463,261159,295012,376103,573634,1015617,1705132,4353883
194343,210275,259476,295330,377122,537221,990272,1791357,3143315
182521,221244,266222,296336,372028,570476,1013526,1736636,3056390
184635,211865,264399,293766,392110,546634,1033758,1694934,3049536
192582,211976,265298,291853,381425,543150,1021926,1693002,3133912
187967,209404,262098,305903,389235,543293,1024502,1673366,4547765
186670,213879,254705,306331,372544,575827,1014380,1696974,3288010
192155,213487,259188,296595,379609,536620,1027454,1948337,3155781
185629,212475,265123,302039,379638,537668,1000071,1771327,3055850
184114,221738,256378,299937,405884,570538,987163,1776128,2991938
188562,211146,258830,301194,376761,549780,1018481,1764774,2987460
186252,217027,255986,303347,390165,540063,1007933,1742360,3275705
182864,212128,257432,294444,376283,548106,1008385,1723067,3227753
195506,212656,263110,297704,383025,539564,1191422,1702076,3048772
187843,211398,261637,303953,380976,533135,1633187,1698582,3044226
189139,210932,257392,293020,373038,540907,901084,1750190,3041015
197653,216200,259801,297266,371161,547381,880234,1667026,4132891
185473,212193,255769,297472,383840,565743,883545,1672520,3203852
186506,218514,256673,294619,372735,544380,876189,1693851,3209299
187794,214292,268119,296481,369478,545048,876314,1662102,3081052
185721,219933,254546,293432,376825,568621,858113,1675747,3161120
186251,210980,259016,296020,382193,540878,868114,1645439,4074433
194732,213347,271177,294303,370617,544779,878438,1642963,3068517
183042,213675,256416,296312,373337,545394,880415,1636449,3045195
182952,210829,258163,296692,378638,541260,883326,1653166,3211523
193133,212908,276181,299615,381541,566525,873873,1618960,3246748
189931,207773,267676,302379,379543,549407,870386,1894453,4296921
186208,219333,266117,296051,377079,568362,873045,1830712,3090966
193154,211260,297420,293360,376295,576860,868467,1745648,3047104
186525,218242,260702,296977,389156,555067,868072,1699778,2979837
186047,213614,259177,295438,379107,545817,883534,1702118,3343265
191805,212386,266148,292206,380660,568226,852485,1688168,4372224
186776,212207,255830,293755,379159,557948,855351,1694652,3155748
185294,214053,259931,293099,388384,555871,1001099,1682975,3086192
190752,213478,265770,293614,375723,545408,896257,1690777,3050168
188574,211435,258345,294332,372690,549223,1035722,1647393,3233086
186457,218604,256377,294666,380693,554135,955026,1617792,4367507
192404,215283,266090,294552,377899,563203,957274,1659155,3144153
188774,215645,258534,307328,373717,554734,895471,1646485,3156163
189039,215538,259087,308061,389433,550462,898461,1671619,3038326
192734,213981,260732,298472,372052,563474,902144,1663223,3074876
185338,213788,263830,316796,373037,548433,884341,1664881,4388666
183799,214887,261379,300718,377987,552158,923252,1849308,3217257
183882,213235,259121,301531,375873,547089,925316,1738281,3148666
185610,212983,258894,293891,376335,547102,961121,1685855,3047803
185685,218130,271814,308440,381090,548383,1036688,1652038,3135361
185559,215253,254884,294135,703717,544404,965223,1731422,4068855
186680,217102,258301,291784,411013,554439,1058606,1675112,3199996
181354,213612,260636,294970,401102,534448,1013867,1691703,3195001
187509,213842,271521,288778,390033,566004,1018711,1647897,3089655
187080,216517,267910,289605,406200,544126,1018200,1637906,3113243
187310,210028,264305,294354,392248,566770,1020592,1652571,4077841
184354,211944,265017,307637,386709,569393,995034,1740056,3249590
184259,211112,261402,297815,391544,546918,1031918,1652073,3337307
179820,217907,258933,291642,402742,540226,1029376,1687653,3192261
188108,212845,263160,291785,394113,548013,1018173,1630032,3154693
188043,214402,261390,292840,387487,553272,996776,1659619,4159692
184233,214159,272692,292254,401007,546028,1026687,1629574,3118829
182472,213538,263489,294024,382132,545030,1037101,1637310,3174267
185395,212692,267621,294883,380277,555616,1017259,1614727,3382388
184329,212279,272737,291676,400789,549210,999779,1644309,3253100
186549,219682,259401,293586,400336,575173,1024632,1657805,4364045
188453,212894,260838,291384,395794,543123,1033395,1853057,3171588
189151,220418,267097,293248,382259,565668,943814,1704813,3247301
185734,211139,255483,292563,381395,536083,1000129,1665791,3185252
188261,209523,266822,291886,381603,556775,1027246,1692214,3321986
181942,214022,272673,298414,386712,545854,1005606,1665750,4403931
186998,213256,274659,294157,390562,533469,1005697,1650966,3191322
187233,213735,273988,291227,399548,547454,1018933,1660959,3065119
183042,213522,265863,295385,395146,541371,1000190,1654441,3003911
185484,215790,258373,293169,380487,555009,1026967,1630410,3051511
190221,210546,266036,294352,388448,548075,1014431,1655643,4534372
185981,214889,268503,293370,392661,557451,1034898,1644168,3259516
185692,213277,265678,293215,383833,550113,1008995,1664183,3129304
189039,210121,262364,292179,378029,546365,1040675,1638743,3065279
190538,212608,269003,292525,387438,550661,958717,1647845,3074538
185557,212103,258349,288699,383500,542912,1015265,1646196,4122949
185035,211703,258039,291097,375276,545905,1020832,1665137,3309375
186061,212406,267101,295796,377266,572816,1029337,1664766,3244544
183860,214678,259832,296082,405681,556469,955626,1858030,3183915
185927,210086,255996,295867,384095,543518,1040713,1692606,3210211
183170,218445,274116,295962,382775,567189,1025267,1662604,4126208
184234,213540,263956,294043,383617,552614,997999,1655083,3125879
188473,211662,265593,292883,386214,564570,993088,1657162,3340733
186610,215364,260093,289446,389251,564797,970775,1673921,3250097
187362,211399,258549,291538,389074,549652,972545,1637468,3224302
185168,211822,265470,292197,376913,540333,974639,1681872,4120767
188837,217766,270063,295229,373588,540707,1036287,1683659,3111556
186951,220623,264879,292363,382569,548911,1033732,1625538,3071606
191173,211441,260025,293916,374388,556218,1021564,1654532,3232779
184647,213592,281477,292966,377914,550624,1166441,1645226,3249963
188582,214029,271076,292857,372488,548706,918176,1653248,4361627
189077,210560,260641,290966,387080,549025,877892,1658972,3107449
189326,215093,264431,291017,377929,546894,893381,1645058,3019670
186873,209924,264999,293140,377644,544421,880760,1678327,3001660
185283,231404,259354,292948,372123,541681,884842,1649245,3078765
187239,214791,262447,294723,386468,548369,875405,1614265,4466454
184809,220881,258510,293106,380275,536724,885232,1638562,3219405
186322,211249,262038,294249,376389,552116,904090,1904393,3132940
186229,211558,255691,295518,373446,556699,875570,1758132,3055226
186697,213043,261405,294078,372988,564782,899300,1687000,3110354
193921,213380,256760,291349,384602,542871,867482,1619979,4154075
182243,210182,258942,293922,375295,566452,857990,1709589,3454299
184814,212103,260804,293114,373223,554764,876878,1676473,3260191
190988,222078,272716,310366,376646,544049,869087,1657463,3119610
188089,212387,259166,297738,387799,552131,864734,1703073,3163009
184558,213716,264831,290929,396783,537591,860668,1669629,4113052
192199,215222,275048,293959,378604,578079,871022,1661213,3282261
182856,208578,263476,292952,374938,542765,860440,1659313,3324527
185694,211938,271187,294783,381468,547259,858395,1664006,3165708
194727,213390,269451,294083,402336,548562,863617,1670185,3189374
186161,211406,257671,315807,380981,570429,991018,1626779,4107006
184768,210700,259565,291589,373960,552274,929555,1643434,3109891
192703,218646,268449,294209,372855,563859,939958,1672497,3426593
186074,217065,261166,294664,382285,548879,994821,1650873,3262489
186599,220297,259028,297166,377256,548469,936072,1642081,3176351
193016,214986,267148,293304,377835,577300,934542,1669471,3092427
186519,211683,258288,309329,371465,547799,1017699,1870775,3056373
186047,212175,257535,298010,386912,544107,993228,1705748,3066118
197057,210726,259440,298135,382319,563166,989674,1691712,3454693
187732,221963,265966,300362,376193,543658,1040558,1689275,3255556
186221,218103,262591,299967,375553,880003,1033114,1693533,3164119
190132,221831,258667,297496,381053,594291,1007362,1668653,4456236
187714,213592,257311,303312,380998,558656,960035,1683879,3439326
188546,211985,263843,321322,395284,558312,984846,1652809,3410293
192269,211164,268937,299983,376807,545236,1000238,1671133,3496846
186921,211490,262209,302435,380444,571135,930051,1683544,3288968
189196,212349,261404,300324,380035,588618,982117,1671818,3362863
195260,209644,265185,293850,371264,589224,979288,1640602,3287898
185161,221554,271882,292587,377668,558923,993084,1688452,3183808
186402,213321,262510,292681,372619,573378,993316,1687592,3200122
191514,212822,269211,311553,372536,571086,1022003,1662492,3538739
186320,209041,265396,290826,374564,557325,968703,1629075,3489161
189140,211400,266814,292393,386219,557977,989269,1833303,3412730
190593,215348,262872,290685,378051,548560,967863,1686864,3328805
187456,213059,257053,310285,399376,557388,1012811,1621572,3255471
189974,212241,258934,293588,382952,551563,979315,1598616,3188331
190527,212059,259261,290076,373031,549107,1010455,1610569,3447362
183145,223578,265065,293762,372357,579059,989049,1728151,3314604
185519,215552,255753,296130,390441,554347,976159,1581658,3164448
194449,219552,262751,291548,375194,555290,1017779,1631018,3116770
188556,209387,263184,293678,370181,549660,977915,1648966,3143733
185302,212458,268630,290219,397429,545851,970651,1639280,3061827
195270,215563,259658,297322,372388,560237,1008673,1649881,3318452
189130,211986,255635,292087,376958,557405,1001995,1656089,4490748
185488,213004,263626,295482,373053,555424,1014552,1637861,3261554
194747,212236,257217,291074,379955,544369,1004290,1648241,3250446
188797,219315,259748,310670,394044,558867,1024102,1639391,3210176
183485,212690,264921,292712,386063,557338,1015575,1766741,3294909
194462,217861,255399,295565,379083,569616,1019629,1666366,4538780
186042,211392,257885,292508,374077,558388,1025081,1664311,3284250
184577,214464,266183,313483,377280,548771,1039823,1674369,3467275
193034,210437,266733,288589,392211,553041,1001139,1658004,3466591
186614,209757,263184,295455,377594,563613,1030521,1972893,3912039
189583,220294,262465,293252,378308,548842,994688,1761767,4493511
195991,211547,257273,294263,372712,564719,1028812,1713248,3541601
186992,218300,261474,295425,377125,542686,1055596,1725543,3241579
190838,211649,263303,294738,375614,548614,1016479,1678851,3109862
194315,213994,261861,293541,373849,544411,1007035,1660312,3164576
186410,212012,258005,291096,379004,544308,1014248,1667244,4099300
189383,210037,260674,310662,378579,555329,1010131,1661385,3102382
198917,215037,256936,292025,375316,548293,1025460,1660891,3262379
187267,211664,264806,296918,373998,556624,1002169,1682883,3178051
183580,216060,266471,292170,375055,550514,1031431,1649232,3197581
193456,212747,268678,308963,371749,567181,1033296,1653784,4181566
187683,214899,264936,300880,373869,548214,1028096,1671799,3068920
186400,209785,266264,300462,375965,543789,1009893,1642109,3057783
192507,214936,263451,300841,378194,550338,1207543,1648698,2958559
186739,213952,260027,298530,373736,536971,907103,1638269,3367131
184851,215902,275158,295087,373789,541579,889751,1653754,4332902
194509,215895,263716,293772,374747,567890,892321,1908457,3167387
184883,214301,257673,295851,375778,552998,871187,1719246,3040926
183936,219473,264495,295358,372845,544771,879426,1663425,3011870
192641,213707,263999,298527,374524,545671,874294,1618091,3107199
184459,217339,265051,297880,377973,541144,876778,1715160,4489249
186224,212249,258066,296253,372030,540833,873062,1665987,3262491
191015,210572,260233,293185,379781,558828,873549,1640133,3099295
189469,214418,265450,292125,381836,539333,878124,1660334,3041774
187768,212473,258551,294821,371199,548345,858754,1657715,3155928
195507,215703,258118,294068,372348,550376,862459,1675607,4526254
184992,215123,269416,296554,371552,570488,875181,1732462,3226546
184249,219217,259654,294888,371854,552269,860623,1668456,3175680
194947,209026,259702,295191,374158,570380,890529,1651827,3088891
185217,215623,263039,306954,380234,541521,886527,1682409,3120188
183218,216511,256171,296498,371448,547349,893919,1670365,4057978
209278,215134,263085,316925,380395,555646,892463,1675731,3189700
185944,212629,263551,295661,372458,544931,892954,1754049,3225267
184571,217329,258477,299156,378650,546019,890533,1652382,3129201
195812,224090,255197,298368,376597,555873,974007,1650064,3191197
185553,213564,260193,298364,379811,547743,1027473,1893837,4041843
186873,222013,255924,299353,378899,562617,948232,1765701,3237745
193636,214697,261576,302783,373367,561378,1020840,1698914,3416572
186030,212305,258954,302923,373736,551607,928764,1652891,3232702
185468,212789,258971,300017,383412,542086,964921,1731545,3233867
190114,215249,261725,301203,387739,543976,915049,1655406,4237457
187461,213188,264511,304097,375354,542928,901948,1695403,3134783
188028,211846,263232,302224,381292,542747,946735,1662379,3055388
191790,218395,262569,302582,402225,571008,954882,1655818,3402480
188347,212604,257128,300926,373386,537066,982261,1648105,3236024
185023,216198,255797,291069,375432,553833,978511,1655898,4202355
187490,213344,254059,294419,375474,546149,1016163,1669004,3148802
185671,214710,262950,288941,382111,539364,991096,1623627,3065469
183301,211556,265828,291996,389808,552251,1004709,1654527,3088455
191926,210963,270635,291329,375473,544457,966365,1635996,3210997
188098,210861,259569,307854,377108,563242,1041114,1656707,4336161
188365,212766,262079,291957,377123,546387,1024831,1624822,3200632
203964,223393,269321,291757,381273,539951,1016708,1644506,3097119
190155,214638,262253,298026,378132,567500,1030608,1645512,3033981
188487,220882,261257,295153,372228,551199,987415,1859878,3082043
197939,216986,267052,295790,375953,542720,1020918,1724092,4447814
187286,214183,272157,292445,387207,543834,1033265,1665960,3276772
187948,215319,275031,290130,402698,575973,986767,1676639,3198940
197970,212850,267047,286997,374855,555162,997441,1664972,3114011
188236,214507,259226,289750,391167,535432,944691,1679156,3205215
184233,213137,263589,293665,377060,567924,1012436,1659960,3961173
193442,213047,264643,290648,375189,548703,1028398,1651992,3239744
186637,210999,261268,292750,398268,546113,1035494,1645380,3219979
184636,218512,259828,289171,379998,544643,968431,1644437,3132517
194343,215944,266631,293194,369302,559695,970630,1653730,3097219
187545,217740,259910,295234,382869,549026,1002050,1661653,4202905
185194,209484,272171,293799,378391,547924,1002297,1661495,3224819
188064,211536,265864,291787,373446,530185,985359,1653429,3345683
187470,214371,260833,289392,372782,578371,969074,1640220,3203588
186006,209506,265238,291895,385481,566681,967867,1639828,3263555
194488,212824,276278,293816,384124,545791,972013,1873452,4130424
184867,206645,259753,292168,371433,528917,987713,1760856,3113209
186392,220061,255277,294179,379883,529509,1012735,1650770,3064041
194405,209876,264702,292806,378971,547973,979230,1634307,3372279
185710,210851,258574,292565,380872,549107,1011398,1681117,4509303
183865,212641,261699,288277,373365,548217,992656,1699988,3256909
193579,211731,267614,293228,374499,539461,966841,1682313,3139032
185978,213961,264742,292950,376999,574518,996877,1672221,3097911
187416,210145,263842,292344,383113,543046,1003060,1654759,3162982
193515,221355,265804,291112,374268,542907,979556,1676013,4853171
187061,213085,258393,295935,379495,556362,971378,1648768,3479323
188778,216871,258624,291222,386907,548979,1011283,1639162,3287084
194313,212595,258681,291589,375091,547421,1001204,1645149,3250611
186748,211045,258197,291704,369737,544303,953705,1661721,3272754
185132,213805,258572,293335,371647,549993,1002876,1672510,4180928
194992,211071,254660,289352,405676,544151,1029587,1657967,3181747
186831,212178,262133,289464,380573,567094,998419,1645499,3315017
188453,208889,257945,296207,374581,548974,972356,1652316,3231661
191724,218921,259638,293210,380287,543098,1011858,1757806,3228197
189211,212501,253011,295244,371769,543405,994682,1705611,4242828
185737,222426,271788,292494,371401,567695,1169517,1893011,3157969
189908,216013,259267,291533,374266,559572,913673,1833981,3123922
186765,218111,258453,295866,382229,560873,872010,1751538,3293263
186343,213517,267958,292417,375249,542227,887834,1725075,4365623
188257,217110,260206,293856,380909,547134,878672,1708720,3227349
188253,215810,262349,313916,372494,556736,885354,1675599,3077868
184822,210056,290039,293386,379525,551698,880241,1692494,3082763
193514,222315,271487,294136,374143,541416,892740,1695711,3388279
189148,214520,257373,293367,377670,547436,879039,1690394,4434600
186609,220990,266731,290932,396717,569377,872832,1699002,3207628
190618,213366,256539,294720,379365,563569,866806,1722745,3105370
187685,211206,259055,292355,376156,572201,866549,1707222,3192426
186957,213391,264960,293342,385114,545399,871093,1746480,3222954
186529,214675,258430,295629,379323,546661,864629,1730287,4932577
185597,212654,258988,293275,372089,565358,870243,1715003,3478644
187304,211046,266711,294445,377970,555276,865421,1681577,3204951
184490,221130,251515,292943,397811,545203,859680,1689773,3135462
189639,212304,254722,293722,372939,541616,844720,1878341,3164297
187430,211442,258357,290287,374868,546085,838000,1752113,4069960
185116,211899,262057,292656,390557,566131,861697,1685976,3336466
186633,213243,265788,293864,395018,573132,860108,1719548,3268398
185782,214616,267417,296689,381881,543319,862066,1709122,3142641
186803,213086,255343,292287,381706,541210,1004506,1711416,3254584
