SHIR FX b16,SHIR FX b32,SHIR FX b64,SHIR FX b128,SHIR FX b256,SHIR FX b512,SHIR FX b1024,SHIR FX b2048,SHIR FX b4096
397613,508224,773609,803881,864408,1235472,1616309,5830949,8276287
365345,545585,668840,620349,856884,754363,1555006,4054583,9841619
395662,613212,561609,557249,632587,879288,1028033,4158538,6319804
388346,546888,575337,583248,633006,773230,1019319,4829896,9691281
383834,542951,580982,542363,617300,814106,1036501,4345677,4971761
395854,472717,576568,559482,651430,738164,1012447,4967278,9048888
383161,466902,587248,578074,639522,747825,1014127,2758386,5954870
392621,479827,599554,558784,637001,795770,998995,2024388,8836945
381581,482841,555773,569363,629479,873743,1053376,5466730,6678015
387392,457520,587756,577209,609819,713383,1000916,4245484,11669059
382307,494112,587207,561985,643579,709618,1040009,4328504,5765487
378147,462164,576739,561119,627046,734187,960468,4311064,10145074
393764,484397,573136,560421,626402,718998,995004,4256717,6535670
380166,477925,603201,569294,600309,704167,1010020,4311706,9775909
386457,471836,586721,558946,643227,724695,1233009,4350916,5480536
375531,478271,556662,565475,631558,724466,936103,4283417,4949181
383448,487433,583422,559630,647425,695600,913826,4326242,6297977
386591,468233,589936,564774,625320,749802,1587964,4361214,9508558
377543,463915,568169,561992,631433,729172,2304335,4340399,6387554
388949,474304,602157,561600,619908,768003,1347151,4224098,9865144
378251,474994,554692,550999,637323,712882,1386136,5028391,6487052
378065,464316,571474,566583,608529,755066,2245058,4585067,9710708
382007,460815,593020,554671,635790,723178,1275714,4571944,6385274
430897,453949,576664,561664,624903,739765,860255,4509747,10035684
465267,453107,547855,566662,614677,713137,856860,4424069,6432828
397613,472321,589627,555215,648536,768968,864369,4536197,9903267
458583,465703,545230,554069,650202,710552,1446144,4419503,8831887
406727,459288,578594,557871,632775,755466,2126890,4384613,10006417
462621,477583,584589,547453,609115,711470,1346820,4404016,6414892
449734,476027,535663,561890,627204,755592,887574,4460917,9662017
419488,467434,555438,573959,634037,726321,899055,4311313,6598528
430178,454272,568608,550753,620013,713550,881961,4364409,9825418
405514,467698,543801,565367,641347,713513,954700,4529407,6536317
404233,472040,544531,566978,616381,768641,924303,4215440,5131750
465618,466573,585402,550686,598430,707843,984446,4294067,6254464
454508,456050,571998,556638,634485,743547,891670,4495920,9324494
437809,468891,524882,575044,635111,685125,898240,4232287,6424691
466926,471696,591726,556034,637768,749645,984888,4330119,9686114
461188,476357,562652,565327,653837,696061,914398,5224415,8849860
420671,462728,567560,561127,628711,792068,935800,4354367,10053214
429147,477806,564692,545078,639323,733792,966632,4437857,6569702
435482,469268,542692,561169,613852,758046,971298,1768547,10287387
429951,464868,541323,556965,600147,696932,969441,2008467,6575353
433256,466718,557502,559394,606177,751431,926611,2055392,10180372
437503,466334,542627,552690,637796,717213,1530977,5516099,6762974
437532,457329,550965,566218,645601,780193,2146604,4256667,9949900
438184,476961,556485,575868,634266,707432,1449836,4331612,5420419
434269,462441,548937,551911,652330,709446,974890,4275784,5006217
449213,465021,543795,553707,636107,710367,966868,4231723,6163627
413215,441742,565874,558061,615675,758197,962975,4298537,9584946
451056,457792,557497,548927,629300,709786,947651,4456789,5391003
431748,474821,553748,568241,620329,746458,965435,4290725,9690164
424156,470266,555540,557425,635504,703565,976713,4185424,6556958
431822,459942,553542,558649,637611,778065,1561578,2676543,10024575
426827,456420,549301,566557,607857,708940,2145391,1484660,6528306
445762,461842,571602,560403,610561,767465,1402149,5822317,3571108
437747,467497,536917,546975,633763,706590,1498616,7219991,6124834
428067,454945,552143,581529,592414,742620,2149433,4955756,4935630
444974,464138,579206,555184,638570,712036,1379824,4449406,3481568
416281,468800,559697,545180,652727,751814,1016473,5025189,9830865
381372,468397,536496,572529,623149,695368,980214,4282818,6587961
381276,462171,560497,554200,635655,748812,961700,5727188,3678895
383854,456783,546341,567433,667713,729346,988998,4871966,15294730
380474,463669,545979,565460,639058,714219,959981,5590579,6253927
386842,467547,555175,544955,637116,721663,956688,4442920,11371702
379040,463288,548308,573773,630062,734929,950746,4842626,4955902
389344,459925,552289,567650,628451,703839,935288,4723978,9046789
378929,465630,576895,553742,614294,757571,965982,4505313,5828554
394147,458976,546663,559179,621572,705665,927527,4534395,8985944
385741,467030,561574,571768,605305,768558,950081,4796536,6313890
381122,476956,578271,549129,637069,703051,979130,4271062,10005987
389828,469907,575201,579058,650632,732309,979487,4182121,6372281
378829,462917,563887,551469,614280,726433,972487,5002351,9605366
385967,464284,554194,545540,632072,753562,993839,4261839,5828560
378074,475852,551966,561337,626373,730465,964530,4299660,9717139
383416,472561,567067,575744,629413,738626,968326,4292661,6022157
377327,460446,566078,542723,646705,687847,965602,4313751,4584464
382917,460174,544404,552159,633945,742754,973966,4398366,4538055
387364,463800,551793,574284,595397,721835,962288,4358580,3093013
379322,461815,568058,577154,634353,754074,955312,4416304,9612817
391181,466584,532583,561925,651808,692197,944350,4546407,6269714
381799,456476,560188,565011,611924,717815,928181,4256229,9563220
400318,468372,571296,554380,627323,757850,961352,4224481,4769830
379833,474544,567620,566440,648239,716590,949369,4568359,9254480
381916,469834,555649,577735,640620,714146,925581,4099544,5855758
382842,455004,568845,550953,626231,741634,979097,4152478,6273188
381756,470645,534532,559467,646920,691748,972758,4263567,5589698
381991,464972,560289,574900,590094,727770,972585,4353957,4724678
373151,463978,566201,545261,635067,745909,1253090,4674703,4840916
385401,457657,552844,550987,646841,716994,1652390,4646849,9625379
381892,468506,559978,573907,600288,696681,2398569,4280012,6110971
388101,466359,562999,557526,628874,717308,1375824,4853998,9430829
379127,462344,569711,564904,661416,720360,1558025,4245325,6337352
381423,458596,564660,567017,631640,718211,2303187,4341589,9600618
389289,484704,560412,544688,610738,713978,1289164,4491517,6345124
380736,469989,560362,547635,639844,742319,891540,4228372,9101064
391723,517372,557953,562180,629311,685917,870930,4211746,5795158
377478,511047,570316,562226,628762,761790,864853,4414170,8880369
387232,537281,556306,562728,653401,690770,1451441,4081191,6262205
377374,537909,560814,554182,622797,760964,2123095,4251221,9517242
378136,517868,567496,572454,630389,682981,1276485,4432027,4763844
387737,474576,548294,561274,653422,746157,1289521,4147197,8821026
381899,464605,549991,573480,652906,720933,2135754,4203418,5621789
390396,455736,585457,557912,632414,725560,1258405,4515288,4474093
379606,467948,552049,565572,646676,662025,849543,4231471,4806258
390091,470329,550837,568941,636893,753799,824593,4253392,9482938
374033,457284,572387,560339,636291,717381,842299,5131749,4621077
381419,464871,554654,557976,622004,721199,845304,4486380,9224771
382693,471735,552605,563532,605059,724946,840596,4376087,5793671
377046,461580,582910,568028,602189,709403,885873,4295550,9247102
386441,469423,558941,561555,644919,695212,1470652,4234625,6372816
375439,456358,554973,565439,629959,737249,2257881,4459537,9743747
385712,477733,578902,555252,635402,697664,1380615,4420004,6036300
379121,472058,545478,562238,656944,770072,1003712,4355228,9321117
380169,457861,568679,556756,631902,682821,964495,4256583,5860561
373155,445868,585434,560598,608043,749600,995855,4413716,9355902
378785,486401,542140,561238,629423,700948,918436,4256410,5083177
383718,463667,552549,560379,603638,732269,962257,4282611,9773396
375622,454537,575241,552565,641674,697297,955620,4495335,6105995
385798,460141,577818,554639,646853,746679,935956,4191953,9177853
379311,464506,541681,564574,635636,696478,984468,4288225,6075469
384607,465462,574976,539240,641407,757328,937806,4521148,8985293
381217,464810,549325,563800,650293,695290,950041,4955362,6230853
374804,466838,575828,562732,632621,768011,948535,5382239,9507829
388761,466563,554959,565491,623372,695791,930927,4357575,5969028
369681,460683,548130,550429,658518,767851,976892,5418743,9137106
388061,468277,561682,549803,601089,699890,949640,4541062,5936770
370242,463402,580863,561867,619045,750233,971154,4531258,9215598
387150,471158,544707,561557,623959,705612,944660,4807604,6324357
374026,461494,555799,578759,613180,748496,927434,4345842,5088942
379469,462667,555123,552829,604178,703312,984757,4470422,4783396
372918,469149,554323,552084,613584,710733,917790,4622511,4976279
379597,476994,545744,570286,619866,699915,958029,4273092,4854648
386619,459023,573734,552450,613265,722955,973482,4449314,9249352
378145,463867,545931,550700,619816,709665,975419,4524514,4609729
386832,466585,544969,571447,637665,709978,940449,4270627,3602661
378081,474352,592336,568373,622637,721758,999055,4467743,10170200
383928,464301,544894,548464,644249,723144,970564,4638342,6025745
377029,459182,544947,560525,615602,707003,944678,4441509,9282965
378375,451805,584331,557723,641727,709328,976032,4360307,5687499
386391,464294,532246,555316,666353,711073,959942,5087899,9162052
376238,452752,546030,559586,622204,771967,982907,4675406,6365563
395955,467194,562135,547162,625488,700310,965721,4620145,9740704
376889,471776,552844,552045,613979,712620,939188,4742709,5992723
424693,456279,554391,570189,627704,696946,955865,4393293,8917419
437889,462024,580501,544453,641044,708116,968860,4481358,5770165
443189,469835,564871,560972,655083,705792,1548506,4675782,10089961
450598,464949,544363,587198,614709,740790,2288565,4206370,6002475
452933,464362,562288,550599,614761,699882,1426242,4228466,3534898
469713,461429,547600,568075,630853,704412,1008681,4558098,5294680
445542,468567,557755,566498,638508,693874,971064,3973860,4583818
456814,473302,577081,547590,635654,722281,982508,4165137,9287890
433549,454589,557701,570394,644263,694712,991985,4526661,5274289
455353,465422,546811,574923,602563,710452,966269,4267334,9915043
442251,463422,554146,561502,627339,688318,991019,4495640,6308020
435073,469980,551605,556349,637182,754449,908213,4752425,9139108
452709,466591,550338,567626,623279,717616,940718,4888224,5720690
451378,458332,564931,557232,632105,746201,935607,5472024,9057399
438729,467781,548409,555731,619274,693214,980114,4529410,8743393
457377,467598,557947,556862,624625,758244,945408,5192886,11184047
450310,466647,572805,553493,622333,704326,934407,4543080,6937879
437256,464393,544771,550639,662500,725262,960830,4543930,9690286
442665,487329,556649,563488,611966,714462,913084,4473703,5794489
394972,473547,567858,555627,625710,710843,986557,4201728,9167907
407749,461060,558653,555724,610276,691183,1475234,4421137,6330876
438420,454739,550532,573732,616434,711152,2753880,4584520,9695634
432059,470401,582005,550813,624020,686784,1448229,4172245,4738958
427153,472460,550578,563319,652094,762285,1607009,4452439,9422529
434213,459764,557609,576830,624052,700071,2320133,4829104,5755022
437047,459621,582704,547560,621972,757328,1402108,4340304,8787000
430634,469025,548378,550783,626788,704811,1441517,4416629,6258882
407929,459218,552672,566871,601813,764701,2284158,4750114,9725532
434904,463980,545084,555714,631631,706315,1326017,4203234,6289732
407521,471546,569575,575971,642512,705553,878948,4438035,9019021
444297,472763,553776,559999,612261,708350,849898,5307927,5731887
430945,459350,567820,547491,617861,706647,853401,4546566,9085707
441433,480113,551444,564165,661439,686038,856614,4413969,6316343
434753,473904,555079,568922,594045,755267,835737,4776924,9477035
435389,471520,564247,553224,619407,701333,847536,4407947,4679461
434770,460576,549398,561228,622207,692227,867780,4419894,8996934
436839,463212,561374,555693,622691,707389,828236,4532975,5819682
458506,462862,560016,554352,631173,703279,846396,4638481,8880367
436150,471683,543317,559524,629567,740700,822362,4822750,7494146
434882,459078,543807,554177,602568,701949,853040,4724543,9909894
404102,477613,560467,550770,620406,732531,871725,4721072,5806886
406004,485563,553389,550677,643207,712644,840842,4632500,4677716
439385,466270,560471,566944,624118,680012,868121,4651694,8353679
445846,460792,565568,560021,647789,720050,971548,4554637,9387815
424857,446876,554810,545473,654728,727652,951637,4567258,5000683
434367,471695,552728,555465,603777,731290,922499,4669883,10127672
430052,467611,570141,557487,625634,677907,973025,4683609,4697707
436237,460413,550820,547518,619773,753353,975834,5174223,8889735
433987,527392,557986,552447,623796,695533,929013,4493683,4642631
472178,506365,584476,561890,619445,751360,931815,5139120,4529054
432742,546929,541111,545378,645030,704396,922395,4409483,3683022
437067,537802,563599,572426,622526,705418,916032,4699236,5335167
410401,535313,573162,549001,646149,735772,904884,4911404,5821520
416762,478669,539288,557469,650386,717117,897693,4518664,4605721
433516,474709,561562,570596,600350,700640,876312,4478680,4484695
492463,474409,568372,547516,627256,714431,930817,4518528,8691023
427705,468230,573327,554803,636132,684405,928501,4358342,6224320
432297,457486,562807,575732,599288,712029,984187,4312520,9753801
407532,466233,559061,541131,621399,689165,972874,4689617,5770331
436147,473362,550951,552153,612843,766926,929629,4257892,9253209
438751,481380,550536,568559,601551,688647,942979,4551074,5800181
422901,454965,560388,556571,600904,703533,974262,4790684,8724335
415736,466618,540259,568736,634231,765056,962910,4408459,5511051
399680,464570,546718,570213,626825,709998,914712,4496399,9878595
442409,466710,557798,542802,605517,715046,961815,5223129,6149451
431278,459829,539287,545262,631699,709393,941404,4627769,6492452
431553,473920,579875,574057,613049,742348,966357,5125577,9578271
441492,484624,573719,543252,637925,709418,977739,4888337,5754481
428364,476465,558528,570731,652599,1038515,943848,4357433,4515445
428721,458429,566062,566774,636142,775793,961660,4316062,6313853
436089,475264,556380,541039,637322,775988,973135,4329334,4748511
428975,465097,541060,565316,636212,781136,968861,4340761,5940675
428110,464973,561051,562918,617866,723183,992741,4402412,9089671
435999,471245,568168,552478,610254,764444,947461,4377765,5702040
435932,455598,552343,551395,648974,710892,967079,6978654,5092967
434852,464448,557523,564227,626209,783441,965751,2565642,5883477
434039,450666,549686,562300,623451,737940,996392,5584070,6190238
393654,473409,571481,563278,630232,720609,970180,7221481,4868579
406949,462682,561644,564360,637333,737691,995090,4105045,4526148
436533,467003,568138,560232,636411,738334,975611,4548929,8770576
435369,470557,561345,547354,654331,716148,950101,4601291,6159551
442199,465147,557797,580949,616498,753833,971918,4799220,9031864
435080,462274,566048,563092,639460,697483,975744,4144535,5675520
432804,464563,550818,552594,652936,729206,958175,5047337,8899511
436081,469986,550970,572915,627978,742001,928128,4348867,5876398
428270,463792,557770,552801,648623,713638,978955,4306096,8832120
433991,460328,544676,552215,620121,687728,942198,4379313,4701402
433934,466610,548512,557971,616719,725655,929569,4338705,9053329
428903,455946,563069,538145,639190,687040,985685,4324024,5845796
424187,462528,542332,571431,637322,737474,918263,4351979,8690420
436009,466120,550944,573725,595264,718642,911306,4014484,5767800
427591,461288,563883,559200,617370,705681,1014411,4031365,8756782
479892,459033,541246,554610,635926,698191,952000,4292637,6380621
415815,474474,567671,566182,602028,707225,940820,4123833,9757259
429476,485412,563286,534152,643814,687993,1030346,4106316,4773270
427571,465616,547453,572367,651935,701566,955149,4263679,8947974
447824,468004,559083,560905,598300,689803,966085,4133203,5791080
396437,463872,557565,552334,611127,752016,977724,4088031,9068030
396149,451366,544848,571819,619258,718695,1224527,4891645,6206273
372173,480791,554448,557636,618783,704502,928686,4261134,9794041
383799,466230,566456,563332,637598,711513,907437,4298307,6995168
381583,463641,550008,568602,606652,690553,1466046,4504456,10096447
377164,469752,542554,547362,617646,689306,2384055,4477400,6342334
383910,463185,564920,554767,654746,758967,1359200,4389707,9582391
382693,462708,546463,565875,641742,694373,902440,4423733,6365420
382380,453529,567061,558621,617950,739904,852701,4323565,9464841
378217,436059,549469,559899,625706,709828,865930,4429164,6064102
376227,467698,538607,562298,631567,697211,860784,4541878,8935372
386081,442575,553935,552026,623035,723690,849550,4344777,5785049
374013,459085,569530,551609,641914,710396,866027,4432707,5714597
382268,466241,548675,554572,646224,709508,848377,4572295,6824789
374675,457411,538526,570084,621473,785023,853281,4226038,10031054
386901,428530,562739,562739,618776,681750,862257,4462305,4697087
368750,470282,541623,551247,667323,700418,1476761,4475169,9079045
380006,466150,549991,580876,620713,735045,2118550,4905531,5819226
381524,458793,574950,566345,611570,698162,1259860,5134035,8891129
378846,461197,541840,566287,635450,694031,853597,4373225,6317551
378379,470452,567397,559892,605205,735354,838668,5103639,9650298
379535,480893,564436,546038,630513,711666,863775,4291415,6016641
377611,457267,565254,565909,654043,751487,850136,4449182,9190518
379583,460202,553554,580550,634347,694776,841295,4455039,5784835
383964,464820,579188,540914,609677,772023,884405,4321821,8836329
375646,468809,544975,570876,640129,706228,966892,4235033,5020852
376649,461463,545813,565817,623107,713427,954044,4387523,9461247
386044,460171,551657,542502,619402,721916,943469,4059920,7836822
376771,465145,553945,558117,622108,701419,931820,4203605,4651593
387980,466290,542661,567496,612204,742491,982488,4389905,4510808
374450,461020,582372,562555,638806,718643,947340,4037191,8636615
386386,461802,559997,573789,631070,681551,920859,4293944,4920221
376072,477868,561193,570638,597597,702320,939946,4291089,9236759
379183,473371,580399,556802,639344,737600,969039,4214176,5903822
389690,454080,549873,566470,657297,728344,881367,4325462,8918346
378473,461713,550709,567309,636393,684355,869127,4979107,5698670
389945,460094,577471,546943,613764,733812,930308,4652320,8971134
377888,464091,582784,569970,604622,664129,863599,4541882,5935372
387761,453982,554326,566901,605382,707049,917594,4617141,6953393
378222,460408,577288,545712,611644,744369,922097,4442884,10313523
382990,467938,571245,559420,639956,694338,963970,4454361,6323457
380014,458183,583247,569868,597600,704103,982824,4408952,8886743
384959,458241,577379,562565,613888,697624,969382,4829270,5562118
390043,468325,547392,554777,630286,689649,904305,4769688,4473366
381555,469939,543369,575308,602021,752341,973691,4794129,6184356
385588,459268,590705,546820,610452,678083,998271,4687751,10985087
381313,471989,555577,536612,648377,734815,924615,4785439,7398502
376367,507828,554669,573354,601468,702186,955533,4860732,10565299
382090,528799,570098,538170,640024,751194,1003028,4332138,6583826
378374,548002,552856,533963,652768,727280,973284,4917098,12000519
395848,537934,557970,576210,632192,719253,928409,5823626,7572181
376441,527928,573215,554538,616692,700858,947743,4979458,5712591
392884,492534,580501,552353,637976,700385,977335,5586577,4734639
379690,471802,567379,567939,610729,722750,924778,4520273,9305037
390154,462378,596366,542224,646747,712415,976564,5347592,6004385
380586,459981,554260,564587,661936,686367,980073,4367531,9990267
379812,463697,557076,561672,599207,791545,994023,4503158,6128728
384872,473740,577724,561468,632910,697827,958282,5126115,6287838
380230,475200,557385,557314,651020,748810,930799,4547261,9462120
391197,467020,561921,566714,628416,710609,959416,4874606,5742446
373978,458921,588521,537567,648326,740936,974002,4865832,8903705
389689,472216,558318,562912,670371,694758,919499,4283857,5010098
378088,460589,551718,559368,625839,761793,964266,4495477,9214736
380203,464665,561473,546128,641597,705181,1005904,4663673,5866808
382786,455083,539907,562630,646246,743300,943758,3994490,9025254
373786,470992,549729,565425,620818,730885,974748,4355238,7339489
385827,461698,557246,556352,647362,717496,985927,4491671,8883048
369265,458441,553341,563708,650119,736430,942563,4051125,6039963
385540,461000,538252,558311,595595,727575,958361,4250287,4740968
378553,472910,581099,562686,612985,703926,992339,5117031,6017483
380115,451130,585822,555937,625516,732962,1474213,4486318,9251577
374954,466570,545416,566868,625052,728635,2188759,4713318,5824610
382012,466587,574712,548120,623062,908427,1447727,4808429,4553500
388656,465431,569897,542001,647955,729704,1019416,4419605,4964994
379593,478150,542939,576578,605215,719172,976733,4373103,9338323
380601,474929,585358,560219,644683,704674,994706,4636261,5867768
376932,470693,545448,564221,620292,739288,963797,4086913,4660167
382247,472879,548041,570862,618418,725441,957799,4644509,5706846
376474,471069,587993,558303,643270,735931,1376146,4468082,4478319
374280,470311,566147,554601,646048,729850,975140,4009753,6260836
389630,460080,560752,568976,623697,721293,909684,4337398,4731791
373673,467573,568191,559147,619464,704294,962636,4308396,3131457
385367,470661,568287,556253,640727,739972,938619,4166079,9698066
378563,456509,541399,557253,632689,740159,901083,4295101,5837320
384705,465562,575907,557380,635298,717640,922195,4295129,3064833
378496,471337,548794,575794,627160,737165,886777,4735492,5651216
383252,472086,528265,564174,594720,717280,882723,5138241,4720710
375199,455968,590305,555265,650412,717724,879828,4439337,9272062
381489,460437,545846,559115,612438,724834,1508002,5091114,5965681
389234,469992,564613,560708,635127,725558,2193264,4377371,9019597
380155,458671,584631,542985,620605,707417,1263163,4443152,5859307
386465,460626,545325,553496,635709,679796,900463,4561975,9705582
373694,472896,554555,552172,616823,726343,852167,4310376,6026833
389823,471196,567247,546464,622567,725205,906027,4234715,6447381
380650,461374,538366,572455,659836,717700,889655,4534165,9103124
379871,455900,551706,552741,631464,718547,897369,4208087,5757279
392132,471564,567873,544495,613759,771486,882633,4309139,5668000
379403,464678,534221,575808,639809,718083,1528356,4331496,6295503
390759,462530,567554,556219,648849,732018,2289124,4191665,5918783
382174,466832,562833,556917,613088,730809,1420501,4371256,7456226
391870,474510,552557,567864,634788,716795,976414,4504944,6384827
377466,432440,552414,557814,607737,740985,1015738,4102160,6388949
382915,473774,570334,558083,637625,721030,1038431,4348615,9636205
385342,458582,538043,546428,646454,689589,956484,4894557,5659630
381705,467953,552468,561367,618015,731475,973330,4591656,10998469
387360,462622,567594,556856,631007,834468,1002785,4579519,7094618
378002,461596,542243,554888,634073,741426,953046,4505636,10163667
386078,449796,563655,558951,633461,817849,964056,4265889,5861639
374839,486051,561673,565814,609017,746208,968663,4418662,9139974
378339,478898,572798,545533,649754,810169,955890,4476992,5824194
386673,459853,535537,566589,631572,742174,956199,4318404,3861901
381160,458286,557419,541876,619927,745604,928274,4281972,10471322
385071,460484,550585,543732,646592,754777,980335,4460647,4644150
379899,464319,569309,576571,636511,691010,1017816,4226802,9051010
384489,462705,589679,545051,639808,720518,1010393,4297686,5880124
379006,461434,553093,552201,645041,725395,1034535,4276747,8629364
375126,471464,551486,578433,580939,734030,963663,4256118,4940793
378771,467138,572519,546961,628422,694249,1030839,4375847,9449895
372603,462796,558767,568586,648961,702108,972410,4594678,5855779
379214,464155,556162,578418,627954,739348,975421,5130534,8852836
373780,470638,566521,558258,635986,700520,982538,5617563,10769280
383264,461190,535551,562820,640203,727711,950116,4774562,9930364
375235,459765,547032,574812,626803,692237,945564,5345553,6028625
385618,466130,560924,551425,640852,717426,1014015,4667902,6267691
372272,474045,554382,568433,617337,707090,969809,4502442,9598310
372350,467899,550174,553746,623489,684229,973806,4621619,7469626
386047,459591,569380,567316,627763,703559,1014576,4638769,3213509
379270,471707,549984,549023,631899,686568,986115,4727855,13517500
382469,472849,563128,565857,638715,713326,989344,4725979,6089048
374492,461284,570314,539297,615397,687220,1000689,4491317,9411051
388428,457258,548950,558688,650445,685068,981146,4622129,5745841
375223,461848,558918,560936,598687,757107,956561,4767542,4823332
384486,461480,563716,564011,609527,689061,982589,4375092,5050693
372237,458188,560976,543414,633475,703514,1014972,4438388,10593915
377824,458429,560403,554341,622924,703661,957916,4457479,6181028
387413,464342,563273,560508,627318,695612,1015134,4064262,4605413
375986,461072,544386,544325,644118,728213,954776,4340062,4488597
387293,451464,581114,577121,634234,702474,1008547,4995177,3106186
381747,466395,583733,559949,616916,698694,975137,4317585,9211731
388027,465261,550850,565925,647120,732917,954602,4536370,6286193
378180,465123,555909,574043,611624,673630,991665,4500294,4749084
385930,455663,567639,540719,634802,690935,991066,4323618,6318830
380865,476511,560411,547707,633735,714261,1024965,4702941,9668613
376520,481051,567808,575757,627158,710927,1002877,4860313,6111135
409279,542542,582811,548441,630649,672813,995278,4577848,9659573
378339,521181,553287,558511,639232,731516,996436,4529013,6644998
383886,518471,552720,561646,616986,715515,976248,4634405,9537325
374077,531420,572876,546123,644877,708013,1009871,4388435,5938462
378668,486933,538644,550023,653304,697673,992988,4452638,4491650
385999,483696,566647,571044,620204,683415,979106,4472896,5868070
378535,480748,565066,538850,613711,741568,1016211,4347566,5908499
383386,456437,553278,576477,613137,693008,983271,4500397,7100069
376752,465924,558712,570554,631657,676383,965761,4531915,6327972
387895,463424,573102,548997,648435,739271,1028971,4785246,6484485
377606,467825,550549,571922,651696,683700,1003371,5199730,9751845
377888,477898,564413,570162,597887,707705,1433038,4614205,5865022
378818,464278,568737,569283,616784,700447,985281,5269543,8921588
382007,464316,544541,554615,653245,712779,972374,4432410,5195369
388270,457314,567214,572182,646209,727643,902609,4449121,10746257
381198,454516,572995,560048,613275,706771,948542,4669397,6919128
384020,464705,570500,562732,607174,699594,925136,4499278,9565678
380285,471208,554755,565968,599404,713503,894093,4766749,5875047
391138,467076,562876,558257,622118,692880,911902,4754563,9191451
380756,458069,561537,551106,632759,716351,894916,4468005,6137043
379055,471152,560029,556834,645327,714075,868458,4388929,9349109
382818,469159,569067,557030,611292,706208,902326,4572593,4603796
377118,460110,565478,560670,648614,697768,893143,4069988,8979265
387131,455451,564916,562159,631428,717993,927110,4571737,5383231
383903,470553,564742,552273,605070,699725,964727,4517515,8668542
388381,461066,562231,540857,626058,674201,954178,4125118,5879239
377475,463120,560167,570314,635658,729299,967974,4467829,9205092
381113,457865,556099,553608,627646,706197,1001519,5121294,5807801
387906,471724,544637,559626,638915,684063,992049,4588175,4593239
384262,466211,570883,565866,600444,760882,915796,4611232,4377586
387736,463171,585004,563409,634290,687829,949954,4648062,4836231
379064,452289,560271,559664,642119,699891,912789,4495596,10225589
386954,476478,557316,561531,600274,672197,855944,4504479,5903081
381099,448404,562209,545668,638225,696109,900549,4552776,6313402
379448,462435,557811,545847,637733,734497,889550,4451294,10459852
373985,461442,563286,580156,629829,697998,925323,4529506,6172169
378689,466394,577860,544339,638552,705346,903209,4378906,9351772
386379,459849,548512,571822,654311,732635,907055,4390935,6019779
380537,465117,564267,562211,620242,681125,994236,4481942,10024924
388859,462042,574828,560644,630648,699028,925785,4516993,6049064
376467,470917,566154,572575,643956,718167,1035473,4280354,9132142
393647,457167,553665,551739,630915,693819,906216,4247335,5799708
378131,463188,575542,552562,630338,697436,994755,4468263,8940445
382204,462852,560727,566835,626504,711624,967019,4389282,5599838
384622,471916,555491,556822,602297,709221,924803,5191567,9879277
375538,454511,564193,556169,640059,703726,995668,4289843,6316199
388060,461806,551452,571505,650807,717119,1012704,5231821,6164074
381265,431009,549559,563960,625259,722230,963420,4377844,4842213
389086,470179,590791,562235,646153,700477,983671,4321365,6823577
376210,452572,560941,549114,629313,705834,952187,4778352,7507964
384876,459298,558530,551023,622385,693654,927068,4228340,6705863
388882,471577,586586,559868,629709,684054,951177,4295139,3723347
378748,471023,564619,567969,664854,725434,900016,4657346,6764479
388426,454909,555303,557677,618441,706200,934543,3941587,7123560
374705,457894,577962,561968,634553,677168,925915,4318034,4393844
387312,466004,568309,557648,658709,729355,939479,4494182,7236430
378995,466126,565341,564968,632559,699675,939887,4054242,5646974
381042,452636,583806,560231,638443,692281,975679,4187913,5493970
379481,475756,540566,551477,629632,715196,931533,4492350,10621525
380695,464794,567256,572124,600005,706150,964084,3965442,6384451
385765,465657,591326,551211,637497,694745,984983,4593284,9724099
379475,466063,573773,561006,679814,746619,940228,5453744,6606613
388051,467971,569006,574802,602436,711441,938367,4428110,10548768
378811,464100,578283,561850,631525,689472,1010388,4412169,6626511
388769,461783,565191,553980,661155,741477,968430,4879955,9904276
375965,455820,564317,585244,607287,715239,950717,4193614,6683735
379321,476138,554407,549424,640428,686619,991342,4643457,7531962
385119,471633,557241,543445,651596,723541,979892,4815150,7819642
380433,465044,550970,563088,616154,710862,961937,4164716,10605891
394056,460723,599183,553206,630168,716338,977831,4254961,5157358
380555,463807,544672,562887,656816,724032,977758,4784308,10055665
386290,469888,556476,549069,615810,707257,947257,4174163,6307665
376261,460849,565647,551559,648790,680069,1013547,4598962,6352450
377356,457368,561596,552783,656336,713287,962900,4660420,6468315
396786,471260,534801,565167,615179,693410,954163,4529795,5865456
386330,471216,572831,567546,651526,707069,999310,4466156,4384098
389949,463120,545787,556958,648640,719132,996543,5712681,11888038
382335,460629,537231,572303,608393,682534,958878,5236184,7640401
381193,464842,570349,552687,641914,701288,977817,5555914,11602755
382920,458316,547586,564629,661807,734687,980769,4371917,6415967
378077,458633,560116,542454,610693,690697,999009,5267091,6078291
377264,467769,568193,570592,632773,689348,994500,4441691,6166796
380077,476651,552456,542616,657272,735105,922291,4477694,10758466
390942,458276,556386,569853,640813,703185,979419,4426511,8163451
379981,471488,554505,559274,625529,685528,991840,4280739,7957309
389950,465355,559694,550334,655213,722273,958392,4331293,4365420
377897,469163,546379,564730,615458,688093,963864,4420679,7402201
391703,453815,588548,561679,623925,705638,972565,3984525,7568576
379164,474553,556116,565981,658310,760492,1181323,4117071,12041800
386529,470240,553591,552709,628700,723955,950414,4960156,8399428
386333,469619,567073,547031,635350,809386,954780,4295155,11433756
384846,453626,543677,574063,653966,767243,1590183,4679387,6501654
389738,468858,555539,565304,624823,737242,2388399,4879530,9600183
380606,468697,578778,560799,630469,730146,1336339,4265697,6688754
389619,474061,542661,554134,631478,814391,935301,4953048,11301071
373738,458564,549029,570327,596567,748770,874882,5399599,6769482
378309,530872,576925,561424,646890,731204,890846,4713829,10071825
389093,508251,545556,579890,668014,728887,876226,5765046,5003800
377772,543822,552261,568969,633576,800184,843768,6037179,9849949
389289,540438,568390,567228,605036,730598,885234,5073952,5014480
376897,538204,547030,561520,654569,751074,895246,5283895,10252289
392818,476027,558705,559150,603281,762027,867589,5513288,6326303
376501,464944,555198,559513,620011,666541,895449,4616387,9660529
389342,463530,569199,555002,649471,696016,922884,4400860,5888249
379844,465331,553954,548795,600233,761488,929767,4551248,10315600
381250,436028,565728,550508,641155,737046,971043,4319554,8419998
397673,470535,571005,549585,667097,714505,921041,4180248,4961298
383265,472304,539019,563440,601272,727401,922300,4389446,4812243
383176,473492,584971,561761,603630,684185,908300,4034312,9361838
380622,458352,551456,560856,650349,767756,932437,4115971,5883808
378164,458595,549290,563359,636934,708350,944889,4345692,6978459
379952,470878,557097,545068,621895,734768,966266,6081390,12135994
436582,480115,574440,560065,606311,706023,981364,5929713,7825445
437124,453728,549516,561444,616509,746299,951565,4653887,10739123
403213,468740,562298,544386,638830,716890,1021253,5264818,7843411
411595,464149,565813,560332,645281,730061,1013696,4251853,12140196
438144,477179,545497,575380,610579,701976,964702,4398652,8155466
438468,459944,546000,534373,616053,751857,1022894,4541801,11256583
390361,467968,542603,548003,625553,702571,930209,4464556,6585494
388309,476492,550910,567601,631225,749856,934226,4400523,10172870
377244,476712,585210,546949,620131,697698,993423,4514671,6220259
382122,458517,544504,559501,631118,734592,1009501,4169810,9956872
377240,476599,540913,552921,632884,708342,945663,4424000,5959382
388137,467214,564943,556702,622901,771410,1007428,4639210,6247219
382355,470774,544036,575951,626773,683270,958566,4411341,9538791
396021,460930,548838,567274,614451,781076,960008,4124147,5432647
379920,459047,554842,550981,636732,706754,995911,4443330,8929570
388776,464645,539588,565607,632409,735576,1500293,4006855,4837829
380344,469755,554197,578547,624181,695978,2198150,4194013,8984405
390444,471456,559434,563351,626780,735849,1449856,5049391,5658463
386605,479586,553443,562286,639131,694163,1004106,4650463,4398053
391621,472100,555355,577259,634186,778181,972199,4435938,5571423
386476,465176,565826,567316,644442,702762,973656,4582240,8678531
380387,456939,542154,556069,627711,704304,1017486,4143222,6214035
391021,466592,567573,581227,613150,721800,944283,4268597,9232474
381697,468872,557632,560356,625956,713885,1005744,4482839,5691222
383913,473480,544847,563566,622369,687207,990590,4031108,8825123
387287,465163,545198,579898,637924,760530,976014,4129260,5650668
380276,461364,571720,572223,626216,702259,997414,4530678,4453682
393848,474479,568997,563579,643587,695337,1560553,4059220,4956723
377996,460965,553080,564754,620956,734204,2283116,4262263,9297054
385980,467366,570163,567872,649343,711814,1614089,4414726,4595682
381347,467830,532630,552565,636008,700150,1604550,4165870,8934340
383635,469553,570308,580387,624713,708001,2339471,4241942,5795287
385042,466591,586764,546870,614043,688121,1479417,4379761,8952494
380757,460219,544438,567767,644603,726845,1026429,4938827,6203602
389876,468259,557875,576843,626682,699368,970018,5193631,9886069
378933,459154,576539,549139,633637,681979,1015740,4769068,6278635
388970,464426,551293,552440,653378,723385,1006245,5047833,9382669
382353,464944,542663,572520,639816,720289,1002948,4460216,6050270
378118,473704,563272,560021,634598,683936,1065963,4380628,4727429
376173,448503,549775,572007,651485,689791,1508186,4413191,5258020
379768,458109,560617,547739,622857,711542,2078082,4420820,4935084
385695,454548,560337,558603,617637,724159,1491797,4346317,7841440
377938,454304,538959,570527,638095,699944,1114822,4671120,6791565
395669,467586,544195,547644,597614,707173,1056874,4525125,6754946
379510,454259,553115,564686,620152,727613,1022650,4282225,6405238
377215,455075,546798,557178,653448,685998,988266,11538754,7050751
381179,469264,549716,556850,616182,679659,965706,4304926,11996729
379337,468832,572118,565868,634507,689607,1051081,4222471,7785288
386305,462637,540115,555013,629576,696678,999340,4431251,11326185
378510,465033,559558,558360,626504,718360,976819,4261656,6751761
392279,467351,570929,555787,635917,694576,1030666,4215634,5365005
375007,456546,552137,542895,614357,699475,1034939,5037631,6570607
385968,453951,541933,561411,618047,716910,919596,4349946,10544958
378770,464802,542306,560442,644763,696716,1447531,4319527,5246367
378391,468482,552262,541109,634254,702838,1061508,4413378,9802765
383913,461820,542307,567091,613770,724292,995539,4298604,7914560
377090,461691,561452,558402,629422,734842,1032034,4433147,5928187
389900,467115,549573,549078,649232,694163,1691793,4424538,6201748
379203,470389,562203,564354,623627,734489,2430085,4286251,9320148
386394,461832,553231,546749,634127,710462,1500906,4356986,5973048
375905,466850,538307,558225,650974,692188,1055823,4407040,9592504
381461,462544,551605,580204,631196,712258,1010278,4333186,7104495
377641,473644,566609,546439,638885,716759,1046427,4157879,11585731
378491,457250,549165,561856,616778,684170,1027023,4304358,6366933
383007,464230,564188,564310,599290,721195,990609,4281681,9667545
375402,468720,560551,552839,619452,702244,1096615,4261553,6127432
389943,465328,539194,577770,647430,677611,994728,4381644,8980873
381389,460062,547062,573126,633592,720673,1012646,4812921,5838046
391409,446583,566536,556831,629796,689614,1050320,5190202,4576662
373400,470915,542284,564467,637572,708019,1050202,2722626,4558362
383249,461356,568190,554811,585947,740875,1022767,2774495,9201122
384740,461339,566139,554142,623385,688805,1079714,1917350,5990875
384038,469492,565250,569558,626214,703413,1042295,2826992,8994104
395342,460690,549188,557863,583423,707556,1026327,1897652,5776055
377341,461738,574189,554237,632177,724613,1084489,2782626,8861564
383312,454041,545432,567384,640860,685997,1080433,1864384,5649002
376673,471041,584057,549082,605389,705852,1076346,2830704,6516316
381312,464684,578416,554238,608824,727169,1150816,2041195,6004460
377810,463562,542120,562459,648964,696490,1011529,2711834,6152627
379695,464445,566705,561351,630986,704004,1077156,2086547,9621797
392942,503541,573206,559862,642115,740138,1147283,2700336,5843068
374051,515924,580260,548262,641581,681964,1638011,2048771,6441722
386025,542211,553067,613885,621280,693890,2447791,2714192,4841355
381056,536461,553931,556763,635168,678245,1369265,1959961,6264252
389603,538915,556820,551468,635730,683361,1579179,2642029,9602275
377901,483678,566671,576043,607968,682498,2294885,2551052,5791904
380135,466124,582302,550575,608481,685064,1412306,2963167,8726102
386343,463863,555321,538032,607462,691206,1582814,2058498,6328025
378852,455361,551265,559590,615596,698418,2370822,2867889,9454280
386587,435853,573667,552800,617460,720098,1402003,2163050,6033836
379357,470075,556787,556764,641497,706487,1463341,2842793,9109682
385985,461953,561300,568468,626494,689702,2371630,2087510,5788580
382076,464928,567303,548747,609102,727264,1420325,2663159,5649557
381399,458952,555704,558482,644941,706158,994963,2065735,6542435
386003,476054,577280,589513,635244,687380,939911,2710139,11260400
375777,458843,578477,565700,626123,724960,979088,2023717,6408110
391594,460032,553909,567507,641607,693415,1012976,2699924,10956310
380427,454911,574127,557486,607502,680306,948973,2056405,6421170
384784,469143,572478,544676,624170,725968,973764,2590435,9863544
378926,466780,561230,571067,629587,690500,1027510,2051870,7683116
381522,465253,563944,558249,594054,677880,1004794,2540145,10261378
380190,456704,574319,563317,614745,737693,1078703,2377385,6406429
376872,468055,565948,553109,655074,701834,1133832,2898739,4942252
386712,464204,556371,557512,622806,689053,1086688,2058682,4808415
377303,462188,571951,539681,613288,726051,1098950,2954383,4560378
389162,463668,546241,560008,640775,710155,1097606,2180358,5363309
379109,471891,563905,571546,641940,697928,1100729,2844914,9733030
392866,458337,561964,561442,630129,696198,1097289,2077518,4657847
374331,468820,558451,549071,624642,677521,1090568,2783112,9072622
380290,467953,572226,550497,635878,720012,1094532,2110480,6052823
384699,452030,585886,551478,627158,691565,1115130,2753263,8765740
380588,461798,550072,545150,653999,718215,1153121,2064725,6264194
383901,455912,544457,567058,637682,753077,1055903,2598371,9422429
373511,465029,560967,550743,631360,702426,1046786,2106827,5803976
385684,464545,568209,564481,652488,713178,991615,2538404,8892869
375454,469354,561140,570529,626609,729719,1006152,2080075,5667064
380448,464926,568826,536605,640596,713841,996453,2691805,8741323
379858,467937,554669,536661,638624,739997,962418,2050778,6089616
382233,474194,569066,559591,614145,736576,954718,2634402,9367177
383191,451907,568444,557442,617865,717856,980572,2533455,5858370
377307,464572,567617,566487,641723,750250,958676,2909930,8933020
387753,463775,572107,574879,611606,730803,981651,2076745,5686138
374701,475158,579029,530493,626420,720294,996384,2884042,8769864
385830,455547,551430,549041,611912,731530,963594,2107132,6319952
379300,460949,572264,550264,637320,719594,1002286,2844309,4665079
382324,462505,562875,547968,646159,734064,1006445,2077736,5864359
386039,459856,559085,566950,658135,723998,999252,2849490,4566370
436048,465683,557008,563111,612830,722505,972308,2096069,5651307
440665,462259,569124,540477,627187,723466,1011222,2772213,8840779
445568,466341,548601,560007,642290,741324,954970,2063844,6149417
433623,462091,561032,553814,634077,724642,1203616,2623309,9256373
443676,458769,552627,552766,608600,698501,991694,2335692,5617256
438631,468071,563820,564505,616947,729011,1716174,2780398,8870271
385750,469584,548862,557700,620370,719772,2490884,2015587,5361178
399682,465148,581022,553436,643255,711215,1362569,2703439,8746200
383011,454288,553267,561488,636194,729982,1567842,2351224,5867452
390456,464977,590952,551601,600427,719055,2382240,2944741,5072378
380358,462537,561113,556703,626570,699195,1354928,2101154,5533157
384283,460144,560002,558091,648817,733442,932182,2865169,4560615
381888,456943,587179,558386,588926,711269,910482,2095449,5820030
377925,477699,570382,566723,634316,712261,942184,2772969,3054833
391223,466928,547363,542892,650518,745899,1029878,2103757,9275219
375607,425223,557362,559252,605257,711486,1055632,2793034,6221054
388419,464039,608595,564287,634033,738093,1132201,2070426,9461839
380167,471933,543189,543437,619651,711541,1067982,2694923,5907535
387324,465278,558588,588581,607976,708513,1116259,2046635,9029669
382648,454455,581612,567125,596610,704582,1040776,2708817,5709602
381217,455627,547983,546831,635744,727370,986815,2050959,9012849
389657,470375,577081,559002,618446,739508,1003055,2941492,5025879
377006,449882,576787,547357,636480,724001,1047286,2036550,9906354
390449,463393,556700,548911,660186,744328,1042221,2907643,5935686
380541,466550,561885,560070,602399,732506,1017237,1963872,9191058
388906,464227,576130,559231,616301,729359,1012517,5469034,5614576
381890,457462,558703,575281,649627,721498,1021531,2838532,3573303
388142,464645,567341,577441,612878,735201,1014726,2787131,10072406
383704,467578,580309,555085,640680,722020,1032428,1985368,5832810
373638,467267,558374,559077,648286,731348,944289,2981763,9329035
385088,462672,545286,566908,638804,711854,1005768,1992204,5761760
377504,440914,559436,555787,633119,699860,1017083,2808885,9135735
385292,468594,537050,568070,663006,684533,1013305,2021849,6213608
380244,468466,564049,554150,617155,718008,1004217,2785627,9701778
382151,461339,574251,552572,635200,816720,1033721,2039338,5927139
378970,459977,545537,562697,642235,739609,958109,2633779,9121037
381151,462376,555979,565103,624438,794134,1013502,2005760,6430597
383230,483488,571399,556908,638068,713311,1016113,2718041,9931837
379208,467914,558311,549820,648160,763992,978666,2059234,6368377
389194,457984,558958,561249,626530,749752,1010151,2739861,4857311
377774,468125,562259,546028,646014,742394,1064000,2029355,4631775
388220,456832,566872,558075,636785,763128,1022502,2655138,9089463
376556,460953,562585,575366,617926,708342,967523,2256837,5831185
377924,458035,565477,543959,597421,724180,1019533,2950489,9055688
385510,468915,563963,545040,625341,677687,1022287,1968413,6286147
377644,467456,571791,573673,595864,728022,1037208,2766073,9589194
385957,455901,577799,555522,639635,693773,1034447,2067704,6041047
378613,462399,564306,558358,613536,749269,1774214,2776238,4544766
381369,469429,557357,563298,617509,702620,2415255,2062115,5881965
379225,456523,596264,543463,615813,674521,1538939,2780926,5573073
383928,528822,543938,546110,634965,727408,1039256,2056255,6553054
387408,534382,569166,562537,623473,724221,1051390,2746920,9983658
377509,546314,550758,550569,622913,679979,1066211,2050639,5191776
392422,548895,550538,555569,639470,691727,1577640,2739804,8907521
382590,534537,550778,552757,624418,715984,2310259,2041235,6348129
385997,473037,560524,551714,613304,735663,1424342,2740593,9926876
379345,462926,544358,560116,654810,717940,1061707,2055373,6281687
375715,468366,564318,548247,590562,709270,1033306,2706028,9508414
380227,466351,565019,551405,618436,706756,1041893,2034231,5976760
381556,473187,551769,559737,646001,732332,995462,2663429,9087525
388140,462067,575619,585289,623287,710837,1766290,2307333,5966403
376243,464463,574888,548623,641766,697256,1072399,2900606,6031504
395556,467732,557600,543149,660693,712446,1160934,2077222,9853368
377387,461017,555034,556116,628617,740548,1020480,2880243,5965460
388792,453274,575312,557056,647672,696938,1164382,2070912,9255440
381309,474542,549153,551778,634781,703336,1002137,2815386,5579101
381178,469259,563346,562984,629051,704087,1048232,2076279,8851515
388084,465056,586664,541211,640444,726515,1078272,2816339,5783897
378775,464817,548632,556706,611128,705509,1068558,2058615,9793539
388527,486472,570210,551435,611624,700901,1166097,2624580,6061366
378161,468471,561464,554302,644990,730062,1118153,2058662,9266590
393592,460801,542455,535541,656220,730800,1084441,2743155,5963364
376281,454978,571763,559221,602246,705423,1021799,2037393,10304529
382617,482249,582993,558291,645462,697764,1395113,2705611,6364558
383295,469099,547996,544896,657357,710145,1063846,2072772,10205423
385318,458125,561606,572244,628960,733693,1081822,2681080,6159263
388954,473143,551756,563497,625261,702498,1081666,2361656,4939988
381191,476190,555353,540581,624380,708600,1048988,2876774,4925849
385847,475318,582160,562454,633410,701298,1076466,2012637,4812884
380458,472806,580998,546226,629122,751078,1105967,2932161,9726081
383200,462744,537522,556378,614377,708501,2073710,2165580,6508307
380031,469445,567718,568476,605443,681275,2751135,2715459,11773978
383347,468304,563940,552314,625459,710215,1574673,2049285,7927141
398418,476020,542220,542900,669247,736811,1756576,2795556,10307272
380755,467748,550696,569781,606959,693794,2635720,2088060,6532298
384509,478983,569792,557216,634011,719189,1433872,2700383,9895886
380799,472936,552166,552739,644795,712139,1088517,2017032,5968834
385398,462374,544554,566083,632613,697762,1053495,2679384,6664583
377775,460348,584289,540728,640823,718748,1008098,2010302,5382114
380223,469015,541147,557108,638934,743494,1008496,2710151,5939837
391974,464305,544561,568377,609762,699796,7210534,2051118,4602604
377986,471190,550481,553238,625743,710941,1257776,2598399,4605982
393916,437861,539490,547314,652875,741728,3681118,2129917,4389621
380903,481851,554389,552286,602720,730401,1054926,2702407,5268270
384954,463431,563821,546761,637323,692042,1076754,2388976,10731294
380399,465749,540446,567196,662965,695907,1068616,2910029,4873208
380963,461869,567598,568896,608369,705043,1061645,2072964,9055459
392245,451711,588846,563275,608748,729899,1091822,2932543,5949995
376727,467923,530981,554632,613595,694979,1039026,2048976,6283632
388847,468139,569767,566088,619345,711678,1055098,2835863,5353262
386249,461263,564337,566845,634238,713706,1057745,2030030,10369387
389072,469690,556099,560556,630857,716234,1038998,2769583,6247817
386652,457095,568662,563080,614182,683146,1062447,2047350,9712813
383082,455579,567269,549336,996961,702958,1081708,2750659,6075799
384061,462866,552056,554602,676714,708367,1013147,2059385,9656989
390440,475537,559179,553951,633986,735812,1097077,2617149,6141179
401954,457299,561320,568666,675995,696825,1100622,2054137,6328396
379553,456537,549682,547516,673740,691833,961927,2690606,9884877
392756,470301,547739,566925,670687,742794,975299,2083837,5890433
383067,466213,567561,549505,671598,740380,993854,2661438,9145112
379648,460972,554168,553187,705761,706552,1633761,2436530,5068796
381550,440877,534700,566200,640640,693611,2451451,2826464,9337395
380657,475435,572813,543274,660280,715160,1376040,2085747,5959219
389143,472440,543696,562623,678494,713624,992862,2916185,9166572
377143,462124,556156,576983,668377,698890,976455,2155532,5845637
391503,455574,562163,542655,685873,696683,950764,2788686,5646643
379831,466993,556804,566530,687880,715885,949732,2050160,6835729
380956,471624,558145,573433,654835,755415,929753,2685669,9530205
381601,464149,576848,552551,668455,696352,999833,2002509,4685196
378174,457179,557652,570320,665034,697559,941394,2783325,11255185
396119,462853,548626,571218,668557,732416,973643,1830887,7240018
379523,458188,561738,558099,665140,756888,988632,2685407,11646277
387866,458095,558840,555806,682378,698920,942712,1842549,6596097
378985,467009,536316,563636,648234,705939,972108,2682517,9694286
388588,467782,571037,541375,645809,702390,974471,1838537,6021443
379726,456399,547026,559517,673827,729571,1530529,2706488,9532136
434763,462924,560474,569230,647781,697182,2335880,1943768,5742850
444300,473990,567373,563343,645541,670641,1554704,5229350,9541173
439196,483933,528940,557861,630818,728747,1004921,2877060,6745787
429654,451792,572437,554131,629756,742681,991043,2807844,10373530
448525,469781,592697,548975,626719,680927,1002568,1865194,6288429
440246,463344,552963,549171,649897,695009,971592,2773949,9668462
392757,473208,563577,571270,620725,713629,955096,2012401,7422646
397859,456301,569581,550463,616059,717378,1005275,2828015,10556015
383509,462848,562000,547067,637989,718568,944453,1836105,8257456
387005,466328,558855,562525,621199,691197,910408,2765711,4856349
382454,473360,564444,552284,624658,723575,982955,1800036,4699601
392477,463320,537751,550952,621064,717425,904614,2752177,4568781
381437,439558,560378,574468,638162,741453,944519,1842671,5815464
382106,475199,571105,534826,609412,683548,988799,2679421,4452671
389384,473932,550816,543949,632839,712287,934237,1824323,3730151
383122,464325,554209,576412,589521,728523,987624,2671562,9874830
388788,460038,565560,543307,600330,737788,993378,1824040,5885756
377663,464406,563651,570835,645235,696642,907999,2553165,10607876
392804,477956,548002,564365,619532,726535,964886,2221982,6265037
381324,461202,561585,549851,618467,714008,995089,2993896,9730694
382216,509809,562124,548295,623871,1167342,1698329,1814618,5053186
389096,532021,548073,571206,633953,803662,2294418,2892650,9322454
383126,553151,553551,537578,632404,773058,1403546,1906611,6282658
393006,531802,570223,569376,607139,775178,932015,2725806,9108270
380709,525450,556203,553476,623284,759976,988454,1838279,5800085
389604,476341,568590,552789,630218,738666,987489,2790357,8849236
382989,464275,537217,571571,657471,767811,994038,2108603,4767695
384586,463179,562037,564545,619634,777398,977728,3001210,9288419
382073,469601,557746,562642,622713,756158,992097,2103515,6256821
378823,458914,531900,561092,621362,728915,958945,2946284,8808176
392974,459003,553852,558861,631263,766497,933645,2009067,5694953
384686,474756,572044,547585,627059,745854,1369692,2902054,12091908
396294,471435,557051,554862,617172,781512,1015471,1998998,5653013
380502,461935,571344,562682,641290,765344,932783,2845185,9677806
382106,460307,577865,548970,643784,733277,930393,1972708,6158875
381294,448345,535573,552206,626258,756061,918562,2762484,6246754
382140,466608,556700,567932,614989,731759,927325,2248981,9508592
392825,465513,587334,546437,633971,732032,906645,3110949,5727836
375215,459225,541448,549051,648105,743801,874965,1969680,4518444
388817,463850,558892,578640,613715,733276,851297,3121111,9154542
381335,459554,564869,557287,605339,716769,916817,2116707,9937960
389197,465426,548096,553249,621497,730246,888486,3061380,5875226
385468,468278,555956,568247,600068,722794,871199,2043059,8888510
383704,476218,549684,547407,647035,813152,916122,2955277,5698719
390224,459072,539938,536428,648663,767271,855289,1879582,10067515
376846,465082,546069,558426,595399,793634,1005643,2754447,6035198
389638,449293,574978,559249,630340,744628,995371,1867148,9204794
376494,470282,548173,560138,655986,798446,1516880,2763273,5920582
383664,454887,569448,559197,616988,771070,2353784,1844453,8760158
388527,474664,551577,543906,641688,728859,1502482,2736782,5759086
381673,472304,551000,553965,637164,718109,984443,1853162,9876375
386762,466468,548039,573291,629886,785713,916795,2607503,6054141
383105,469139,571425,558274,662428,748024,954958,2255733,9206204
385941,462894,541582,557787,645089,738096,999451,3015636,5784344
383359,461226,556854,574608,627606,725986,954380,1881596,9507201
385049,478117,564871,549030,627589,778899,998898,2876028,6206666
373008,465425,547202,555651,641087,729546,1551917,1892314,6944960
378929,439252,565903,572494,647556,738978,2309135,2847763,11407295
380406,473137,560858,556036,628829,703717,1489028,1842230,6870941
377093,467944,552455,564506,681071,753393,936441,2766404,9661038
390283,466140,554091,561708,636660,736589,943252,1871861,6007633
380774,463367,566721,558404,620596,742077,985390,2727921,4619045
391237,478014,549521,543544,632654,717444,1002622,1861809,4873370
387783,463861,541299,566380,626195,736910,968224,2757025,9214321
390551,465467,573907,555257,621324,752948,1007612,1844140,5999572
379146,453792,551594,559922,635153,723167,983504,2686522,8830208
379093,475781,559124,565572,637071,733723,975423,1818251,5812927
396906,465926,546596,555347,602488,691958,1009202,2918847,5636329
380038,474128,547554,559587,626090,738833,971250,1794710,6828702
393325,466457,544380,572822,626641,715483,986203,2589409,10352322
381974,464773,591512,545549,626842,696214,988244,2168250,4964227
383168,463017,550986,553822,625005,750986,956199,2974785,11846414
381977,457256,551181,577236,600747,696261,953154,2066606,7135010
385692,464787,558702,545361,619740,766102,1025242,2911522,12238973
382941,480982,559384,551087,661261,696734,970171,1828131,6947328
381009,462782,569987,585196,630838,756247,1006847,2699495,12055318
390331,458838,564834,548949,643651,708742,986744,1918169,7401221
373965,463126,544900,553057,615659,707909,1503038,2928916,10555836
387497,467623,553930,560001,606055,737621,2298844,1893357,6397334
385446,460148,567027,537735,635132,683458,1421785,2719451,10353392
382809,462743,540493,562401,619886,733687,1428078,1862976,5188600
385602,465738,549080,566464,632169,704623,2368203,2680551,10443594
378718,469434,571462,538808,606845,700895,1383899,1865537,6454204
393685,457990,536570,569037,656764,703356,954126,2594017,10508739
378889,470135,550952,554614,601196,701334,985114,1860723,6520061
397671,461935,577633,562595,623707,678700,1021120,2561421,11174615
378097,466679,545354,561459,626607,725522,942470,5510019,5197842
383750,469585,551855,567647,627285,691386,972127,3124604,9834966
380232,469198,551721,556661,622422,739714,992921,1876442,6118541
380618,474764,553645,570619,656976,691657,930772,2895091,4815348
387287,467777,556798,562089,640604,750738,986072,2059544,6009854
385826,465375,568327,553030,635011,713899,1041715,2715576,4830212
389606,444806,536367,548916,650325,689493,1537462,1859639,6485011
378190,470716,549277,552816,656271,699750,2282972,2835900,9916103
394676,468255,558970,549527,648440,701016,1471265,1985894,6178862
379870,461345,543616,543865,640839,685767,985572,2853294,5569740
381136,467092,554576,579705,633096,717238,971820,2305881,5206612
393429,473166,568755,564220,616356,708233,1022161,2917738,9613536
380368,469169,554756,546234,616745,746496,970929,2054376,5081120
391426,459805,541285,564231,634772,703317,991029,2773355,9386788
380717,468890,572431,552226,638159,705410,1000809,1849963,6154110
389547,464329,549088,551153,664213,704926,981909,2743860,9589440
375384,459661,561103,564618,630027,691604,1007817,1776459,6296532
386818,452189,569607,558631,613374,698374,1051433,2835076,6332060
387847,464482,551396,566492,649278,674523,1724083,2285432,4816564
378155,466594,553146,561831,611230,692301,2401645,3106019,6658590
388239,456348,567176,540440,643646,694844,1647050,2338428,10021254
374097,459586,549731,592435,624276,713384,1636607,2939034,6386947
388470,470626,563166,565564,607152,751322,2721147,2122386,9539136
381212,471777,552497,542686,636167,695345,1472033,2913801,6347091
377958,462234,543123,560974,652623,751795,1497982,2035396,9583190
377722,459956,551183,569335,606135,711629,2474730,2961519,6466023
383638,472088,569017,531755,637189,691983,1405287,2057264,9729318
389556,462143,560976,555158,660815,713982,932974,2778017,6283129
382141,468974,541608,563673,641277,691419,876038,2063576,9805014
386640,463035,570904,558893,618145,726698,896685,2711545,6180657
381675,512462,554277,561666,647600,717512,864225,2040113,10105907
389444,533952,556954,553487,636753,716458,847620,2706259,7661037
381613,536693,596972,558191,630416,699393,883127,2054007,12131758
376772,532684,552711,559474,646560,678349,851817,2661819,7953531
386550,526028,554107,563986,632485,741551,863163,2275118,6081850
383433,524451,557378,558669,622618,708515,890516,2953059,6275795
384973,512036,543634,537417,651709,694875,874740,1897283,5594634
379300,527943,561018,552558,622601,708954,851187,2908953,12245738
395067,547808,566134,559761,611695,695102,870962,1923487,7405024
376906,535443,553317,539723,627194,692425,937438,2812078,10558196
432365,535967,550382,552723,632814,714747,919607,1916002,6593249
460095,533245,561396,546860,625315,698122,969835,2782151,10144020
447736,519837,558280,554342,638514,689624,918789,1927574,7499795
436208,503528,575385,575940,611601,682196,932064,2702474,10358141
442603,525957,563764,556340,649267,700860,951009,2050098,6442666
435342,503431,556823,542476,649786,721456,1518349,2611501,9779915
392740,516021,542182,562955,638516,696535,2268784,2050762,6132365
397871,516865,571662,540606,615473,697943,1316077,2659632,10490874
384373,518228,560561,553557,666177,724826,958274,2045331,6821993
391120,520455,571233,551827,620948,705906,894221,2627967,10104930
387960,502166,560918,542761,643155,678522,1038062,2068933,6458038
402462,499740,561683,551229,637007,705619,1502143,2648855,9386345
386698,518323,554205,562136,636964,700849,2280493,2357655,6190232
379583,514407,568217,547926,630930,699801,1550379,2905199,9256116
390195,512859,569781,543232,633495,693365,970170,2023552,8219254
372598,521916,564074,564922,609958,696699,1000246,2924094,11742642
387489,504614,561152,538449,620954,710702,999158,2110632,6556706
379578,502003,554723,542522,660781,701650,923827,2802303,9934117
382967,499145,551940,562411,626603,744274,991839,2019834,6366178
377827,515554,574962,551069,630442,704007,1022040,2736601,9772194
388924,516565,574352,553028,649291,684741,959849,2131093,6248385
380344,525513,587841,565853,633373,751953,962169,2584829,9912689
382316,520224,591326,538857,624653,684905,998078,1825942,5924746
388692,515983,559003,567397,649547,702067,981953,2607558,11094471
386902,521759,571791,555867,644227,718452,1001191,1780613,8006076
385643,520295,563337,550832,638642,685102,1068337,2660052,11890414
387136,507064,552724,550738,646089,700503,1583311,1847182,7575930
389272,470732,567213,550915,618183,697448,2413296,2722242,10495396
376381,484299,582332,556638,634592,726404,1607950,2292710,6451311
384336,451868,552853,572388,657600,701146,1575984,3070580,10089060
396663,403538,574629,559795,637393,709237,2349198,1837325,7308723
375496,465618,567671,553891,640978,753178,1492418,3040278,11755958
391712,451529,549381,553832,620936,710381,1006973,1891409,5337973
382161,398956,555012,581573,627343,751957,944697,2912970,9978596
395149,441958,570376,550843,638100,746578,1036024,1865775,7892725
378087,406753,557662,550551,637821,725603,1001352,5561646,9204940
391803,451427,549174,568540,601076,735785,975230,4321131,5902451
388505,394994,581330,545555,628248,804948,1040430,5054177,4484192
379797,478675,550860,541908,658524,756382,970123,4248228,6147559
390389,455966,580011,567192,597066,740358,1024741,4328348,9547798
377440,402471,569678,542645,640386,718545,993925,1601765,4694831
390695,448275,559045,547195,654414,775168,956857,1930166,8906681
381085,410789,590119,560867,619496,709177,987547,1222786,5745009
378254,451464,572446,543200,626941,710757,1086359,2751598,8844316
392723,408252,569386,550139,649252,716982,1708629,4199542,6545825
383764,484514,571623,569814,618533,721759,2270375,4493677,9681672
386396,454067,577763,542139,626307,723587,1618174,4786159,5909767
379564,402312,561046,566315,666118,738610,1012436,5296877,9756624
390042,471266,573517,568725,644606,705418,986715,3003273,6124993
377055,469560,562197,536937,632026,714950,1018298,3004767,9341756
382007,440983,560669,561696,661962,731629,975917,2087656,5755584
393812,396251,568835,550754,634741,719894,959886,5647270,5028892
376253,475775,572791,534673,637298,735977,981319,4262845,4674645
388081,476126,551559,562272,651827,701740,946806,5061106,4728567
383801,465159,568645,566644,605264,710826,979680,4337548,9387288
384335,439297,574935,548842,633892,724295,1037327,4919171,5792072
378792,413076,561571,571244,649127,709371,989473,4231700,4511489
391964,451794,590209,544719,619392,692126,970038,4979670,3579510
377802,404451,564052,559869,649989,722050,1046685,4278063,10020441
384417,470333,577858,566404,618163,702056,1282087,2656838,5835564
396537,474466,554102,552833,610382,706357,923023,2885285,4566287
375780,439033,576875,554642,649129,694170,917000,4329535,4826715
393256,416265,537584,546537,636855,691534,875301,1894435,9741378
384157,451495,559048,555747,621120,718182,861450,2022380,6024124
380604,408175,550002,543642,637058,698145,919199,1173066,6244653
379914,467481,545076,549082,648851,694078,901773,3022982,9768800
388912,453603,579617,564458,617896,721548,885032,4795744,5655162
390298,393609,577365,555460,633664,693504,927034,4539300,4505123
381628,467264,562333,547860,662611,696179,858884,4372904,6796675
387546,456180,564622,557034,640223,698631,837725,4222552,10288401
374704,458219,573135,569818,621678,735811,889827,4634105,5871777
386374,402674,573612,558429,645985,707593,865414,2458340,8981263
380996,472512,564377,569571,645308,688946,845653,2274306,5775036
379509,451861,577687,538122,629896,698407,981923,5840760,9000812
389227,405967,556620,534202,648032,710763,943499,4546042,6323571
381061,446795,567735,565252,608461,729734,917952,5184999,9815269
386835,416328,579629,547533,655402,699716,942405,4323919,5964111
378203,479636,559731,553144,658091,696057,891390,4908529,9184113
389376,444613,568067,561993,636175,701825,934914,4148191,5698487
378564,411556,588265,533321,650702,712903,989745,4857227,3329692
380800,485675,559952,551508,658414,689731,907594,3224022,10352943
389907,449576,563829,569846,622528,709033,919192,3014287,6088872
379469,410196,579332,550396,647421,693747,953556,1907145,6326923
389811,513049,557181,545678,643090,694229,963096,3164206,9289422
380371,540866,569479,558859,622795,744698,932327,1888275,5637360
389536,524497,577506,543106,641550,719507,957416,2773050,8817717
381230,532245,567287,553412,669990,713495,1751740,1951477,6330051
385808,519863,558098,569220,634058,694268,2396937,2797601,10333541
376393,524971,574959,541685,642012,698767,1433568,1914246,7758583
378530,512362,563687,556295,622363,705851,1050391,2636810,11123895
389506,509044,561540,574507,638341,696390,1037300,1858611,6687942
378286,530679,580452,556217,637047,694174,999208,2753865,10773187
389420,516217,558304,571727,632292,705543,2859982,1866461,6307669
377517,524505,563231,558810,596695,695805,1116726,2717907,9485179
386943,533751,571832,555442,648338,691077,1131375,1869098,4446813
381545,523528,558693,560715,652146,748187,1090437,2709788,9079740
385179,535170,577889,567320,604741,715331,1126096,2070550,5707719
385605,520580,579644,553206,638719,702681,1143042,2795140,3055903
380224,532000,554504,556057,666347,751667,1087890,1859111,10131071
394621,543004,567101,578655,619269,679635,1123680,3010121,6091450
377870,537332,584093,542484,611154,702718,1161551,1937592,9123053
384022,518338,565173,550674,619487,710290,1060020,2809771,5537182
383463,540443,561136,574289,616558,724591,1105890,1887594,9914839
377522,521469,569858,559618,630490,705621,1115221,2723874,7602429
383221,538441,539515,552140,627152,715974,1047312,2269710,10075618
385502,515977,547207,559550,606714,712124,1112862,5974620,6133155
383881,537446,569886,549709,634026,712253,1083771,4828869,6191047
375858,518087,558982,554875,646126,692379,1071315,5489832,9603998
391265,513457,566338,553298,628274,728591,1074254,4899035,5735305
372522,537050,569040,541305,602382,700827,1101376,4581157,4397350
382990,527272,557766,543943,615083,708627,1078317,4441595,6634212
380034,534673,559736,556992,630982,708214,1098832,4574999,9862439
378216,505534,568985,556086,644579,678973,1154536,2823560,4744893
390691,536735,563512,567796,634196,748200,1036928,3179205,9079211
379876,522956,559834,556968,624065,731655,1122410,3304266,5771508
383415,522628,567635,539424,633389,736218,1090052,1381731,9122473
379631,530548,563132,567738,634241,719475,1067231,2104175,6213662
387771,532422,576423,566731,603610,738952,1072895,6064539,9743166
374941,525890,581859,545893,637536,746928,1110388,4620872,5918740
379265,534800,550652,559545,660348,748680,1084442,4387802,4825972
385051,459290,556219,571329,632429,703975,1066743,7223732,5695592
377211,454765,569432,567726,637229,754778,1134579,2346735,9166793
383813,477359,558694,560973,663863,692010,1061262,6126400,5940356
381455,480801,562428,562293,631330,708321,1078994,4778011,6741316
