b16,b32,b64,b128,b256,b512,b1024,b2048,b4096
292857,328733,423879,510277,550551,652823,739443,788208,1479991
101588,136133,143203,159292,185665,201728,372224,545433,1363280
83307,109891,128765,149242,165351,199626,309415,489280,1521836
86146,113873,124305,132733,135142,154839,295335,453441,778566
86606,110497,124715,126828,132486,151945,301959,548051,691176
84814,109787,149117,127913,138023,156536,246866,451182,1677574
86317,119058,124597,128067,138957,148028,286734,431190,659678
89177,111734,132653,129372,129370,144362,248911,433954,606360
85777,110065,112910,136067,122139,133457,261869,440033,590833
86882,103742,128920,119390,119174,137606,282002,414334,629140
89404,108162,119061,118393,128041,138667,275053,395169,696195
93867,105069,128324,133506,117576,129575,256455,410256,558906
80407,103346,117363,115823,116940,132432,234382,396758,566925
79330,104799,111065,114526,118206,127924,272626,350930,540400
79971,101117,110793,114221,111249,120064,280633,341800,556584
79712,115453,107379,112174,111648,117321,277353,323863,642212
79937,128908,106698,120690,111780,128394,218505,379695,1419330
80070,102723,108304,113477,108248,115684,207237,349327,585330
82818,109886,106198,108734,107759,114493,219876,368589,525726
80979,98529,107371,109722,109006,121701,217218,382121,533651
97079,113554,106042,104600,108539,125171,211097,399912,641378
75643,108127,112289,106472,103788,109373,200998,405557,1519989
76300,108304,100105,108463,102855,110898,165841,415537,645674
76426,96476,104410,103375,104317,105508,161228,409550,608381
86811,96749,100202,104483,102025,108173,166879,388107,621326
75663,95408,103524,103473,101897,112003,205493,349361,666150
78058,96410,102667,103558,100917,101961,167116,364447,984052
77771,97178,102302,104062,108191,104728,187069,364195,761296
90456,99075,103184,105606,98685,101905,157891,393382,714277
73282,95709,102785,108464,98409,105312,163058,359144,650074
77295,91439,103088,101246,98327,112640,208101,435065,680798
76478,92184,96903,100015,111966,97649,191529,381598,904644
76325,90947,96068,98216,95064,106840,209334,360467,627683
74436,89700,102631,98127,109410,98805,170823,358546,677811
76211,93916,95987,100044,94287,109281,153514,375052,697386
87397,91530,102486,98193,95104,107771,218697,389326,726340
74702,92156,98364,96503,92895,95148,156584,365726,943757
71880,102754,100957,97905,92263,99090,204264,374440,607398
72066,93295,94913,96520,91092,95008,199772,384066,686709
71964,92619,97510,95682,92294,103136,247567,357250,1498097
73117,92594,104787,93540,89041,117278,239690,358662,600287
73026,92322,93766,93071,91121,94439,203319,366533,562367
71220,87569,96380,91878,92183,99074,206790,377553,552726
70706,87840,94966,99214,90924,105215,279027,378815,607837
71565,88161,90504,94487,90598,106901,223747,349108,1475100
71399,85868,95376,91187,90695,102089,376213,361808,565011
71613,96037,96189,93141,89562,93997,170376,414842,595747
72114,86601,92253,89970,89699,95023,161920,356689,581334
73247,89059,94550,105071,90149,92494,169408,340322,618569
71310,85996,91662,96569,86167,117908,148237,337738,1297846
72071,87728,92181,88510,88050,101568,159662,361161,601535
71849,85577,90625,102278,87828,91297,151298,351066,547510
70219,87189,94232,89113,86280,97699,161343,352629,567725
72640,86769,103924,86506,86956,95335,146090,359690,606306
74325,88617,91432,94593,87871,93622,146864,370049,1391150
74131,84284,92772,88769,85880,101126,144727,356215,576375
69926,85644,92585,90826,94372,97030,148590,363000,605335
68121,82577,86187,91129,85826,93989,154531,352996,1424606
69425,83248,86721,90659,87270,86455,147360,385698,544905
83215,83263,85746,89390,83364,91466,148557,351047,577034
68662,84840,85967,91111,85232,99262,145967,370036,1434709
68075,82396,86783,88589,83529,95874,207809,352289,547979
69181,83678,97268,86379,85701,91735,142163,354325,579445
69900,81326,97360,85679,85375,96743,143860,352455,520177
67911,91775,85016,82351,95771,101709,191935,374860,599825
69069,83178,84721,81889,81853,102016,188353,388456,1357295
70723,83369,86726,84393,82779,95217,257051,456019,563404
70937,83069,88491,82863,83722,96443,189334,397173,555734
68994,81360,82865,81884,81151,94515,177704,393390,623559
70275,80554,83316,89664,81565,91114,136542,365207,1450122
68481,81436,83538,82667,80900,101968,232637,382558,521144
68456,79598,85000,80334,82000,86131,206272,377085,587556
68624,80533,87159,81720,82952,90580,155329,367727,1295687
67497,77771,86245,78730,81598,92880,251493,353052,522281
69176,92305,86104,81625,81579,101093,205227,394186,620548
65880,78193,94111,81876,91508,83257,252105,365884,564176
66567,80054,84443,78282,99125,91137,271778,405055,576017
63229,79667,81849,78130,80895,93339,277636,367032,1425584
65616,82761,80935,90837,79352,98515,275957,372599,534171
67061,81044,80762,81340,79444,91514,254329,384870,560918
65166,81027,80215,80139,80104,87924,276984,379781,551836
63303,78412,83224,78962,79015,91379,277538,364988,629267
66201,77979,80841,79323,78999,88027,226353,399447,1445313
65846,89157,81819,85045,80008,102525,305021,441644,574915
65893,75915,84300,77913,81414,100514,269762,519628,568046
64679,75166,80746,76523,77824,90617,250102,452208,540301
65678,77650,80093,77815,90045,102774,217045,424585,565876
64656,87384,96038,77025,76025,93134,307845,424720,4896286
66809,76326,82720,77042,79563,89815,268720,421965,593376
64223,76255,81542,77260,77090,94210,281543,416411,576780
65371,78184,81985,76275,77081,101297,307099,383946,590637
66523,86360,77484,76363,75907,113860,287209,369368,547259
65199,76129,78218,76872,76477,91222,284884,416864,655572
62176,75471,76616,75262,76546,93928,276809,398235,605571
61508,76683,78266,74702,76294,100883,241868,383105,579588
72180,77527,78899,74778,76857,92471,283322,374123,569642
62401,77916,81575,74876,75323,91164,272837,358096,558747
64322,73452,80725,76425,83993,102128,284061,366685,569838
63765,75602,81430,75155,75912,103563,244622,363440,643557
62570,73592,78930,76654,76383,96898,271606,347618,1018139
64232,73149,75002,75938,76521,96835,244706,370009,580258
62551,73438,75252,74763,83246,100315,229464,339521,611325
71338,83100,86012,74115,75302,93678,262611,412457,595625
62733,72369,74649,85871,74851,97733,238909,333406,609731
63266,73460,75314,75440,76070,96101,291159,361738,653123
63612,73658,74017,74352,74363,87842,286446,351111,600520
63441,72899,85065,76162,84525,92095,298271,342692,570909
63638,73837,74162,73015,75654,89734,280332,325604,600844
63310,74069,78889,75727,71697,90301,276253,381093,589765
68754,74930,76747,72840,72506,106352,285364,358018,584272
62534,73141,75847,75717,74777,89852,285331,357810,580329
60073,74153,77499,75134,74871,90330,263040,354447,578013
61613,71219,85996,73886,74423,91624,297028,358052,552339
61288,69719,72998,74470,79542,96706,243664,356082,562355
60642,85077,72523,82495,73459,97830,288905,376738,590196
59568,70412,72429,79210,80079,104858,296748,373316,567249
59643,84995,76336,72317,73961,90104,282217,380845,672471
60165,70927,75871,74472,74099,98719,238113,395896,609012
67175,72162,72223,80889,74795,87759,282291,392588,568091
60913,68785,71624,69681,73546,91282,230720,382824,549105
59366,72267,72640,71441,73837,89476,272485,346622,584808
61405,71752,74774,70495,74302,92747,225240,584189,585905
61239,71338,75215,72620,75738,100594,384614,316411,624708
59465,70082,75091,71822,73051,92346,166424,347781,561055
60038,72701,82940,69762,73394,90515,158902,350846,560037
61678,71058,70885,71541,74608,91329,154502,400097,548280
61148,70793,73839,71247,73327,91401,161404,345940,569793
60621,69918,70894,79108,75966,90793,153281,349738,577612
62506,69411,72760,69846,74571,90163,145708,361961,668405
67220,89927,72079,68565,72822,91656,163891,377362,1492827
59366,69797,72719,70891,86941,91220,149033,374343,611282
61522,75762,72659,68385,73483,104989,141786,368214,637591
58406,79661,72607,70513,72852,101585,138770,373154,903637
57667,67602,72113,71338,74346,93637,135515,361701,585052
58017,69387,73658,70877,73485,99150,150642,352826,632552
59039,78339,72101,72961,83634,89939,156260,360988,566955
58862,68999,72226,69167,73629,100905,135570,341520,604623
57861,69578,71131,69187,72523,95199,154399,390765,568129
58974,77171,70941,75370,71217,91574,165001,342229,634773
60227,67734,71712,67674,72650,101093,152436,331681,914256
58316,68231,70905,68574,82194,89612,168043,340492,615507
58599,76647,70932,69736,73739,93543,181363,414829,582036
57169,70479,71070,68767,73352,101167,149571,393499,557086
60150,70622,69009,80832,74093,112307,231540,348481,572085
58593,78543,68834,75703,73110,90524,253126,379103,614978
57625,66452,72354,72451,72116,92281,202419,342138,527796
57382,68810,71518,66786,82619,90741,164114,355756,636423
58362,65640,70655,67913,73472,101348,244103,361514,592180
65298,68353,73065,71226,71226,104934,168971,355875,611287
56879,67134,68780,68199,73511,91160,172078,362050,556889
59379,66741,67027,68297,74271,89482,219424,367362,539927
58338,67568,67639,68262,73701,94459,164473,368757,580938
59240,65549,67498,69227,72637,97215,168013,340615,554989
57237,67490,66788,68624,72307,87726,191252,353053,603305
56646,65858,67767,68146,74278,104645,223313,367899,945801
56828,67352,69009,71402,73997,88018,267191,383926,614996
57010,67065,70030,68634,74592,90658,254255,366690,572003
54667,65072,70615,68505,73968,100425,294587,422884,625140
56838,72737,68612,67811,77822,91042,234154,367328,615569
56435,68371,68360,67415,85462,90325,279734,375250,661907
57611,67188,77581,68241,83002,95479,232072,327037,562517
58282,65257,66710,67852,73319,87352,243320,388674,589480
57002,65353,68063,68530,72435,92823,256232,362698,558670
56620,65003,67999,82066,82455,101429,276723,358205,538546
58024,64412,64735,87182,83555,103931,275477,361817,653089
57967,65857,66226,66552,73226,88754,260542,354612,591912
56446,64519,70347,65653,75406,93357,300724,378722,552704
58320,63863,65699,67203,73491,87806,263587,343793,593471
57680,66006,67633,66955,73512,93864,280293,359486,560869
56654,70288,67019,65775,85704,92252,251581,374700,532181
54952,64415,65835,65763,71582,91289,240541,350634,622482
56404,65152,69107,64084,72922,87972,279913,361407,1478437
58695,64101,69864,66889,72464,94112,285404,350187,563427
58988,64558,68892,73516,73587,89254,291003,354712,549638
55353,65156,69435,66636,75703,93488,280937,416985,543285
54554,63929,68149,74735,75896,88873,258159,334801,572047
56700,64850,68282,65702,74022,90993,249498,333012,634242
55875,65583,65254,67176,79226,87011,246986,343440,560902
53850,64708,68060,65904,72742,90587,279948,411868,560729
54219,66161,67076,65786,84857,88654,256179,375447,573871
57881,62590,66218,65483,73816,102420,253373,363305,583749
54351,64281,65380,64023,72825,87980,295291,347701,531500
54580,75588,68413,66831,74506,102861,307408,361280,612119
55960,62598,65391,64268,83353,97375,271353,404857,573048
55034,63421,67099,64212,83165,93446,251288,435330,555571
54589,61975,73605,67655,75963,93462,279375,355407,557778
54709,63412,66341,68154,73207,90779,274804,351653,556859
54449,65696,66763,66122,80077,99060,243822,392886,528726
54411,62566,64962,68976,74994,103040,290287,354988,611226
54811,63002,64068,66269,74904,93077,293336,368624,573899
53837,63085,66000,62621,84232,90791,284051,368257,579132
54371,64694,67669,64629,75538,98487,281613,363276,528540
54917,63799,66744,64304,73417,90156,283905,387962,573086
54131,63408,63716,66093,73845,92593,296459,418481,588503
55581,62949,76469,63687,74257,89673,284344,322124,616118
57366,62890,65588,65620,84292,90598,282352,328901,575975
56120,63508,64139,72276,79555,89788,289930,308694,542777
51996,64083,66844,61659,75032,96147,286265,360055,558789
53791,60698,65803,65192,71912,103303,254895,372507,549666
53009,61923,65279,64349,73616,92664,324508,357046,548860
51447,61720,65468,66258,74421,106789,173377,354511,647291
55500,62353,64843,66122,72693,94130,161893,382433,595931
59991,61831,65120,65008,73948,90517,156298,367003,576903
52679,62597,66785,65961,82905,91821,148347,362091,598551
52818,63332,63067,65019,74630,108642,151585,374363,560775
54733,59665,62533,64654,79591,94874,150184,346128,572799
53893,61657,65347,65384,74199,88356,159448,387739,629954
52710,67419,64004,65919,72487,93759,149063,367301,596425
52363,62055,62214,67375,74867,88150,147486,355514,554540
52187,60466,63434,66471,85467,101628,152480,354619,539942
53035,62609,64945,64734,73220,90466,154918,329253,586574
54524,63062,62536,64593,72920,90918,148240,399335,578599
53386,61082,63869,67777,73586,98844,303674,423652,642697
53809,61167,61710,65080,72247,99160,289156,319085,597433
52873,60769,62001,66020,79164,103112,219820,304539,536551
52361,66003,61546,64509,85581,101699,279378,308539,529859
51865,60512,65346,66034,74472,92694,262711,376253,539455
52489,59573,62597,62964,73818,96610,294695,354074,560162
55352,59434,63562,66408,74114,104817,248834,362726,628425
54899,59652,65889,63907,72377,103767,253802,360045,550074
54158,61029,61755,64092,74900,93262,259040,367722,581886
60714,60275,64146,64202,73733,108107,294988,356748,561737
54391,59614,70842,65592,73374,102646,261878,354222,546589
51099,59417,68299,63543,74108,90140,290661,356816,586725
51797,57910,63177,65406,73848,95897,186251,371209,580023
51256,60130,62161,65215,73693,90890,247503,364591,624465
51703,67868,62211,64427,84757,94768,270547,367822,594586
51697,59885,61527,66811,81299,90344,252529,371447,538155
51819,60007,62840,65693,73646,92714,265748,452236,528032
49792,60501,62086,62660,74814,102472,259620,312653,572830
51495,60580,60757,67395,74676,87099,235361,340132,560629
53155,64230,60157,65637,81152,93553,279083,337314,660141
49936,63027,65331,66305,73866,90140,286568,348983,598235
50406,61665,61309,67778,74955,91620,256943,361474,597759
59962,59477,62024,64270,74802,98211,305772,380647,1466020
49690,58957,59079,64285,73335,91698,257300,341567,573526
49101,58727,61049,64015,74159,92638,281970,377954,676799
52398,58063,69418,62590,74745,93974,287527,366325,1503098
51067,58066,62168,70587,75386,101569,267492,372017,543753
51418,59115,61864,72094,74812,93346,262710,358249,536280
52531,58207,61239,70872,75118,92423,298154,364267,1413198
51377,57738,60549,67268,75986,92099,302582,382062,555566
50837,66069,67437,66050,75497,90583,282449,358327,622256
50580,62539,68579,68724,75733,92159,293590,374336,954649
49799,58477,61850,71885,74301,91451,269404,373200,589490
57703,60148,60228,63493,73740,89841,270994,349578,576158
50195,58511,59989,63309,75148,91375,308779,400939,589611
49996,59560,60746,62616,75849,102122,297622,363921,592198
48706,58468,67233,62068,73268,107713,303188,464857,1485087
50303,67984,60229,63957,74030,94937,304426,371418,573421
50896,59008,61914,64056,74050,93946,307135,357614,637703
50526,65193,60974,63398,74141,90640,297195,355924,922084
48862,58095,59194,62571,86194,104225,293750,427564,567940
49382,56499,57594,64201,73132,104193,306445,360517,644943
56021,60020,71303,64588,74370,88769,313181,368485,1530099
51128,57452,70903,62853,85287,96151,323706,348304,567566
49653,58246,77740,64157,74617,89636,310672,361503,660208
49682,56568,62441,64386,82882,91776,275609,374061,947680
49669,65670,60131,64396,74687,91207,317532,368585,564383
49703,57378,68086,62538,73936,91974,331753,373821,580490
49971,57213,59342,64741,74852,99608,310441,396922,1450248
50218,57431,66382,61926,74707,99378,324069,364454,590706
49800,55542,74925,62591,75812,100886,284844,369036,620507
50061,56061,62050,61127,73155,94054,311008,374542,956078
51037,69588,61105,64430,73298,99914,326264,371773,553513
49086,56863,63406,62809,91953,95064,288184,447137,606588
49329,57212,59706,65069,74816,90390,294153,324733,1023728
50013,56720,60021,65040,72812,94058,290443,281279,601297
51332,67956,62455,60583,73661,96648,290452,329688,583465
48187,65912,64008,63065,73553,94117,254822,374929,574756
49223,57919,65000,60923,72084,99600,295628,365522,529356
48828,55900,61467,63146,72943,92043,281395,377580,569842
56412,56182,68562,65508,73429,95250,261401,387468,585875
49227,56816,60688,64119,73133,87043,312773,377595,564479
48744,57996,61654,63860,72269,94206,337953,407674,594974
56670,56866,58014,62601,72433,91820,243124,369918,588055
48048,55084,59734,65415,72053,93481,346137,372280,614766
47788,56696,61505,64167,73570,87822,175905,388421,546675
49258,56701,62938,63737,79473,92784,152551,391733,645556
51060,56627,62150,64327,73038,90332,149919,403829,580769
49288,63012,60693,65690,73403,110133,152601,377263,614490
46905,55021,57909,66861,71824,106768,148984,397911,900802
49035,62948,60199,63624,72888,103577,156543,454413,614798
50477,55543,58904,64449,73139,92552,163637,456589,635768
47911,55755,61570,64852,72363,93830,148108,432127,1413797
51754,55141,61231,65216,73291,88740,257548,411475,605763
48969,57445,63305,64411,73540,93714,158037,418959,603925
49049,54232,59053,64570,94841,84542,206687,416164,912232
50125,56632,60289,71116,75672,103196,201417,377788,624626
49653,55147,58258,64202,73503,91919,198296,381070,587149
48102,58133,60697,65135,74074,103455,234697,371615,1562051
49054,54793,66591,64407,73630,87617,187476,385845,573118
49745,56437,60484,64812,73359,91637,199066,394518,591266
47858,62980,61287,63098,73918,97177,198953,365932,1409756
55503,56491,62056,62121,74799,90584,228968,367613,569562
48629,61266,67080,64998,83202,93654,214775,401208,576082
48659,53580,66623,66675,81003,102344,316663,365747,1424205
47033,53968,60628,63186,74822,91384,263144,396401,608152
48248,55271,62468,68479,79743,103550,219159,387081,589249
46593,56536,63753,70045,83780,91694,219015,398704,575928
46740,54004,59512,64758,89509,97325,245453,372969,574983
47359,52873,64577,65329,73345,92264,231993,377644,522549
45992,56396,65145,64958,72659,111834,248624,378219,541931
47942,55456,59753,65970,84340,94155,214983,450155,628427
48959,54290,59152,63614,82518,103373,280689,344828,558009
48156,52800,62759,70563,81744,91907,175021,365127,567337
48239,54359,61711,67208,73458,98236,252019,373870,537757
54483,54298,56772,66762,74659,93148,253047,352099,529744
47687,53332,59281,67464,85977,92314,273159,367353,651092
46523,56011,59273,64756,71892,102845,274381,373089,574924
48454,53342,58967,64557,73766,102169,248156,380366,587513
49109,55650,69151,66149,74143,96869,294008,399180,553701
49710,54224,57856,65421,71719,89657,318402,374522,521949
48088,61374,59517,64488,74136,91739,298276,376149,517405
48247,54452,58354,64764,72850,87373,284628,390768,607508
50457,53974,58724,61750,84243,94282,309688,380060,1507239
48931,54187,58011,64006,71841,88459,289416,386630,536599
47701,55335,58198,63480,83295,104120,296035,411600,546776
46338,51994,58231,63315,72584,89833,304115,368199,521942
48303,52494,65920,63199,74777,106560,338169,423839,553983
45668,53720,74437,63397,73301,85195,299082,337952,635676
46961,53047,58693,63294,73660,94784,321797,332728,564391
47182,52933,60757,61747,73464,91509,279828,340026,552682
47400,53122,67414,62829,73307,92970,279011,343486,556762
45440,54641,57575,62999,74618,86253,324238,371427,600042
46778,61591,58835,61604,84639,92149,283403,378783,539911
47480,60902,68531,63291,73529,89964,311099,379163,698729
52385,53237,65392,62611,73713,92032,269857,356595,616959
45930,62489,62620,65143,73099,88478,283205,362142,572245
46922,54232,57300,62028,74899,89396,286959,374702,557901
47435,61830,57072,64555,83593,101327,279406,367503,590499
52630,52938,58195,62806,73325,92633,267824,358934,572449
48587,54728,64589,61590,74778,88329,275074,345537,620265
47730,54309,58001,62619,73013,92861,272409,371569,1466363
48107,53797,57179,63526,73814,92542,296687,373453,570020
45851,56076,67504,72608,74242,106214,299302,382968,614720
46428,54873,58448,79475,73878,92724,324727,346755,1305394
46408,53918,58044,65048,74855,94240,292340,375369,604309
45705,53559,56046,65766,73229,86589,291528,356442,663775
46527,56748,58710,65353,75601,97820,294198,408296,1503518
48300,59857,55829,71622,75494,316208,283661,391215,611018
46360,53016,58943,66013,72811,108578,270192,350665,549285
45689,50618,60919,69217,73372,102255,305512,315856,574981
46306,51829,57724,63047,73604,102708,287748,381823,559739
46161,51361,57848,64743,73152,109337,273308,373324,576824
47420,52698,58399,63776,80039,102077,252434,373030,568806
46716,54157,62236,63854,74618,98243,276503,354602,613752
45357,51511,55714,63922,72719,100753,269320,361088,525725
55336,50760,56879,62765,73775,100279,301714,373469,587903
45164,52815,58318,65063,83553,99304,313722,372935,561157
46705,51679,56657,64207,75421,99516,269146,346921,540084
47281,55916,60947,63049,73141,97542,273443,364180,568670
45237,52060,66193,63215,74557,102751,294699,378881,599182
52614,52295,63956,63845,74530,102025,335902,377766,522461
45235,51807,55345,64131,72161,96815,177612,360092,558966
46505,50298,57220,64226,73524,96327,154528,380529,567529
46746,52415,57059,64999,72647,94802,152907,427056,575923
46932,52398,57098,62471,74600,115436,149950,294984,553354
55446,51665,56556,65498,72447,95851,149359,286497,562216
45119,59229,55632,66748,73267,95731,147498,330298,546528
43712,52628,55572,61491,71560,95195,156144,357506,542691
44627,63225,56689,65440,73761,100982,219128,357763,558115
44692,52800,59479,63135,72823,92675,146169,356093,617791
47024,58074,55698,62710,71837,93836,146843,370711,557363
44474,51583,56933,63503,73786,93109,176408,366263,570511
46191,50848,58335,64670,72997,99704,175384,357544,588185
46273,53974,57618,63061,73500,102092,200893,424063,527575
46167,51966,57688,63975,73047,92368,203777,381965,547717
45651,61620,57677,63893,76311,93946,202757,372327,552490
48565,58419,55476,62372,73071,94389,196073,385642,650304
48282,65581,58630,64819,73350,98845,224248,373821,565960
46695,52108,57068,63048,73313,92499,198294,346093,555846
46180,58312,56578,62103,70480,94202,228638,432615,562322
46826,52306,56627,68638,73300,92401,214790,350072,556513
45335,51631,60785,67015,72876,109859,285899,342127,544979
45508,49246,57147,64137,73093,94952,207551,421505,628799
43881,51325,57726,64951,73916,88438,256255,406587,1504100
45369,54044,59332,63937,72560,93555,250548,419605,538198
45258,53005,55954,63575,83908,89705,274905,356410,559603
45960,51923,56523,63884,72463,89711,250095,400073,565658
46520,52188,58422,63217,74601,97172,187217,384119,585745
45186,50544,73705,64812,73493,92779,245696,396506,1475171
45736,51453,57659,65272,72354,89765,210834,372302,597385
53298,52555,58432,62663,72703,98880,210882,374506,590609
44445,49262,56875,62205,74922,86660,234346,413617,1407770
46197,50542,57019,61863,82198,102009,253325,425437,566353
45200,54334,57526,63573,84621,89444,280561,440453,648960
44617,50889,56461,61846,92505,100351,236878,454473,1503054
42665,51768,55810,68158,72464,89624,278001,409848,558515
46561,52053,59169,63945,74255,90531,294915,412487,594921
43605,51201,59245,64507,82905,91183,249690,399147,1406768
44775,51212,57152,62078,84999,91880,276734,402037,559520
42837,57752,56707,64804,73890,88575,243921,407966,623849
44478,52838,55209,64708,83373,92668,246529,382048,1497537
45743,51874,58483,63617,71772,88510,273743,440244,540547
47508,55062,57402,63498,73007,92523,277899,440438,598988
46759,51713,55935,64773,73688,91614,244650,421830,1390448
44374,51831,58717,64280,74341,102860,255531,410289,542738
45612,51809,63880,64397,73340,86002,249701,377993,610898
44432,50870,58005,64753,72839,89121,275290,383787,1515157
46224,51689,55946,63226,75031,84812,252048,384013,561752
55401,60463,64968,64125,73158,89099,269366,352135,567458
43211,50197,61914,62695,73684,94590,240825,353905,521758
45470,50366,63461,61216,72651,90462,276244,391023,565139
46506,57247,57281,63130,73192,88082,227106,355922,608498
44701,49333,66748,64802,74622,88345,306128,384369,568752
45839,55345,60399,63254,74408,89125,273945,382118,526653
43580,51573,57559,65633,83099,97809,255487,379473,599233
43010,50079,59140,60816,74198,90070,279942,405108,1430149
44022,51924,61912,63702,73240,89086,263579,381782,538990
43842,49507,56081,94659,74351,86810,243163,448101,603928
42759,51991,56224,98479,72692,98769,256199,489750,1483583
43565,50935,57329,86390,73211,101454,264863,454197,568471
44397,49650,57069,69787,74420,100243,249048,393361,600018
48847,50302,56760,65734,80197,98868,260251,391565,1379620
43698,47867,58459,66611,71941,91763,248644,389514,566339
44508,50254,55951,66798,85257,106369,237814,435770,610387
44717,49267,59363,67967,74615,91347,220578,373448,1523411
44682,61435,70580,69936,74368,96208,279491,383728,576021
43732,51043,55711,67818,72783,88203,289042,368877,612039
43969,52939,55549,68805,73168,89427,291652,392506,1417648
44833,49770,56834,68688,72561,86800,268512,358775,551228
52953,49869,69191,75013,71991,89295,244663,465666,630497
44210,52180,66942,67353,75179,87545,317658,362467,1458485
44754,51144,57342,67512,74213,98818,285092,373672,544238
43499,50129,56362,68265,84521,90716,278544,390905,596565
41795,50097,58014,68068,75022,96831,228868,372516,1457458
45355,50342,55877,66503,72633,102026,252450,391058,560299
44221,50131,57973,69986,73402,85108,274147,374250,626474
43813,50815,70343,68536,74084,92297,277877,381598,1486792
43918,49767,59819,69327,73623,97991,341963,451024,585051
44462,49165,56525,69560,83103,90693,236588,334509,613427
42723,49177,56387,69724,71720,88895,209137,380976,1404387
44056,47973,62996,66620,72822,104098,213028,366973,542637
44223,49612,56803,67168,74884,86023,208196,363689,612759
43752,49839,67678,71165,74463,98635,198737,356736,1487458
42696,50489,56855,67268,84279,97752,148937,357454,589918
43428,48929,56862,69411,73427,91539,170222,378013,594952
42759,48765,57503,68042,74398,86200,211355,393557,1392902
42844,49207,60653,69068,74334,89394,248085,370677,526938
42655,49939,58479,68641,88434,96213,213327,388856,603015
43094,47834,56528,68161,73626,100490,214757,368441,1492863
43217,50286,57292,74405,86256,86726,216026,397281,593869
42844,48085,56150,67260,75177,102757,247679,383746,545636
44103,48866,56277,66466,72255,87017,204136,385268,580484
42679,48225,57238,66670,82993,90210,210414,377576,534424
51229,47916,62625,68794,71995,87824,205970,390022,581137
42795,48424,57722,68894,73190,90162,206792,466439,632239
41775,50011,56593,68164,73128,88172,208121,331014,1439554
42262,51510,59023,67750,94442,91374,212426,361032,588882
44396,47865,57239,68541,75771,87802,208842,388464,534635
43208,48495,56623,67834,74056,89719,233647,365845,569751
43203,50185,64592,71571,74941,90208,201497,393652,614855
43971,48568,59738,67805,73945,90425,240841,380230,1480680
43135,48367,63947,68727,72222,88115,145776,359073,567237
42604,55531,55801,68420,73441,91320,214613,382639,535798
46568,49127,57534,68434,73887,102353,190956,382804,552954
44649,49304,57169,69044,72904,90188,167824,393310,631135
43341,56979,56535,67865,73660,85850,165892,373941,1515231
44568,53715,57708,70018,72591,91654,200168,370416,557078
42419,54896,55901,67871,83716,87615,182378,410967,553588
43036,53080,56956,71292,76044,100601,233809,389992,589515
43354,55901,56980,87481,74411,87471,273282,359880,592950
43200,59693,56862,69091,74339,91400,288453,386958,1500426
43403,55439,57774,67663,74909,89790,267031,470952,570827
42222,64933,55274,67084,73773,99048,265798,446972,583384
41674,55105,63751,67919,73725,90750,256608,414526,566169
42225,54268,57845,68235,72589,87532,272225,369985,579115
42233,53195,57080,69111,73842,86937,271300,370752,1388172
46992,64440,55146,69310,74469,91067,281099,339985,569635
42659,56496,54994,65362,83605,88278,243938,320710,652669
43416,53563,57076,69423,73710,93010,319710,394687,536356
42213,55352,59297,70840,84380,90163,272250,381470,612997
41398,54447,62839,69204,72538,91374,260502,377280,1448744
44253,65138,57464,69927,80599,96005,250511,367559,566257
44338,58446,56666,75797,74690,88958,319749,356828,527306
43814,56220,55033,70588,72937,88001,272396,369870,657714
42119,53536,58648,66619,73156,105136,286677,388752,1467989
43482,54403,57336,69694,81141,86079,276841,364628,566330
42292,60445,58843,68635,76074,100762,262250,382143,531396
42684,53533,69515,68231,84003,86152,296138,381136,558167
42156,58303,61744,68293,74476,91967,318267,344064,572772
41555,54337,57339,68860,73660,88116,318484,388889,1509574
41899,53792,56124,69703,75962,91476,287476,362401,573978
42225,55275,55850,68308,72295,90942,277844,384903,597363
40802,53085,56829,75447,72909,102303,271822,451278,531610
42667,62033,58179,67040,74737,90113,311493,381413,557541
47567,54681,61994,68713,71665,100543,294832,370472,566756
42852,62949,55943,70136,71998,102574,281267,425030,649675
43183,55555,57232,69496,72078,90354,280545,416631,585801
41818,55619,63886,68459,73497,89155,290648,405880,571630
43896,57164,56541,67540,71811,90333,285962,385225,586490
41886,53200,58530,67856,72616,87780,281334,358326,557680
40997,56797,63987,68528,72405,89999,280180,364071,553629
43290,53064,59875,68730,73594,92685,287943,387626,628500
41210,65113,57811,67737,74957,89566,289116,379054,556670
43267,61120,60577,68861,73726,101275,288512,378719,531936
42263,57128,70447,69156,74046,89665,282080,393656,517641
42914,55765,57564,67724,73192,87352,288218,356437,547420
40744,58011,58231,69351,83141,98657,271944,367805,586234
42405,54734,57116,68554,73567,88925,303273,368904,648219
42354,55505,57740,66096,82234,91093,289432,397225,557002
41257,55745,57735,65409,73264,100850,292009,341695,555118
41324,53671,59264,67174,78224,100933,283908,330754,595397
40036,53974,57717,67737,73920,88390,293061,376102,571075
41107,54128,56592,67676,74529,90323,295736,430081,591573
43505,56295,58680,66447,73133,98917,287241,419314,634000
41207,52693,57378,70967,72845,89086,342699,396471,1495350
41757,54436,68181,76902,72696,110683,233481,362210,580089
41772,54259,65102,69846,71659,101667,220773,357949,550614
41991,53071,57744,67529,71787,86650,218322,360284,566073
43660,63517,58135,69295,83748,91203,218601,381283,629257
41795,53695,57494,68640,83908,88670,217700,353393,1378865
42077,66697,56570,68618,73423,100756,211687,383265,659099
41563,58913,63204,69369,74815,87329,150767,369159,557063
43408,54879,56608,69135,71880,94390,142864,371673,533089
41620,54020,56503,68170,82156,87153,211853,365307,563233
44057,55637,68083,68680,72390,100669,233654,378890,553149
43347,55687,66668,68505,73126,96029,230409,356771,576104
41783,65666,62941,70870,74289,92931,225872,405084,667464
43093,55040,56742,67993,83772,86621,212109,359896,544402
42781,56057,57376,76615,82828,92162,213026,417018,567895
53138,54738,58615,70148,83922,101236,206970,320668,538030
40492,54571,56747,70196,74977,88895,205896,357226,575034
41405,55856,57706,68524,75046,86679,144267,349235,650302
41288,54952,56159,67904,73451,91063,143966,369380,585122
40860,55618,55839,70176,72145,98898,201602,384539,558571
39960,56200,58451,68264,72833,104549,200059,361702,523090
43730,59361,60030,70035,73174,85504,239986,356746,535556
52439,53450,57462,66865,71945,90120,236276,352822,579454
40599,55758,58546,80463,74718,86822,282488,364694,667549
41181,57260,56000,69374,72638,89694,205926,356820,560369
42355,54134,56850,67636,74320,87182,206977,363981,539086
38982,55842,57296,67976,72963,91658,194930,356145,521207
41079,54666,61542,70437,73796,85921,198328,345927,589512
41898,63632,57120,67689,72295,88361,267123,383043,1333869
38575,56681,56855,69678,73763,96369,239324,361549,605833
39714,52849,56744,70389,72563,101443,271257,361582,617308
40119,54036,57203,68636,73812,100488,262352,406499,549587
41162,54153,57199,66840,74525,90229,222723,318945,565613
40961,53437,57334,68773,73574,87070,275970,319638,570782
41438,75696,62487,69185,73151,92043,344468,321434,575928
42250,58609,55217,67431,82361,87634,270631,402791,590622
40488,59562,58920,67391,84524,92344,280196,383866,571375
43004,55886,57250,67677,72908,88006,250152,359120,557096
39419,54251,56122,69066,74372,90780,248944,364066,528039
41275,54837,55677,66301,77962,89577,308518,342980,566346
40569,52785,55991,67903,73916,89607,273800,356314,541165
43982,59379,71296,69670,73860,97869,264730,362256,684466
43223,54708,55771,69560,73950,93023,271938,360599,1470378
41233,54547,58001,69304,80370,87618,236570,390583,564917
42310,53500,60615,67959,81979,91419,281246,376042,626720
58551,54615,68164,69473,74661,87448,268712,397835,1376168
41601,53405,57046,70765,74133,92755,276790,354580,577736
41861,53340,61376,67395,71837,87651,304256,377082,612768
40348,58827,55362,67224,72463,88001,289079,352892,709534
42957,53954,60666,69466,73530,98366,326107,373709,597418
41378,54403,56931,69574,73593,108268,273211,410360,549584
42956,53321,61142,68416,75784,91160,222016,408093,518568
40094,55093,61084,67371,71750,89953,220137,343554,560803
42134,65483,56274,67242,74760,93654,245823,347146,600804
42236,57420,58626,70074,73970,89691,262945,390044,541824
42607,66173,58398,66825,72652,108893,243689,401448,526178
41456,54243,57486,71566,74755,103005,268744,397628,554545
41694,54323,57145,69940,73430,98947,256810,388289,534387
40581,54443,57452,68070,74348,91594,224202,361749,540807
43146,54762,56780,68939,74807,95923,267306,361433,663989
42365,53507,57392,68800,72110,89588,275426,393741,561388
42420,54963,61344,67742,74462,88886,287335,382657,543849
41800,59122,56580,67707,82010,90132,303456,368156,584492
40180,58270,60364,78984,84388,102306,268191,379035,540336
40134,54902,57071,66544,80998,91828,263784,349259,553254
41013,58181,58007,66693,74592,85453,275070,375110,617960
43254,54913,61608,66973,74791,89929,210899,347178,1466836
42943,54361,58858,67985,72221,88074,226470,354675,533501
40609,52417,57754,67566,80497,88871,231855,364169,557978
40429,53242,60820,68912,72413,99160,291467,423261,570745
38923,66195,57357,68182,72870,103010,262498,396178,521392
42898,58603,70655,68156,74834,100997,262987,335802,580842
41988,64094,67381,67807,78028,100471,310515,364288,559446
42682,54465,58446,67518,83826,97782,276835,415003,564956
41384,58487,62300,70999,72549,91270,297724,381610,549848
41951,54792,58799,68584,75255,90198,314133,477428,568066
41172,54824,54941,68343,73477,103389,281533,409135,565302
45964,54019,61037,70267,85207,89135,341428,369904,581867
39455,54555,64020,69709,83684,110212,171450,409321,634930
41854,54407,57871,66461,71756,86343,153168,358945,543133
41815,53763,55566,78049,74917,89807,155112,357779,580134
39619,53817,70597,69031,80495,97854,148018,361459,548430
42729,53975,55361,69869,71919,90192,145895,386251,555479
42233,53539,58533,69636,74347,92297,160307,349734,538686
40342,53977,58581,66720,72094,89437,204318,355584,574315
41577,53446,57292,65846,84774,99132,210214,403746,556383
46350,53748,60643,67041,73325,90660,231520,348103,624192
39954,54751,58746,68495,75483,86041,205029,289064,1470199
41100,61744,57635,67358,73327,90202,229531,299967,553381
42114,55155,57183,68817,70857,87693,223567,319771,654246
39613,53655,56312,68378,72257,100620,230071,363945,560499
41979,65613,56294,69833,82310,87351,251152,394661,601167
41733,57562,57033,68103,73074,90600,254004,354265,575842
40554,65875,57411,74300,72250,86131,250694,363870,581887
40708,57873,63119,69587,74227,89536,256595,372414,580701
39641,59334,58598,68737,75664,87646,271355,412637,690137
42005,53329,57632,78089,74348,91039,274425,373917,560226
41210,54492,55431,69275,84093,87768,274657,385088,588567
41504,53801,65264,68467,72584,88773,331797,522274,567375
42202,56261,62819,87903,73258,86433,272640,356205,560699
41448,53068,61547,77109,87282,88588,269639,388271,587721
39816,54529,59982,68536,84828,87938,311510,373133,619383
41751,54801,60139,66331,73208,89398,285150,359029,1510923
41251,55016,62044,66503,73837,93602,274953,357543,573273
43415,55693,59132,80548,72353,91554,295910,376861,549654
42267,55843,57231,68641,72618,85837,288577,396826,533250
42267,53303,58186,68811,83105,90774,274171,338804,596839
42348,53951,61754,69961,77470,88560,279265,352079,1452505
40500,54937,58711,67683,73416,90726,303644,354003,566493
41593,54443,55862,69615,74207,88274,298719,389142,597083
39903,55550,58708,72481,72090,89747,388707,365609,573018
40442,53916,57821,68344,75291,85875,289722,370277,514984
39426,63030,67225,67262,74860,88042,265178,364416,604919
42344,54200,56366,68444,77138,85449,292313,355140,577685
40185,54239,57906,67471,72823,89028,299754,356338,1529333
40496,54397,75094,70007,78709,99434,293644,388870,533464
39236,60485,63922,67831,83964,288057,299912,359737,574952
38389,53264,57846,67395,71412,105404,300755,360570,548890
40022,65682,60644,67465,72671,103330,299746,357358,532172
40088,52698,63107,69944,75256,104208,284470,355510,616691
40243,54485,58025,71704,74762,97610,303846,383943,583687
41568,53166,57005,67376,84762,127809,280681,356016,523637
40631,53797,56893,69810,72892,99820,278361,391718,576482
39014,54538,56519,68131,73703,98326,325409,438813,585916
39361,54445,64308,67194,71916,101058,293858,429709,592743
40379,53550,60572,68379,71187,93983,295855,400841,646656
39621,55682,56603,71178,73109,94718,285833,418487,611313
40550,55806,54992,68838,71598,95674,306566,413074,559713
40111,55584,56905,71781,73315,100946,282932,405866,1507082
41602,55206,56541,69778,71894,100343,319598,387556,544366
38422,55104,56819,73163,73863,98278,299059,366950,595689
42609,58782,56623,70301,71959,92730,298931,380756,686060
37966,55120,65002,69788,71545,97547,291392,397107,621720
41317,54810,57659,69621,85492,95175,294081,368112,582612
41350,54002,58681,73715,73890,94893,292876,360442,581858
39359,53337,61865,69589,72815,98724,281558,386080,568768
40956,54835,61330,69011,81627,95392,301406,347668,556414
40533,59052,55522,68786,71143,96466,286354,364825,609790
40677,54319,61866,70423,71507,100194,294301,363920,1493238
41467,53583,56038,67770,72158,93600,287021,351393,594535
39647,54333,56977,84985,89154,104365,304000,372061,550464
40276,67101,56495,70723,73521,89685,284013,411229,544117
41017,62705,56242,70165,72161,103289,331004,351687,554451
40606,53656,54762,68651,75423,91736,301870,398435,589871
38786,54008,57223,70834,72457,97553,297048,340430,1425555
41243,61695,57571,68035,81834,100478,308962,382166,564672
40619,54587,65970,70151,74411,101561,299070,430329,571858
40205,61929,57046,68838,81790,87506,292790,377531,566807
39612,54630,59803,69631,73534,95583,281180,379782,568635
42106,105456,55803,69959,81433,105775,306811,352746,557008
40362,55587,56807,76307,72566,90755,282134,362786,667783
39973,54240,62152,69172,74152,88401,302851,356978,1547469
38937,54072,57820,70215,82541,94061,278057,377298,597581
43687,55214,57415,67793,81191,88014,318541,369979,564509
39745,53645,55601,69522,74857,96805,312745,358113,570036
39836,54085,57340,68226,81717,90570,173666,382599,557837
39692,54089,58063,69991,73893,94835,154196,369577,595634
40259,54257,57762,70230,72083,88956,148029,381089,553763
40170,53819,57696,69359,73910,88013,147645,358170,548430
38988,54769,56926,68158,86590,108780,149782,368304,554118
39278,54109,57267,70472,84372,90371,143231,401101,539911
40605,54265,55817,69388,72156,86199,144174,357542,633253
40943,54584,59186,67188,75588,91805,139465,308225,527409
40874,54026,63501,68818,79439,97606,145109,366370,568626
40880,53554,60406,66017,72967,107203,137056,386165,552998
41689,54793,58874,67202,83032,99053,139759,392816,549452
40920,53349,62524,75679,72478,88386,154334,361988,555140
39355,54734,57038,68220,74007,90426,218928,370491,657134
40095,53797,56886,70269,72130,91732,213803,375465,574641
39564,55085,57838,68917,73718,91170,236584,369691,560475
41428,52885,58201,68367,72267,89681,254660,373587,541338
38378,52539,56636,68376,70977,92657,271425,351086,601511
38309,52756,58161,69893,74825,88941,317335,425160,1366549
48838,53762,57739,70092,72317,87785,278381,360925,614715
39553,53688,56837,67713,261955,96579,283823,353907,548371
43597,52938,59426,69064,86188,86786,278815,377228,531471
41409,53308,64555,70132,85297,88223,281436,436544,575521
41315,53852,57707,69200,83053,89336,264490,408106,606614
39196,54035,59345,67184,88377,89412,268389,312771,551679
40263,63001,56535,85826,83839,98571,293800,365000,649301
41188,58729,64402,67678,82891,94206,258079,403566,583753
41516,54154,56224,68211,83163,90631,294578,355683,554477
40538,52734,58873,68887,81122,89646,288929,357481,542641
40742,54264,55719,65939,81857,89241,314532,397399,530597
40672,53543,74390,68306,87725,91897,270558,364663,572406
41307,53057,67302,67123,82477,98578,284687,367158,647292
42876,53054,57557,67588,82728,100983,308694,387532,575700
40322,64235,58233,67513,84976,99162,250571,369490,1536691
41096,57123,57670,65943,82069,91608,296887,421407,550919
40303,61863,62312,67222,81225,86169,261709,343212,564755
42527,52401,57370,68943,78728,87993,309952,362172,1437318
40383,53058,57985,68325,80357,84969,291699,385538,607919
38534,52715,56413,72507,79348,88846,236539,364958,595244
40892,53129,57605,69490,88423,87780,264322,359536,541071
47681,53165,58174,69330,78736,96688,217512,386343,578605
39878,53554,58250,68601,80357,85764,278483,386178,1420363
39145,52998,57477,67115,79071,88611,278122,411186,567972
47586,54266,66653,65662,80286,86040,252128,759175,619698
39496,52793,58283,68042,79006,91683,235243,352815,555953
40409,55738,69589,68311,79989,88249,289771,370411,556011
44963,54422,72826,66586,84316,97666,275816,332390,586107
40247,56185,60182,70480,86214,87160,257684,369499,526714
41653,54541,68776,78505,78531,102573,236218,361663,550387
46356,53397,77002,68299,78114,97138,289223,372181,623529
41934,52702,56765,69309,77450,104840,269435,374023,1595163
42481,55587,63529,66682,78095,98409,287608,442636,729158
45450,57763,61824,68150,77396,101904,330814,380453,709232
38857,52532,60294,67589,76853,98280,287766,365558,721218
40980,53097,57822,70337,86673,97690,283724,375063,734929
41081,53587,61926,70357,78486,88626,289412,363890,810857
40879,54008,57084,67965,78160,98681,372630,438152,743924
39639,54370,58061,68790,84839,86386,283095,361229,547934
40202,53212,57883,67386,77155,100785,293197,361706,594139
38252,64897,56901,67659,78301,88017,278548,416446,557259
40036,59106,57361,69380,76565,98640,313797,348287,599091
40733,53803,58706,75182,75611,86160,261905,316536,647130
39265,60606,56593,66836,75486,89139,286853,3837143,560337
38641,53310,61847,70032,75597,87195,273578,345068,580935
39636,60078,56464,68306,76572,103083,301693,359245,561897
41603,54392,58340,66667,76856,87384,290070,360561,1406750
40304,53231,65875,69049,75316,92152,298905,349473,572888
42928,55344,57389,68050,75297,98552,279760,347825,582378
40494,55727,57168,69069,75257,91615,264619,354699,662049
37521,53265,66912,68174,77065,95966,251124,353112,596327
40902,53451,56945,68706,89481,90991,259639,358926,558851
40058,53213,60980,65748,74850,89345,285454,370943,540071
39432,53728,57982,68394,85084,103109,330002,343681,566510
43131,53395,57656,69086,86219,99514,346576,358001,567434
42383,54496,60624,70047,75095,89166,325442,371899,633333
42126,55285,58046,67540,81198,88982,281390,378197,602080
41372,55748,57974,69309,74786,89751,288518,362415,541171
41857,135058,58502,66980,74754,98315,428782,462676,586812
40951,114636,56907,72215,74478,88539,300756,422634,541395
40477,115498,59259,67926,82472,84769,253491,319091,597698
41655,114132,56175,68099,73778,91374,261461,335774,589454
40151,115426,57235,68878,76106,88574,244688,337059,582814
41206,113500,58614,69628,90645,89906,259136,320330,571986
40613,115594,63569,70227,85347,98972,243913,296690,580726
40770,113793,55990,67178,80913,89297,238731,375797,1372637
41188,103872,58827,69692,73912,86892,240406,348290,618606
40052,104686,56569,68002,73533,89954,227110,346835,545616
39538,95245,62751,68911,73903,86004,290372,348694,559334
41456,92929,57136,69617,74945,88853,245874,350198,552716
39230,95270,59990,67436,75122,88975,227698,349725,508394
40375,93046,56848,68357,73620,89404,267825,365150,589462
40294,96161,58226,75373,75564,96859,231692,376336,1551035
39438,93596,60011,69010,73187,88587,243660,353537,568362
43250,96646,59267,67018,72960,96889,286101,352407,548308
43134,93272,57333,69321,73007,88917,247045,346679,576151
39373,94714,60097,68191,72044,86456,215027,358648,549650
39802,93336,62049,72248,71185,89221,270239,359234,603120
40626,89620,56262,68719,83447,97159,239458,397385,660182
42503,90101,56414,67615,73837,88544,256630,305690,568662
40826,90307,57378,69310,75132,98874,250374,289108,537830
42055,86975,62700,69498,73841,89271,222705,323655,553803
41063,91421,69105,69526,93551,99081,259883,342359,540720
40895,88746,67995,69832,74096,89273,250747,369729,506032
41582,91410,66697,67104,76857,94259,234994,357947,635462
41255,88991,57539,68525,75401,91992,236646,348288,545421
40762,89280,58921,70599,74134,89075,260734,349703,544257
41056,88218,57561,68271,75208,89556,223819,348950,562544
40121,99790,58318,69833,75456,84641,229418,351463,552954
40631,89825,57942,69598,75404,91262,267386,358280,558416
39379,85001,56837,68023,75240,87571,210759,373879,644706
39993,83764,59559,68794,73951,89126,250089,369751,543312
39532,86610,56722,75804,74126,88523,250831,349042,583221
41489,84040,55489,70730,86179,90045,232145,355151,558357
41222,87462,57640,68521,85740,93746,283315,490514,569385
40168,84043,55915,65979,75803,85826,232231,338676,558794
38365,85120,55278,67581,74936,88533,223420,338457,639847
40243,83864,57139,66012,74923,98573,258615,369298,1506135
40876,86181,71601,68325,74696,88669,248819,359378,558892
40310,84628,61450,75100,74201,88487,235166,335293,570849
40419,85952,56488,65660,75221,89196,250818,377807,596356
40786,91127,59281,68913,74034,87294,230119,374793,541856
40226,86622,57534,69394,74467,91035,253449,379482,627054
40439,80715,57762,68709,73163,88105,278665,396774,552857
42212,83258,57752,68612,74210,92489,254664,352225,564942
43214,82487,56900,64859,85707,97639,284112,364850,578197
40289,89956,57256,68382,76063,92584,277249,354533,571966
42042,83085,60273,68142,74691,86660,293839,366209,574021
40028,81496,56711,78927,85122,89748,279981,347746,619980
40427,80151,58495,68553,74702,98120,272445,364881,588956
40484,83179,58469,69413,73067,97079,279486,380817,549525
40365,89833,57343,67731,73320,86961,289389,379075,552539
41011,80686,56853,69180,72946,90258,285222,369578,541007
41141,79617,58747,68252,74194,87431,291722,364618,556179
43309,81673,60002,69736,74128,89274,268825,422756,651163
40849,79051,63181,68931,73794,96044,278712,347420,547835
42006,81703,55619,67961,74266,89949,302643,344046,577832
41731,77084,58477,66918,85082,86070,273840,324114,540383
41537,77938,57119,68509,74151,103931,271667,350164,577188
40785,75985,57796,67973,73659,86783,282990,370366,585602
40471,85906,62878,65770,73279,97820,274776,352244,618335
40884,76974,56121,68388,73470,86262,285384,348964,683764
42325,79618,55604,73857,73492,91999,262531,377759,568113
40739,78181,56716,68137,73803,86514,297481,347697,545867
43985,86417,58175,67510,74417,90479,254064,382923,569635
40811,77286,68008,68229,81109,89521,283840,375242,581555
42124,80548,67859,67612,73791,90670,288740,364518,590346
42790,77050,58050,66738,74348,87939,269545,351632,618246
40847,89842,57685,66635,73880,88112,286752,369845,1516009
40891,76869,55680,67783,85632,92355,311698,348907,552744
40602,78837,58292,67912,73709,88905,277492,375570,557781
42289,77920,57782,67264,74713,87967,270886,454277,539016
39981,76085,62544,68876,75347,90745,251790,333071,659043
40635,75146,55622,68201,85313,88914,217936,308392,592447
40565,74737,57545,68170,82190,90341,249602,321380,551470
42095,74375,59669,68806,72778,87230,342865,377449,529683
42610,84070,57816,69304,74608,90864,180740,364344,575197
39163,73101,55639,68566,85578,87862,162247,370767,581876
40391,76367,56739,69562,84154,89602,157469,352258,640156
52421,73518,57116,69511,73268,99073,149527,370953,570111
42794,75172,56432,69193,72972,101370,151077,355138,567738
40307,73582,61411,67753,83679,86800,176571,358348,532763
41652,74643,58532,69510,74400,90050,160414,363480,597872
40264,96231,63188,69040,74852,88311,152459,361151,551488
39323,74159,56645,69459,73496,89047,156507,365771,626606
40576,75212,56418,69283,84409,86260,155744,379612,712687
40953,84551,63535,68746,74130,111255,168979,350001,637803
40278,81296,57904,69237,73510,99101,140766,353212,633966
40138,72760,59213,68038,73756,90651,144144,353107,603372
38987,71710,72745,74745,73214,90168,146104,358128,592062
41248,72505,67396,66255,72672,92010,143856,404224,658840
38512,72945,57271,69795,71772,87527,137027,336027,1484201
40127,73707,62014,68639,73256,88269,140200,342196,669817
39647,71139,62645,67694,72069,88223,132595,315204,1505160
40656,73286,59135,71109,73090,88232,215766,319225,552555
39903,70643,57018,68549,73898,85191,195499,303438,619546
40596,73507,55623,69291,81488,93666,239213,289119,1563956
38661,71808,56087,70513,82560,88143,190570,297587,679997
41284,73120,55825,68331,73359,89761,211858,351427,675673
37717,71018,68265,67208,74159,86041,183831,359954,1415185
38752,82271,69288,68100,74716,88288,199871,374295,626923
40561,71327,58155,69302,73809,95873,213265,357921,582338
38186,71350,55789,65995,73948,90970,191581,354823,787194
40138,69324,57228,66669,86045,85362,235583,346038,692716
38912,69999,55283,66263,74118,90336,214427,385043,653547
40314,69946,56399,70912,74848,87598,246557,369959,596609
38063,71320,61460,67220,73912,100062,256669,376732,583995
40128,69978,62328,68812,83172,85684,207026,377770,586609
39748,70608,56642,67428,74320,87001,276513,360635,642908
40359,69133,57906,71434,74878,89157,261839,423626,721118
38398,70344,58927,68703,84788,101804,283010,320655,663733
39404,69394,58394,70208,74949,95116,242719,339732,614849
42078,69239,62259,67053,73444,89153,234464,317593,567543
41467,69707,62783,68298,72867,84249,274151,370911,588959
38711,71019,56073,67818,75822,101490,295454,347789,653675
41075,69107,58121,67796,73695,99901,292180,374053,700870
39392,70269,57643,69846,74793,88537,310345,382736,658416
38889,69157,56007,67902,75753,85786,301173,344611,595833
40543,68644,59933,66663,73943,89441,295501,343716,592866
40725,68261,56101,70164,74086,95923,291732,344819,593036
39246,69136,63573,68611,74761,88373,315026,348685,667389
39913,66813,57349,69680,75147,87358,281341,386012,714668
41498,69682,58636,68968,75199,87920,285302,361794,642606
39250,67088,57675,70403,84169,99871,333292,364504,622227
39323,67730,58240,67307,74795,90253,298275,370630,599910
39820,67925,56987,69001,74686,88091,276959,409727,558987
40337,68174,55949,68902,73389,95180,289098,341029,833620
41245,66798,57868,70950,77514,87644,274404,322758,733464
38134,66856,56416,68932,71436,90026,291536,320409,676175
50557,66569,57801,69795,73210,98141,286987,341985,630605
41973,75727,64182,68594,74292,89674,277053,327210,590123
40899,67461,59731,66243,74143,92029,308740,368170,571516
37950,68049,57264,68330,71907,88925,289490,426846,560488
38178,69207,55123,68431,73871,89505,305640,359492,654259
39623,68736,79861,68734,73100,100669,283419,349534,686571
40357,67833,69213,68206,73894,107802,277224,388901,637131
50992,66152,61047,68369,80888,99024,274289,384164,618205
41013,64575,71812,68909,74471,89859,271860,356676,604017
41054,74601,56088,67673,74531,88571,298455,387365,570871
39277,53546,56303,68901,73580,99061,280189,363891,613721
39379,53206,56089,68175,74482,97914,300185,372701,1871404
41486,73814,55470,67901,82410,89539,293969,364316,665720
41463,57481,62054,70055,74708,85717,261376,362953,652534
41447,53741,56224,69580,83059,88899,297253,368458,584101
39922,52758,57438,70939,75279,97348,322191,371549,872980
38786,63423,56013,70738,83976,96623,277037,419091,703713
38174,55353,55924,69771,74242,86662,333077,315274,655367
50246,63972,57515,69954,73003,91897,287285,351009,603768
42424,54700,57494,67063,75366,88767,283693,327249,631115
39651,55139,57245,70200,73460,89578,295214,375256,591454
41035,54879,56936,67690,81041,86710,280763,322553,673131
38554,52061,65168,70115,73097,90300,290083,317067,722023
39952,54542,59366,71715,73510,87901,356168,321206,628941
39785,56526,55602,67649,72469,89799,245895,385823,611755
39599,55930,55929,69642,75061,86340,232481,365306,627007
39675,55496,57042,70039,84287,90173,234197,375997,1396953
39308,56226,54801,69052,74657,103896,222393,356871,614646
40016,53282,64806,67449,74960,90271,292960,397716,547555
40387,68188,56249,69993,74453,87825,272030,353360,553073
40543,58375,56380,70152,74336,87896,277495,365466,612658
41011,55574,58609,67944,84454,87370,303210,377567,582462
40581,55256,56962,66757,72852,98240,248079,358757,567044
41791,56280,56746,70805,74644,92220,231434,424804,679192
39397,52758,56996,72110,83447,88961,206967,342186,697649
40402,55413,55350,71459,75124,86205,171102,322321,585059
41479,56175,68571,69215,74061,89670,231196,322479,533314
40376,55739,65976,67000,74896,90133,195797,379900,566201
40902,54859,59675,69475,74729,101507,271888,350147,574006
41445,53020,56984,66944,74142,100120,228771,353197,662243
39429,52677,56526,69055,73609,101689,227002,368547,717557
39432,55028,54529,69644,75252,89300,236930,350290,681597
41534,53981,57402,69175,73961,107948,284738,384037,623490
39968,53759,57936,68301,86752,96761,233348,436492,1501070
40065,52208,57980,68737,87291,89604,213756,359043,546379
41073,55863,58613,67849,75352,90381,242912,362237,618843
39875,54148,57594,69386,73454,91032,208838,368667,693709
38543,56007,54861,67324,77041,94626,231092,472654,664182
41899,54384,56261,66274,72007,102625,231367,351836,609417
40733,61084,57012,66365,74567,92017,194383,344459,578597
40550,53820,57706,69388,73432,88172,200337,368654,718988
40222,60158,56170,70828,75798,92483,226627,370065,847456
40269,53702,55867,74657,73659,103740,251070,475388,753246
38097,61633,73042,68961,74273,92067,266909,3417327,726353
48605,60419,64852,69037,73782,89257,267812,353542,644157
40082,55055,58997,67421,73968,101976,247136,399035,579566
41044,55160,55424,69499,74834,86265,323168,347881,576760
43406,55955,55684,68248,75107,110125,219210,339961,685978
41652,54846,55838,72418,74333,99803,269270,403397,720655
39969,54427,56405,70021,75169,90112,280607,361002,656618
47320,53179,59799,69831,76137,87459,245387,347933,1462387
39725,54644,56477,68004,75585,88686,261512,362889,613875
40033,54780,56359,67595,72365,89527,269287,373187,578253
47768,54466,54387,68351,74546,91501,311453,368003,661765
41119,57206,56171,68260,73990,90354,212020,385595,718314
44930,58478,56843,74455,75187,90762,278024,382486,648559
45335,54161,57851,67972,86282,91486,267211,360888,608124
40443,56915,62145,70154,74629,107815,284287,510358,571249
39554,53951,56578,71085,91447,100253,276238,383810,584093
38710,55444,56239,68472,75716,89997,272376,360618,805162
40172,54612,57498,67117,74378,88010,266901,370292,723550
39307,54314,58421,69247,75881,91312,256398,458866,625920
41280,53073,62297,68495,73870,91582,266391,319090,585393
39960,54724,56794,69913,75353,89459,274019,341785,590910
40300,54542,57287,67868,74768,90876,229729,328314,603059
39530,57959,58362,67729,75451,102853,297075,343377,577351
41346,56676,58152,67179,73745,87082,252702,361739,673257
41078,56603,57891,70713,76054,110767,257868,341850,705669
40336,54817,57065,70335,73186,86124,310837,353590,670450
40345,54875,59024,66884,75386,90709,242401,359380,644765
39882,55121,58427,68533,74364,88500,278274,350655,589746
38101,54648,81623,71708,74809,100981,273566,353770,672876
40657,59268,67095,69492,73461,87296,245541,295828,751987
40426,56986,60632,68488,77072,90380,250997,374841,1865220
40341,69192,68534,68967,72315,100475,263893,349985,659553
39748,70448,55779,69493,80398,88743,274894,366862,632727
39966,69485,56964,68233,71725,90493,243696,358434,632696
41033,69653,57612,67419,71126,93138,269048,403421,698152
40102,68228,56390,68348,73542,87459,267326,325823,722137
40332,68570,56761,71115,75526,91679,273022,307475,647688
39642,68744,56500,71693,73308,96663,282752,388455,612644
41408,69046,56071,68129,83552,110996,274554,326965,571959
40309,69712,64314,67532,74105,89596,276162,318962,556074
40377,67027,56153,70650,75873,89788,283527,398307,895420
40167,67262,55391,67656,73724,100472,256418,290560,828312
39645,66919,56958,67637,75153,91040,254050,341592,773217
40149,64866,59906,71356,72302,88281,272068,349788,1865937
38848,69028,65758,70582,84991,91923,260565,350886,755859
41153,66405,56367,75405,74185,98235,276873,364187,712192
41071,67378,57037,68035,74102,103551,281798,335698,810319
39872,66094,55476,70651,72991,89951,328307,373433,691181
38791,66809,56044,66923,75313,100295,158296,379004,664057
39767,54072,58618,69268,75228,87627,143241,434876,660064
40999,54662,57749,68757,73968,92165,138423,365544,714935
40084,62336,55746,70304,73225,87276,137150,376896,664513
41392,55642,61614,68036,74801,90185,146742,378523,782498
39674,53288,57314,70536,74803,89349,140423,388841,719731
38725,55169,57706,71424,74400,88822,158841,444868,612462
39341,53936,55781,75674,74280,87013,152293,478397,633126
40521,60347,55367,66988,73863,88120,135746,529030,589490
42064,55778,57539,70156,74158,89637,235026,424021,563473
39606,55351,55572,79732,73021,107717,134369,394873,621447
40821,53347,67149,68067,86668,89642,222365,386275,712705
38933,56896,57318,67663,73198,88214,219118,395369,638142
42183,54267,59621,69693,74101,98796,191727,386253,646693
38782,54137,58517,69257,91581,87863,183594,387708,618481
40280,55958,54902,68909,73938,88687,143316,395963,620518
40490,54368,56804,66458,74978,92833,147024,378843,621057
39355,68010,57053,68040,74296,86798,148850,464282,711418
40508,60846,58685,68746,73598,89314,145784,420283,630997
40861,54354,57879,70137,74246,87454,128312,359570,602641
40918,55187,56398,84826,74364,89356,275689,434520,584312
41258,55475,60001,67867,75056,109998,190771,359380,577259
42426,55785,57627,80354,84221,88108,184027,362918,613059
41098,54075,58396,69588,81722,90949,196171,521372,717402
39393,56042,56456,69913,73606,89529,311904,379187,666193
42251,55747,58047,68832,75497,96379,202441,436749,589242
40497,55486,59145,68195,74079,93205,185912,331657,584531
41005,53360,57159,68844,78291,88617,222689,366993,620897
48039,56600,66145,69058,73390,89232,219288,347276,1500983
41374,56261,57443,69705,74281,89129,235353,366748,697982
