SHIR FPGA (unbuffered) b16,SHIR FPGA (unbuffered) b32,SHIR FPGA (unbuffered) b64,SHIR FPGA (unbuffered) b128,SHIR FPGA (unbuffered) b256,SHIR FPGA (unbuffered) b512,SHIR FPGA (unbuffered) b1024,SHIR FPGA (unbuffered) b2048,SHIR FPGA (unbuffered) b4096
281396,387177,558754,906855,1728177,3355944,5961948,11886090,25441370
269569,381340,561113,906032,1726809,3175883,5910350,11474203,24502199
269635,389134,550932,906297,1705243,3180289,5949219,11448609,24556840
271056,375282,552060,902314,1705976,3170783,5927812,11534781,24420809
267966,376548,555689,901982,1699009,3185141,5969407,11452901,24388005
278372,373701,566141,912508,1704601,3168427,5980900,11446267,24227477
265384,372741,565899,900819,1699860,3186569,5977107,11703378,24697659
266970,380137,564872,910327,1706026,3183750,5987003,11407188,25448811
268578,382173,566773,901767,1706200,3199126,5971584,11431862,24458910
267790,372565,561164,901358,1704223,3192936,5969706,11415048,24472739
280442,374670,558735,918651,1702156,3188943,5926903,11443610,25258566
267464,375622,555853,902543,1702709,3169633,5965395,11448866,24394993
270584,372304,554787,901019,1702502,3170149,5915688,11466215,24685705
269420,381182,555886,901326,1700172,3184367,5976657,11438116,24415130
268736,376259,574076,909680,1706673,3169440,5978692,11500010,24383253
270079,373735,552303,906337,1702064,3169564,5972331,11451911,24278477
265398,376949,553197,900358,1694484,3182658,6839638,11451367,24391274
276378,375609,561191,896917,1702748,3184735,5742259,11452205,25666492
267054,384714,555498,898524,1702244,3179830,5697753,11471998,24539549
265855,371617,556868,903828,1704323,3166226,5714483,11462249,24486730
266237,372572,552081,900472,1703834,3170470,5718074,11453061,25330875
265960,374157,549695,901877,1704361,3168124,5705770,11451277,24339498
277158,376202,555068,901329,1700012,3174079,5713310,11648566,24575923
267845,383226,554077,910578,1717019,3191590,5722461,11443266,25863221
269281,375565,554897,909016,1714879,3169861,5730600,11572084,24505424
268866,385129,568848,912036,1699245,3173271,5957424,11475085,24428072
265013,371718,552044,908252,1698752,3177840,6023913,11454202,25422031
265968,371723,549836,903626,1704836,3172007,6162779,11460555,24455586
268094,379043,553248,902507,1705308,3176026,5910418,11445474,24331508
274519,372383,573097,902690,1704526,3175890,5985084,11445296,24572779
268310,382329,563202,901019,1702798,3174803,5963951,11457192,24573441
267033,369505,562954,903827,1699962,3171574,5974079,11469248,24522478
266311,370666,578511,902473,1697244,3193259,5972849,11469273,24478295
264098,378115,550564,897309,1696229,3166771,5985972,11489942,24307532
271207,372358,555459,904496,1701230,3173792,5986584,11481062,24357159
267877,370565,550991,899405,1721535,3174917,5932115,11455850,24618917
273453,373244,555996,906443,1706657,3168442,6004194,11474448,24517118
267465,371323,549434,898423,1701370,3181911,6066471,11449669,24386677
266058,378714,551864,895874,1703391,3178216,7465139,11473705,24333279
267481,372179,566593,902269,1704455,3163103,6032850,11451211,24241169
262214,374128,550298,900419,1694512,3191424,5965334,11426897,24308343
266811,371024,560161,903815,1703865,3185458,5953034,11426026,24631291
265193,370627,555266,899337,1697635,3164165,5960361,11639384,24489740
264883,373705,555457,918140,1694126,3183701,5927785,11633579,24303021
265061,376578,551940,907613,1696421,3178453,5962467,11524873,24457956
264392,372895,557144,901808,1701019,3179467,5926356,11479755,24471104
276405,372703,546840,909187,1706086,3180327,5931825,11463242,24373350
266035,371457,551721,904313,1718663,3174674,5967412,11438353,24555675
265189,382218,550273,904528,1695875,3164379,6003054,11503163,24581272
266281,373920,549597,907580,1718690,3168258,5993271,11477622,24424324
264421,374833,552644,905794,1695052,3176434,5942116,11444012,24382011
270302,371638,560590,897059,1699671,3175129,5938010,11435779,24475828
264441,372095,558728,901453,1704021,3184001,5988725,11435984,24511239
268252,381414,562942,904210,1702160,3189488,5962564,11454798,24659478
265385,371617,564548,895436,1707204,3168640,5993222,11438966,24402519
263375,375308,549224,900317,1699525,3197984,5958015,11471087,24346682
266805,370677,550581,904022,1698387,3202520,5931204,11479706,24299066
268997,372951,555369,907829,1708685,3167736,5949957,11473248,24250583
277095,370793,557122,902449,1715615,3173971,5967490,11449121,24269108
266234,373528,553090,905152,1708208,3176117,5922721,11654887,24574099
266125,371868,557079,897900,1695020,3210371,5950323,11450201,24495295
279975,370118,559210,897655,1696624,3187735,5940070,11407934,24463536
279978,371790,551802,907505,1717461,3168665,6041606,11408504,24362564
276062,371990,549873,907814,1701339,3162259,5995714,11443205,24478294
265192,372566,551914,907428,1706102,3191454,5946204,11451183,24374341
266669,372796,548853,905736,1705463,3173959,5990559,11469858,24766084
265786,373162,552386,900965,1698129,3165185,5959887,11456984,24491632
265955,372933,551773,905167,1704192,3163647,5909425,11455037,24390240
267544,372676,552397,897973,1703764,3176407,5897318,11654115,24367038
265607,377390,551611,902734,1706878,3168521,5969149,11467929,24628386
289897,370668,552256,910178,1703659,3172638,5894461,11448138,24575523
278095,372268,558209,904099,1697869,3169150,5931651,11470823,24868763
265988,382859,555504,898584,1699733,3168551,5886373,11445690,24373507
262349,369336,560938,915707,1700886,3170907,5901075,11453646,24409140
263595,389455,560354,898839,1702088,3187783,5888557,11439531,24320946
268386,397681,546123,899351,1696562,3167044,5922161,11634996,24387078
264136,372389,551529,911402,1704441,3171206,5928650,12517856,24385279
264611,376358,550747,905514,1704248,3180000,5851548,11476165,25378539
265015,379441,554031,905639,1704732,3167577,5940423,11683382,24610710
261948,371300,554092,905094,1705039,3171059,5938878,11446986,24421520
270279,375827,554029,904373,1694580,3187887,5882614,11518851,24393242
265374,372332,559975,898544,1713081,3189004,5952070,11476227,24321152
273149,370598,551449,903603,1702978,3182796,5919297,11518019,24250756
264551,380216,549318,901936,1696317,3195642,5984684,11500982,24365797
265526,370484,550188,903575,1697482,3176248,5898607,11488340,24759143
264165,382512,550260,903541,1718979,3171941,5930144,11469666,24474394
260921,373614,555032,909006,1694275,3202024,5934152,11503686,24361397
274167,369659,552148,899023,1703957,3166889,5938651,11475320,24372825
261574,382212,547339,913453,1702160,3173699,5950941,11506274,24273697
267689,369614,549693,900657,1700449,3175729,5947676,11483698,24574652
263650,380725,552607,903822,1712946,3157607,5952316,11502160,24501440
261125,373293,556170,909530,1703416,3192410,5958450,11508787,24499524
266209,369804,562400,899537,1712847,3209741,5940408,11467749,24389271
261005,381069,557321,900266,1710708,3166876,5742646,11523873,24376125
267835,373548,553820,904631,1696124,3184000,5725989,11550744,24334973
282540,381054,549171,900773,1696938,3170462,5694414,11461772,24571716
279184,371653,551925,904440,1699408,3178964,5692362,11465451,25453225
265894,370497,553536,899320,1726083,3170755,5694105,11619188,24416000
282189,379635,571609,904854,1699190,3177275,5694077,11489695,24394410
284771,372141,553190,907539,1698178,3177579,5705339,11515866,24257072
263315,375403,552711,899387,1697067,3166938,5689967,11636660,24406215
267706,369107,557876,900287,1704455,3178992,5744171,11709596,25626037
265061,370026,553291,905362,1695503,3200971,5693739,11646739,24380319
262601,379341,550615,901541,1710958,3174150,5829074,11586864,24487007
264716,375048,567100,899100,1714517,3185248,5897342,11581596,25340974
263689,378021,562334,900860,1698087,3181371,5767719,11602829,24401295
272079,367854,550675,907510,1695640,3186961,5764397,11545692,24635545
264166,370583,549040,913810,1697912,3209757,5821605,11553963,24675295
267778,382430,551549,902221,1700069,3168280,5918263,11484702,24424454
266031,369532,553113,905839,1705276,3173637,5926913,11473629,24419735
262327,373376,552384,907740,1703411,3176306,5941513,11502113,24336429
271059,368920,554829,906210,1700716,3172599,5912969,11542180,24347843
265094,370189,551678,903159,1702733,3175846,5934070,11454108,24358981
266043,377560,566213,899568,1707736,3171078,5919616,11636649,24635225
263922,373218,560076,902621,1714691,3195633,5948732,11550302,25513405
266732,376598,562814,910881,1710437,3200022,5941647,11497397,24704327
266307,369624,555264,901773,1711715,3189405,5918279,11510579,24474162
265438,372369,553514,908044,1710605,3174082,5926228,11465463,24276902
266920,372982,557960,912234,1698946,3173498,5899298,11478232,24262420
266852,372231,553961,898182,1698548,3179705,5876832,11465382,24660468
264588,371750,550004,906852,1700802,3190585,5943620,11451577,24509304
266588,370130,553499,899773,1708007,3177748,5907713,11495076,24440354
264695,374781,553827,895613,1694222,3199070,5923385,11570139,24496262
276549,369296,555749,901811,1700217,3169141,5957232,11476475,24388048
265469,370546,551847,904450,1707655,3166886,5973536,11610548,24551669
262953,378533,556789,895921,1696233,3179877,5956848,11529463,24601682
264201,372653,553260,896502,1697595,3185023,5970966,11503823,25479742
263617,371239,550922,899866,1713301,3174672,5950121,11525355,24468837
274400,370702,552587,912833,1713263,3184818,5994629,11507183,24442287
264377,374740,549379,899836,1713998,3170981,5923671,11492172,24265636
263466,372776,551239,896906,1701893,3165347,5970210,11505918,24272620
263076,373823,550583,903513,1697960,3173607,5964344,11535520,24682388
261633,378888,553490,900282,1718807,3185065,6008993,11541220,24512527
263907,369692,547352,894080,1702282,3172157,5980503,11760801,24249050
263039,373119,558294,908012,1701317,3173323,5980856,11546742,24298351
267231,370417,560395,898032,1704052,3172669,5866791,11497986,24278157
268340,371117,590042,917137,1696695,3183576,5949686,11502346,24284418
260166,380391,560199,898451,1726326,3169868,5940434,11517252,24529197
264428,370526,559446,1047460,1708728,3165375,5946359,11527981,24514332
264016,371909,555259,903081,1705128,3169302,5918451,11531369,24305253
265813,373716,555593,904127,1705453,3176734,5939279,11522027,24295684
264821,371726,552510,900758,1718541,3183494,5910020,11548173,24324752
284178,381089,553575,905375,1699390,3171135,5913566,11526486,24365020
280548,375547,552622,896850,1700581,3191463,5960749,11451271,24715717
264491,369555,552983,905229,1695778,3170663,5882098,11490807,24398642
267298,372238,563148,902436,1710812,3168590,5861564,11470506,24442110
261168,369917,549952,903422,1699797,3180005,5915441,11490116,24424080
265764,378936,560008,898329,1698225,3167733,5924357,11485233,25404164
263829,370125,553143,902858,1696428,3174558,5914330,11495177,24315080
268072,372777,553800,899781,1701794,3196283,5921866,11469775,24281589
264090,371968,554924,907985,1708715,3189795,5904572,11607176,24828718
264213,372811,554121,901706,1702971,3183074,5938944,11452666,24661875
270911,382935,553321,909687,1695461,3170900,5912106,11526282,24538500
265665,368938,555345,901830,1701043,3185501,5898949,11485763,24363070
289329,371367,550726,902254,1697675,3180602,5872386,11530101,24339032
279244,374130,554647,904450,1691930,3182532,5916202,11491039,24310019
269774,375043,564827,902055,1709605,3183101,5946178,11459259,24698764
263056,387719,560347,897273,1693268,3181606,5914004,11475283,25701097
262379,369195,558996,906088,1727116,3169365,5965742,11551610,24385685
265993,371273,561995,905310,1697803,3191500,5903472,11487227,24283263
261254,372867,555396,895903,1694565,3165130,5895030,11504074,24297191
261149,371679,569434,901060,1704623,3180269,5861456,11454831,24567587
265562,379482,555090,913930,1702121,3174384,5900388,11487198,24424745
265410,371048,547691,910440,1723901,3175176,5949571,11530636,24410028
271460,370200,554931,904849,1716138,3200826,5906946,11502225,24568715
266165,373942,549539,907088,1703402,3175329,5955396,11463361,25371028
265321,370552,562132,904177,1697219,3174322,5916650,11437621,24438495
264864,380468,564621,905147,1701421,3182882,5954317,11456513,24720068
266266,374933,553285,897435,1700340,3161796,5866688,11481161,25417665
271385,370753,554041,902384,1705772,3169062,5943112,11668828,24297046
263300,372275,555852,908417,1696025,3175238,5736393,11434202,24367532
264781,371469,554310,910270,1706190,3165258,5702433,11474690,24357257
263472,382374,554512,900045,1704788,3164807,5693980,11428372,24374135
264636,368896,556512,907043,1727813,3181146,5698107,11445219,24624964
267063,371972,551812,902427,1702499,3180844,5706856,11454636,24504949
264580,370983,548160,903506,1695359,3173254,5693635,11449362,24441787
266827,372114,551210,913560,1699325,3183841,5698464,11475774,24298667
266681,382249,552621,901119,1702585,3198607,5691288,11430347,24142838
264283,370779,558141,900071,1707881,3170059,5685043,11455400,24244694
267910,372310,553941,909610,1700540,3177095,5688436,11440463,24468418
267122,372887,560552,896502,1707049,3179791,5854269,11445891,24640654
272970,372654,560634,894203,1696910,3163629,5815910,11422446,24444620
266222,386460,550074,900618,1701470,3178055,5744343,11434930,24324295
272701,374346,553610,902484,1713971,3172619,5793773,11464275,24225353
264141,371867,551729,906241,1715807,3741837,5880517,11447020,24285266
263956,376185,550556,907341,1706019,3247828,5955612,11462334,24472881
272155,370043,555085,903420,1699120,3167357,5861468,11475983,24414133
262271,379591,552986,901941,1703185,3171521,5937409,11434333,24164914
265285,370607,574819,904667,1700051,3173348,5925991,11607291,24265197
264569,372033,560574,904157,1701351,3164201,5912756,11472187,24272059
262578,370541,552939,898613,1697083,3182313,5920473,11486537,24289912
264087,370149,552282,901822,1721731,3169277,5855895,11450494,24497297
264177,379925,551234,898381,1697849,3174051,5891547,11432380,24493883
266001,371195,554835,900174,1703703,3185721,5943661,11439552,24363220
264607,373416,553061,912484,1703535,3184617,5974187,11411043,24329986
266430,374475,550325,900115,1710996,3177030,5917005,11529721,24336170
261126,369789,550010,904672,1707314,3175162,5919925,11525201,24317417
260782,372181,549860,907935,1701880,3199843,5903332,11425771,24671013
289020,368126,556179,903241,1704493,3170872,5906691,11400955,24375070
280434,373682,552662,898361,1717508,3173056,5901001,11449041,24271546
267567,387153,560887,955938,1698040,3175839,5883520,11445962,24324922
264107,369600,562975,921172,1702046,3183011,5911227,11460591,24224490
265382,377405,560531,910244,1713574,3162495,5941145,11431482,24189473
266850,367697,557482,902063,1698573,3181143,5932285,11460492,24522978
262928,373045,552922,901222,1699082,3204857,5902856,11637356,24492234
263351,380775,549109,907439,1719493,3189445,5920880,11453367,24285259
265190,371905,552201,902266,1704385,3195301,5867284,11436398,24272194
263534,376787,552077,900766,1703667,3161319,5942324,11440703,24173148
265468,371629,555308,908696,1706232,3167941,5909461,11402202,24246411
264990,370362,549274,905617,1700763,3176363,5934690,11444485,24547025
274618,379904,564091,908697,1710140,3165519,5942794,11433425,24428921
266239,370607,554082,897212,1703734,3192145,5902057,11484078,24246383
272532,370477,553766,901249,1701013,3182766,5891975,11440283,24228646
280883,369115,550087,906127,1700516,3170237,5948011,11451594,24290862
279598,374040,552395,903256,1690439,3804254,5960344,11475905,24275458
266363,379868,555174,899056,1699120,3249166,5942692,11473777,24580643
262674,372245,560069,904712,1709767,3217443,5924441,11446854,25403463
262849,376037,549215,898871,1697350,3189042,5932975,11437290,24442947
265116,370203,550970,901904,1711152,3173083,5970417,11482833,24479841
264510,369912,551346,905452,1710017,3169841,5902005,11501520,24377148
265360,380871,553222,912348,1696732,3185021,5941946,11473272,24258781
263990,371628,562710,907715,1699075,3167495,5872117,11463992,24311850
271860,372497,561302,897795,1696120,3182811,5940665,11497556,24478225
263867,369777,559523,905399,1707587,3171047,5896698,11454133,25414226
272609,369810,555881,906326,1698327,3189492,5942488,11654379,24402987
267504,369691,556613,898991,1698997,3168903,5861653,11399580,24288633
262317,372421,554894,899402,1693128,3182593,5913004,11450397,24297973
271826,373969,552358,897518,1706743,3167135,5939516,11481913,24296296
265023,372282,553340,899582,1698317,3174923,5935650,11453495,24475944
265054,369379,551130,911394,1708014,3160730,6000842,11467691,24456678
265616,371561,553518,908652,1710250,3180486,5923947,11440989,24305331
265945,371740,562523,905985,1716809,3184403,6011751,11435526,24309909
264346,371553,552950,898275,1714163,3174720,5930823,11447014,24287050
261200,368760,555179,900814,1705632,3188326,5993169,11432538,24696410
266463,382089,550716,907241,1713693,3173623,5922469,11471264,24342662
267179,369601,557125,904587,1698872,3169994,5987635,11504791,24341480
266312,373019,549512,904828,1697509,3161100,5955233,11446971,24305617
265208,373049,550742,906569,1702083,3176648,5992684,11469937,24264817
264900,372778,550891,900988,1702678,3193785,5967377,11436634,24241040
275507,380806,551135,906084,1713672,3189863,5964832,11423258,24550648
265375,370929,554393,897041,1700199,3167532,5959177,11425476,24327068
271927,370818,555744,899270,1720213,3169493,5997384,11667317,24305177
265035,374006,561279,906477,1702077,3187628,5966129,11383362,24364525
265979,369269,570560,909304,1699807,4205763,5917665,11411510,24381795
271887,383436,557788,903434,1704013,3319150,5954220,11367677,25329220
265065,369492,563387,902737,1701925,3204248,5914465,11382850,24512993
264423,371170,551524,901425,1704584,3203835,5985210,11460990,24488560
263629,377439,554823,896873,1698800,3192675,5722078,11454946,24381868
282900,375885,561565,901782,1695480,3184503,5721847,11441006,24434722
280759,382724,555515,903802,1699732,3175997,5695102,11431901,24356851
268745,370371,551377,906566,1695875,3175673,5702198,11429247,24250652
273195,375841,552842,905505,1701563,3174894,5703218,11441069,24511638
263646,372143,564001,905263,1707794,3171724,5707211,11454159,24490168
273961,373755,551772,898758,1710252,3170431,5696331,11411891,24307951
262805,382397,552012,905260,1703380,3227315,5691820,11424437,24353694
260672,372421,551558,897344,1692341,3210969,5692179,11429447,24309790
271538,372651,549856,900841,1697888,3197898,5683859,11428953,24294772
266909,371225,551782,905156,1696182,3186512,5946163,11427482,24581379
265369,372049,553043,911191,1699781,3175760,5682616,11415235,24526545
263970,378945,547862,902659,1703475,3177292,5731925,11450655,24372635
264396,372485,553609,904258,1699987,3228944,5749648,11630855,24329724
267345,369077,557252,902302,1699394,3208497,5766106,11444683,24312182
265190,374329,550971,3603803,1714232,3171752,5924124,11446094,24303150
272322,372841,562618,961786,1699912,3195825,5925873,11467608,24764487
265033,378677,556764,904857,1693476,3183476,5882477,11469868,24493776
262882,372860,559377,898748,1708593,3188429,5891189,11442394,24419422
264394,376281,558279,912120,1706183,3195576,5913326,11441425,24448241
261594,370971,549403,904373,1700385,3189572,5835742,11440799,24385266
273360,387175,552147,906123,1704838,3164949,5903853,11435936,24318842
262432,399363,551988,903856,1714483,3186077,5872174,11445571,24528578
271037,371603,555674,913141,1708211,3166259,5907187,11414135,25429936
264212,370071,552965,899454,1704322,3170000,5906948,11437275,24443174
263027,371462,549796,915466,1712708,3182280,5948237,11509667,24409090
272238,371251,565340,904883,1701946,3167751,5886507,11466450,24413988
261661,379230,549220,906257,1716863,3168117,5863852,11444784,24623521
263765,372470,551616,906802,1698912,3191676,5929509,11436171,25726501
263382,370257,548953,903605,1707679,3195536,5926841,11452900,24583006
263768,372708,553725,902898,1723649,3181158,5924818,11479690,24412914
265735,373202,550128,904178,1713691,3193702,5924620,11469859,24299690
263777,387013,550188,905130,1700752,3184091,5942325,11581478,24296397
268563,369655,553383,899274,1699435,3184838,5855536,11486860,24234314
266398,374456,552849,899605,1699865,3173596,5938678,11484430,24922369
268015,374182,552514,923081,1702059,3186477,5934901,11430097,25782190
263517,381760,560409,901442,1700602,3192228,5934218,11450615,28098055
263099,383727,560468,902989,1694538,3188808,5904531,11498524,24509982
272742,373393,561359,917450,1696742,3164212,5870198,11447730,24458964
264498,374378,565109,915296,1695818,3180904,5883676,11456989,24462990
271978,374127,551339,896608,1710310,3172261,5885127,11452116,26037890
261291,370023,553171,905116,1702377,3172766,5873587,11459000,24666724
262835,381994,553955,914750,1700528,3167094,5909934,11427337,24519801
274962,372421,547934,914703,1699933,3191649,5933747,11444389,24394629
261780,369555,552972,904024,1700139,3178688,5957464,11423657,24222688
268016,374684,552176,902597,1698503,3187882,5952034,11421983,24352949
266330,370639,558881,922259,1697899,3186141,5897471,11414455,24360881
262959,379069,552625,899403,1700910,3585444,5873777,11448552,24594961
264753,369870,553336,925876,1698752,3218305,5955124,11631060,24448477
267842,372350,550657,903573,1699312,3187458,5954271,11451118,24477733
275912,371565,555136,901559,1698603,3188603,5907268,11395773,24378119
268124,371116,550136,921652,1698226,3182053,5957453,11476925,24355336
264070,381455,554899,902452,1703424,3189594,5932280,11422818,24313261
264955,371996,551768,906586,1709490,3189740,5962477,11444161,24743748
264766,370525,550068,904068,1705845,3190519,5973988,11438381,24444474
272237,372039,552327,904574,1697171,3176956,5971400,11446539,24433037
262406,372076,552412,910544,1701052,3180640,5955886,11457803,24299994
271980,378087,556803,915959,1701555,3174186,5964221,11475738,24207358
263308,371602,554953,904177,1717078,3188508,5958724,11494637,24619127
283926,373001,555894,903517,1714332,3172002,5926318,11485560,24426294
282061,373292,551354,901718,1697140,3196252,5992706,11477982,24325485
263298,366918,550261,906245,1699630,3194338,5962454,11443367,24510539
273725,377974,550194,906212,1716796,3179215,5961776,11435739,24389936
263339,370018,548287,908437,1699142,3180234,5984704,11430459,24436234
262613,370233,551673,907852,1711678,3169258,5916462,11489765,24662097
266257,370891,554981,904587,1703868,3157572,5964683,11519311,24427486
263227,371688,557717,901656,1706927,3170895,5972956,11502515,24417514
270663,377926,552081,903203,1699845,3174883,5964340,11432555,24326886
263421,371220,552087,901256,1698596,3191073,5978023,11606779,24548177
263101,374218,556896,899726,1702252,3183271,5952956,11455950,25625497
265979,371995,553744,906175,1720522,3185397,5961658,11470920,24523259
264233,370812,553375,903790,1697075,3182376,5980551,11520680,24531781
267718,381303,547729,899083,1696415,3180964,5979229,11460198,24323691
265869,371901,552952,901593,1697665,3186369,5988269,11489640,24404203
267078,373650,553435,2771449,1722115,3162416,5969673,11471853,24319521
267500,374818,548008,1849961,1708775,3170990,5905460,11501691,24477466
263999,371517,551128,1169784,1709066,3180295,6006563,11529381,24732757
266875,380370,559697,1067348,1711071,3179596,5723116,11491745,24488485
262378,369499,558484,1039718,1723762,3165095,5718914,11464471,24472349
279711,372044,561462,1090415,1699550,3170392,5696394,11458347,24417921
265728,386763,558625,982385,1699968,3164549,5696746,11445802,24275307
270719,394380,556691,1006197,1704302,3177855,5693264,11446673,24300978
264833,374646,551445,992210,1700993,3186995,5707188,11418239,24547092
263038,372116,548168,1030619,1706314,3168967,5712839,11448975,25335671
275835,389972,555216,1000308,1704894,3173829,5686411,11421475,24567854
264923,389340,552310,941925,1702471,3192625,5680821,11585410,24373478
264888,373285,554851,961973,1707916,3162541,5698264,11464187,24421730
265482,373559,558034,937730,1709278,3175980,5795536,11410558,24297888
259691,371623,551615,923739,1713217,3181795,5787979,11454731,24713588
265645,375386,556020,918465,1704811,3161560,5820892,11432820,24496128
263423,370359,554656,917809,1704652,3163674,5815908,11457549,24301391
264949,372278,551843,920927,1718319,3180775,5764821,11459517,24329924
262690,381752,554807,931179,1717181,3167639,5916031,11461719,24204214
264198,371929,549073,947400,1701663,3177769,5972778,11461556,24334605
262964,372282,548699,913861,1702206,3173874,5972338,11469968,24668834
266339,374362,551092,939586,1697292,3179353,5961577,11454450,26018304
275756,369754,557815,895691,1700262,3179347,5965074,11461623,24596033
263646,377346,550030,929050,1700323,3166622,5976898,11479663,24566835
271689,369752,554589,913344,1705909,3174247,5927083,11409922,24462858
268081,372128,559666,897780,1715624,3169708,5991041,11450858,24417324
268510,372467,554144,912362,1699085,3168041,5961032,11488162,24577412
274619,392706,552234,943948,1697675,3163326,5906284,11501358,25815724
265671,393570,554491,944033,1703751,3182147,5954077,11526987,24448437
268216,382193,557383,915891,1695007,3187211,5944588,11443935,24279216
265922,372630,554172,925392,1702805,3165557,5943591,11646402,24304299
262761,380067,553361,951375,1701140,3158255,5958940,11448176,24394507
262983,367845,555718,950001,1696531,3180735,5972408,11615535,24699430
263849,371880,554222,907304,1699768,3177957,5953463,11520394,25573223
274546,381452,558525,943766,1696794,3179582,5896423,11447370,24436169
266478,373014,552187,906513,1711798,3169257,5975757,11481398,24432433
269054,372365,551042,982815,1715350,3182051,5947429,11512129,25509123
264161,371389,549601,947204,1720571,3182817,5946650,11562974,24467807
266176,372280,556059,917901,1701779,3173327,5928106,11493309,24700160
272967,382649,550090,947315,1695431,3168339,5975459,11439813,24544958
264444,372343,551917,944372,1695270,3175850,5962889,11416623,24460458
276715,373450,552005,955763,1709788,3169604,5927985,11461468,24459331
262948,368981,555984,946515,1703592,3182562,5916577,11427296,24518747
277804,370894,550753,953662,1713974,3181831,5984203,11447495,25765271
279172,378853,558899,916755,1697094,3172276,5991442,11448351,24548344
262637,373481,560810,956902,1696497,3162135,5964420,11450270,24743140
276382,395679,557047,918482,1706699,3162757,5944907,11423584,25652129
264480,388677,561140,908735,1706531,3192702,5943138,11423297,24533370
260434,375612,554201,950181,1720150,3184290,5975283,11455380,24488899
267830,372967,552453,944287,1699495,3169416,5931528,11570813,24354807
264364,370890,549461,918711,1721386,3168179,5944876,11461326,24541831
275485,379882,553521,898552,1702273,3169931,5999706,11490750,26194292
265260,376407,552154,891614,1698526,3168293,5961688,11459882,24697259
263948,370484,555039,902346,1701989,3165212,5952918,11426841,24601357
266513,368860,555226,898125,1696644,3172801,5905098,11410889,25457327
265117,371838,553068,932356,1689260,3190420,5957741,11423101,24386156
268876,378438,553811,894483,1703868,3174390,5934332,11418653,24700826
263612,371125,555022,913635,1707945,3181570,5971032,11442682,25399833
267723,371133,550010,895448,1705885,3159390,5935181,11504625,24394877
264895,370421,554545,898464,1706239,3186577,5938232,11462913,24331860
265478,368058,553023,896484,1711538,3170549,5967156,11463240,24306714
266272,378621,555408,911656,1701662,3161788,5952247,11443974,24260320
266138,372154,553010,949904,1695306,3196297,5892156,11482527,24536964
274011,372202,548015,898792,1703245,3159063,5932394,11470508,24468363
265078,379817,552341,927527,1704524,3179925,5933601,11450277,24279052
268971,371974,565826,895268,1703748,3169510,5938677,11626226,24423560
265290,380570,556280,891438,1690750,3177898,5926041,11477840,24301148
262986,368608,560701,900869,1694156,3179091,5918562,11441899,24313778
274784,371229,557305,894700,1700879,3169661,5895324,11471944,24493359
265335,381099,554241,900153,1700728,3179308,5860303,11477508,24467079
265439,370488,554964,898463,1723349,3163130,5886961,11461913,24399053
266297,379638,554752,917206,1703775,3170802,5942541,11465914,24385129
264680,371171,551514,910153,1705451,3172590,5902998,11457012,24307448
265893,372417,553006,892915,1699633,3179500,5918942,11467624,24397254
264123,380763,551645,914770,1703344,3169780,5874483,11484141,24611994
270658,373116,555705,903836,1715824,3172268,5920138,11464866,24404165
261618,378982,549675,925049,1700919,3175759,5905559,11460228,24269168
262943,371271,552840,894080,1703760,3189246,5895988,11445953,24453406
265173,371840,551283,924993,1699834,3165563,5950926,11450987,24333731
265868,380321,559491,895117,1697838,3163504,5961527,11466902,24376215
275024,369459,553068,892794,1704070,3184979,5744855,11437001,24557104
266228,378255,552726,900951,1700054,3172591,5705623,11475283,24475320
274518,371206,553492,895424,1706117,3163621,5711079,11476233,24263966
264433,371578,549801,895120,1707357,3180860,5722991,11440887,24355606
261943,381784,553384,905766,1703338,3179879,5707038,11583547,24280003
273826,373344,552579,895008,1699994,3180500,5713187,11652771,24264918
264813,385479,561781,897114,1700813,3165308,5700178,11792174,24976414
269587,372439,560915,896008,1702581,3166688,5695118,11477354,24713358
264751,371171,554524,900338,1706604,3166218,5698075,11532173,24590432
282263,371787,553788,890940,1697027,3170632,5711509,11452676,24531995
279754,370938,556675,895853,1701168,3176068,5809074,11481881,25760184
266648,369415,553824,891917,1695461,3177250,5774303,11481616,24387347
273534,373379,549210,896493,1702859,3169502,5691700,11482997,24664436
265209,373332,550014,892063,1704032,3181087,5696061,11434135,25443577
270411,381696,554661,891590,1708932,3166322,5713240,11450121,24438553
266409,372747,552135,897512,1703733,3172766,5851899,11448998,24498293
263109,372851,552073,892041,1697112,3177569,5972084,11459911,24388079
267368,369166,547735,890681,1705502,3168027,5939749,11480165,24355208
264182,369215,553662,901351,1701988,3195804,5899023,11479425,24616585
263511,383489,548524,894977,1701148,3181764,5844468,11454013,24534059
263496,376757,551066,890975,1698880,3170196,5924523,11460357,24362131
262104,378420,555240,893392,1705798,3165824,5899389,11453826,24405247
266086,367486,553958,894089,1695528,3180721,5900847,12536442,24374651
262128,390380,550839,905209,1702592,3175556,5926988,11461447,24372305
266334,390538,551034,892423,1707759,3170734,5920509,11505958,24567216
264914,372770,554235,894391,1719263,3174114,5899775,11480849,24423322
266872,376340,561918,899714,1699606,3172235,5927884,11496803,24396117
279999,375361,561865,893687,1701045,3185245,5897013,11451383,24324537
278500,369495,559504,904334,1697119,3159793,5888589,11469995,24266546
261018,388302,551281,900528,1708353,3167763,5943449,11451489,24279644
264544,390184,554014,895472,1713284,3165996,5935765,11449085,24667767
265900,377424,556466,891297,1699265,3160277,5910772,11473847,24483213
264816,372418,556751,893389,1699713,3171967,5871755,11443477,24265773
264183,371082,552129,895099,1699464,3184584,5955407,11523854,24536002
264638,371985,553958,899336,1703417,3164635,5955878,11433813,24532326
264971,369786,550706,893144,1699698,3163335,5885587,11446334,24420236
270628,377419,559411,895433,1703740,3183114,5877269,11443789,24376749
264474,369351,549495,946842,1708880,3163581,5876230,11473587,24834067
264772,368140,568223,894103,1697178,3159947,5857826,11444907,25763848
266905,371783,551306,899817,1692143,3167456,5920175,11465274,24492705
264080,371200,552286,894535,1698498,3170591,5854648,11463817,24468492
271864,382013,555310,913177,1694766,3180071,5894808,11638888,24361229
264986,371222,552373,893137,1698092,3165396,5952830,11480692,24400468
272318,370052,551615,915785,1714205,3184828,5874346,11477210,25932581
264557,373176,553143,895570,1716732,3166589,5971884,11414700,24476136
264583,374479,553471,904540,1698277,3228454,6004531,11441184,24335084
262613,379239,552948,892728,1695430,3173550,5953052,11490237,24337958
264246,368889,563141,892457,1709822,3187696,5983336,11464974,24280876
266449,371321,564038,929740,1723438,3174564,5907381,11437436,24631485
262410,372401,567503,893362,1694868,3185706,5923028,11456609,24424859
263727,367851,554653,894308,1700239,3170747,5971338,11467011,25460045
267382,377524,555225,904277,1700314,3174273,5979678,11470771,24435989
263433,372485,554787,890340,1702951,3163909,5964266,11481244,24352481
269539,375674,550822,889086,1700095,3166427,6021762,11457480,24302264
264755,368754,555209,893441,1704582,3190277,5948655,11453479,24596609
264521,369700,554552,891161,1698380,3164865,5959785,11495206,24490517
265784,381126,551627,900790,1702754,3181387,5993770,11497755,24418139
266509,370797,570693,894477,1699908,3175367,6003365,11475056,24343194
271962,373888,563394,894278,1700826,3184638,5972740,11461730,24405798
264328,371183,560799,900217,1703781,3172455,5975635,11459803,24299633
276819,369187,553974,893584,1710148,3190583,6017506,11624994,24596776
264021,377347,548192,899951,1707582,3179861,6004418,11498039,24450970
261089,372091,551101,893395,1718307,3162920,5980272,11536004,24440824
267008,369941,551116,893850,1699278,3165672,5941512,11492419,24445940
263557,373240,551311,894069,1705658,3178977,5921854,11451433,24608560
266247,370412,553538,892773,1708809,3167859,5999759,11437617,24563921
265280,377534,548695,890858,1697409,3185851,5928028,11472077,24774414
263346,371779,553947,911137,1699909,3164702,5984258,11479464,24413033
264356,371682,550182,893282,1705751,3179015,6009678,11460783,24473940
265409,373873,558767,894518,1700014,3190541,5947522,11468444,24376532
273472,371482,561449,895972,1714211,3165242,5988216,11471698,24632261
264989,379348,555248,890344,1708319,3169260,5978398,11447765,25674251
258934,367257,554632,897819,1696931,3184289,5993911,11450410,24683972
267571,372084,556181,889009,1697123,3156808,5982718,11452287,24507004
262833,369921,549929,912460,1702592,3178364,5905300,11459288,24390810
276027,370969,553667,888597,1720088,3174219,5956406,11448221,24334495
265287,378803,552389,927311,1697941,3168528,5976602,11644466,24258089
266296,367547,552129,890860,1706584,3156648,5755110,11469310,24265978
269430,371805,567488,903017,1704019,3196077,5717692,11416061,24555528
263061,374430,548639,902976,1697731,3190426,5701601,11460981,24813394
264223,373008,550357,887405,1701915,3162642,5701624,11512313,24663218
266014,373077,553699,889490,1702512,3173982,5720473,11438870,24358059
269510,370773,554638,891662,1718348,3165148,5732277,11427878,24494966
267021,371129,554368,894002,1707240,3185166,5726145,11458804,24426195
263702,370330,551981,890386,1696931,3169680,5739899,11447723,24714435
268005,370281,552453,892521,1718750,3188051,5735362,11472901,24494286
263249,371366,552825,897820,1704963,3175363,5734967,11467757,24318804
271243,375181,551786,893244,1695961,3172742,5868814,11460982,24483390
264982,372943,553823,906388,1700741,3171602,5723270,11442888,24899236
272688,367680,561291,909474,1702533,3166037,5735969,11470611,24816712
265899,368942,561690,894519,1703149,3163181,5855940,11452137,24722054
268480,373294,557135,889434,1701426,3173803,5800763,11464166,24487585
272387,379727,553201,893897,1705287,3178099,5921006,11477404,24352368
263595,369645,553057,892155,1713327,3179637,6000283,11461751,24697232
264567,375786,549542,895011,1693602,3166567,5986317,11443863,24440878
264976,370952,553758,891021,1696545,3168787,6006104,11484217,24495062
266978,370915,551407,891261,1704351,3165048,5935081,11625398,25527621
265538,369275,551879,900732,1702823,3171206,5974052,11495753,24776876
262740,372322,554210,894047,1700643,3167126,6016698,11480131,24541041
265488,379985,552876,897667,1697192,3178051,5989365,11472897,24434640
262525,369546,550870,893008,1698629,3175726,5927587,11454332,24353461
263734,372761,558282,892957,1696989,3180893,5967038,11478743,24352824
264365,370711,551774,897076,1699668,3171510,5979549,11448904,24576131
268826,368875,556755,888602,1713260,3166237,5961437,11562560,24421469
268986,382125,553236,896048,1705005,3169319,5950661,11456117,24356745
264764,373844,551611,897083,1704333,3166625,6055144,11447825,24309364
263027,372854,551788,890175,1701452,3171387,6001402,11446109,24296950
267877,370450,552635,889210,1704710,3181125,6015817,11457803,24292162
259165,369641,563974,892673,1703381,3185457,6010003,11471612,24281377
270585,379628,560328,890628,1700488,3168304,5985281,11520094,24616301
263097,368912,560712,901830,1709129,3164923,6062395,11510044,24585062
265744,374042,555820,910129,1698809,3172224,6026230,11490673,24591712
262969,371459,553867,893713,1701045,3183052,5926801,11461601,24502889
265928,370303,547941,899109,1698434,3173927,5956666,11683574,24619993
264067,372740,551917,891526,1700184,3181164,5985703,11456326,24587774
264339,371884,570478,898805,1701088,3170664,5950694,11426099,24624640
264477,368492,556784,888558,1703509,3167397,6002112,11441059,24610515
263878,370942,560606,891794,1701727,3163596,5960469,11446785,24591586
262416,369512,549795,893725,1699017,3167546,6043822,11432732,24576915
264178,385267,563791,904734,1697025,3183043,5990837,11476288,24513429
265859,369667,551226,894689,1710923,3189334,5991942,11447074,25740163
273353,367588,558339,898471,1703188,3193221,6079659,11447657,24570717
268007,388459,553724,890401,1700711,3194987,6010590,11473819,24604619
264778,387530,553426,893307,1700445,3166580,6000187,11460396,24668356
266906,370543,553625,915629,1713723,3187078,5999390,11472200,24582813
264170,368438,550419,891317,1704474,3162800,6027657,11448790,25630162
277476,369154,548488,892033,1702328,3173901,5961353,11439465,24526088
266354,371484,554613,907461,1709576,3167009,5974680,11451874,24595340
265436,372306,566979,892270,1706647,3191232,5918265,11451215,24594131
263525,369154,553390,898767,1696900,3187322,5930884,11452968,24598918
262949,378434,552204,891616,1702384,3181577,5971516,11446885,24477055
264879,370096,555707,899473,1699713,3167769,5987061,11444230,24535449
266726,371232,561761,894391,1696902,3184367,5980143,11608920,24567013
266026,369227,560939,891760,1714794,3168519,5911572,11459837,24621531
265834,371547,552754,905313,1701932,3170956,5959531,11560304,24506965
264383,378391,556834,891851,1714212,3177576,6113826,11502494,24653894
267879,370374,551958,894160,1705940,3177503,6185346,11515040,24552874
264704,381245,558397,899010,1697152,3179047,5972847,11473155,24605680
275239,367141,550589,911330,1712956,3179961,6017660,11436739,24660971
266283,370878,552491,929189,1704305,3166640,5933862,11432646,24566440
274770,373417,558289,898607,1706050,3167033,5986534,11439185,24479291
267249,369254,560091,894759,1694427,3185731,5984170,11456915,24504564
264251,380228,551999,890840,1702486,3164228,5926624,11433751,24537248
273986,369640,556784,911254,1699976,3195202,5967399,11482169,24543066
263386,368630,550469,894780,1696683,3181291,5939907,11481472,24543524
265921,376302,552886,890506,1696070,3163197,5988484,11454161,24599281
266043,366470,549407,895448,1698740,3165908,5940440,11460834,24512952
262471,375994,551135,916035,1702863,3166976,5986834,11462324,24588325
263702,369400,555848,904609,1699317,3165573,5989634,11441576,24570954
264334,369581,550310,924973,1694986,3162967,5971228,11473015,24572031
288000,371399,550954,893014,1703237,3187940,5967207,11451903,24519794
281570,370939,556414,902639,1705952,3164262,5973749,11616845,24619290
270171,379654,556881,894760,1705871,3162817,5970772,11464276,24576156
263122,367713,559915,899875,1704125,3179721,6014229,11512835,24612550
268598,367627,550288,891033,1717007,3168235,5716570,11426246,24473450
274836,376345,555960,892516,1703069,3186358,5705809,11489321,24613038
258715,369897,552206,910753,1702240,3166582,5694093,11461072,24555864
266661,377435,556782,892722,1698060,3191526,5702297,11463486,24634378
262594,370954,549003,893471,1706737,3182077,5711651,11441145,24507495
263922,369258,556299,903504,1701199,3175307,5698648,11430741,24554092
264034,369866,555472,892928,1694207,3167585,5693374,11524380,24454892
282954,368041,549987,910261,1716222,3167247,5692665,11433334,24468931
286842,378298,552749,900085,1718882,3185931,5684249,11439679,24598002
263068,371548,551603,894067,1709069,3170246,5688735,11445438,25636690
272645,370964,550020,889951,1702734,3186823,5709936,11457177,24608829
263332,366960,552316,891954,1699128,3186577,5737138,11427113,24554357
267196,369259,553985,889382,1700899,3165231,5862962,11457535,24529337
272334,377183,557075,900292,1697906,3164534,5832776,11607147,24559516
263180,367215,554811,889379,1700578,3172800,5732032,11487992,25754735
264929,368046,552338,890965,1704982,3164215,5835498,11448306,24540445
261112,369246,554268,894655,1698436,3162723,5897330,11456164,24573086
264097,367074,565635,893637,1697815,3196676,5934542,11503406,24507949
264714,375585,559940,885313,1712672,3195252,5941748,11489016,24594232
263342,364780,565705,890273,1708985,3164873,5905015,11469070,25603972
268959,369193,575632,894915,1705620,3192765,5926493,11458611,24701063
263524,369461,558957,900213,1697008,3179762,5907545,11462154,24600440
264076,368860,552778,892036,1697264,3509089,5905131,11455515,24506741
266089,381502,552323,893857,1694495,3218050,5879102,11451905,24503180
263998,367051,550419,892668,1706293,3185512,5909874,11466547,24544867
275339,371610,553436,890089,1713463,3189099,5874165,11452499,24548396
261799,369961,553333,893007,1702633,3184987,5898736,11438834,25599811
271349,372040,555882,893254,1699681,3185181,5916000,11457604,24582617
263949,392359,563248,889984,1704760,3174877,5944863,11483524,24548210
268036,367443,549340,900603,1703092,3179530,6344258,11465134,24563706
273917,369812,554164,911573,1702196,3183386,5958407,11435417,24532884
264133,371553,554913,892932,1705974,3172609,6013838,11429578,24505147
264217,371439,549857,890925,1706519,3189783,5909514,11464213,24537643
262157,372162,554526,893009,1701713,3194700,5909329,11621743,24562463
263032,367052,548217,892867,1711243,3182266,5918395,11474921,24572566
265259,369091,550793,892173,1696495,3187923,5949896,11464583,24494565
264599,368776,555268,892427,1700258,3178204,5933104,11454207,24556419
276431,369506,551642,906722,1697781,3169275,5935478,11459952,24503893
264128,372404,553701,893000,1715119,3170443,5913887,11451649,24708427
261870,377970,559370,891551,1697668,3170120,5849703,11459358,24488885
266987,369017,558090,892629,1710225,3187597,5917185,11420191,24463195
265466,372426,557970,894417,1716091,3183742,5915827,11411259,24485797
274851,370803,549252,887825,1714110,3167862,5931672,11459557,24521708
263459,370661,549930,914149,1701950,3166646,5925822,11423142,24504128
270134,378844,549436,896133,1701030,3198802,5970230,11443273,24634320
264347,370984,553114,895624,1701548,3183525,5929332,11459034,25791362
261007,374789,553241,891783,1700122,3168286,5863512,11459254,24527965
270859,372002,553714,893174,1697442,3184139,5908219,11461144,24537751
265343,373188,557938,893603,1700278,3196792,5904852,11464500,24541215
264973,372333,552441,891662,1699302,3184094,5949511,11452104,24477203
267140,369071,551050,891726,1699786,3186611,5945778,11618920,24667747
262778,378454,549462,892537,1703468,3183851,5924697,11463401,24444665
266862,371132,551856,888412,1691691,3166081,5946908,11438671,24359703
264685,372286,567602,897698,1706197,3176746,5910031,11481374,24327617
269271,369852,551217,905989,1706181,3166492,5927462,11480582,24310690
265677,374112,551561,896540,1714565,3162315,5921579,11454016,24269954
261332,378583,547665,891138,1716584,3167675,5918870,11488064,24502389
263681,372687,558122,893469,1698631,3171276,5861272,11479099,24366421
265491,369752,560602,890447,1707138,3170819,5830794,11462520,24334199
273843,371017,557957,892207,1697032,3173389,5863398,11469056,24324340
262072,370438,557106,892101,1703330,3188687,5912175,11456271,24249161
271650,376344,557760,899495,1692656,3167221,5871280,11459270,24294841
264607,369959,557504,891630,1704518,3175824,5921118,11475830,24569022
263166,371519,573098,900279,1702552,3165331,5902110,11517018,25620045
274593,371754,556545,891193,1714938,3162848,5899056,11487693,24456228
267383,371915,554961,886811,1701257,3189784,5941910,11448399,24317225
263962,379890,554510,893906,1706569,3162752,5958577,11461032,24328380
264533,369463,550184,891699,1701672,3166417,5941160,11446748,24240689
261075,372580,552232,888359,1711593,3184205,5906738,11431202,24488676
264170,371598,548031,895918,1712610,3162928,5953383,11679338,24367387
263391,371962,552014,889859,1705436,3173966,5916419,11474346,24309357
275714,378977,554441,911767,1708183,3180495,5912628,11600224,24235674
265309,368273,545404,905125,1708675,3165367,5961676,11435489,24247008
263020,370811,555480,890258,1700162,3178631,5893247,11424316,24241404
266058,376056,549304,889046,1705326,3171807,5908765,11452049,24690453
264148,372631,554287,890866,1711905,3182227,5850687,11430752,25586903
269345,381182,549056,887916,1704238,3161751,5979050,11452725,24389265
264365,370715,554427,899729,1702120,3191453,5746045,11471764,24601466
274391,377454,551942,890134,1698818,3165435,5715336,11459636,25478767
262836,370093,551662,896117,1701791,3182934,5688069,11464494,24481010
262996,371518,549038,892525,1704015,3176374,5721477,11425262,24706385
263408,377942,568592,891008,1700195,3166171,5731618,11457660,24375273
264798,373508,557736,891812,1700188,3161679,5709949,11486650,24353689
269494,370792,560520,893662,1701764,3184500,5713463,11473945,24496351
265013,376978,573861,905564,1713139,3164391,5696394,11468016,24404035
265331,391998,564156,890126,1698950,3162698,5696331,11431978,25811922
266635,388583,568350,887498,1701123,3181415,5695457,11430720,25257162
264306,392530,555850,890478,1699480,3180882,5694523,11415084,24559717
273211,371239,549027,893853,1725560,3181010,5719192,11615492,24314926
263651,380292,554888,889991,1704911,3189634,5715505,11435735,24311906
261742,369426,549229,890392,1703578,3184798,5789298,11435166,24318941
264869,370381,558460,890637,1703275,3160232,5733795,11414859,24281816
263928,371343,552206,891988,1704804,3189204,5918413,11418869,24496979
268556,371225,552270,899618,1715269,3172023,5874699,11462674,24367748
263245,381438,549004,889761,1703874,3188412,5921651,11411036,24288569
267035,372310,553080,915478,1695794,3172716,5835166,11446432,24309824
263883,368661,552319,890324,1699269,3171949,5899819,11438574,24289729
263759,373372,570985,891666,1696893,3164873,5956613,11441519,24318345
270585,371347,547593,888959,1712586,3170166,5869096,11461581,24352728
263035,384982,551120,924556,1712025,3168118,5944804,11426219,24565777
261700,371187,549780,908496,1697325,3173752,5881212,11416774,25474710
263757,373629,560520,896784,1694289,3190044,5885596,11403466,24431035
265258,388349,555188,892923,1703409,3177620,5870997,11425846,24335279
262231,391970,553736,893144,1705094,3169099,5838457,11433820,24324320
265649,372660,563710,896387,1698845,3165139,5943194,11680792,24365330
265734,371176,565814,890270,1698324,3170089,5906466,11446236,24571783
263563,370776,563337,904510,1699479,3165336,5961721,11371394,24377768
263216,377858,563763,894543,1699908,3175353,5981222,11411723,24317479
265817,371083,548546,888923,1706069,3191572,5908996,11403204,24348656
262977,372079,555290,903457,1706398,3185945,5959231,11420555,24299948
275897,373372,556980,897949,1704247,3167999,5951655,11456287,24457503
265348,369503,556168,890897,1705744,3165919,5976509,11436955,24354473
272646,379722,549490,890527,1700600,3173492,5927067,11439847,24309429
265464,371391,555855,889821,1701168,3172648,5979335,11438452,24301832
279905,372078,555660,885982,1703393,3163561,5959215,11443893,24277852
277270,370020,561901,895919,1705087,3170123,5891021,11440984,24312585
263157,374377,555238,894248,1703129,3176865,5984546,11446803,24596475
265416,381858,556953,895072,1699442,3186833,6006304,11429705,25545186
266982,373525,551604,891046,1718823,3187339,5959527,11409052,24493083
263324,367774,551999,893796,1698442,3175688,6005417,11428570,24338469
265007,373921,553025,890802,1705501,3175397,5922496,11446428,24314704
262867,367377,552067,888795,1705729,3181087,5953434,11430049,24394236
281362,377031,557820,888280,1703646,3194109,5941582,11455458,25696253
263165,372384,552203,891225,1698108,3174718,5975198,11447040,24399810
269548,370134,551457,886956,1701494,3181545,5956407,11592594,24416147
261135,368534,553326,912729,1696233,3185417,5951042,11454343,24416118
264059,370162,556686,893337,1704557,3171121,5978523,11433387,24345752
271632,375866,560758,897649,1699851,3183056,5991287,11419683,24320920
264297,369814,560321,893422,1703448,3193055,5967419,11418812,24498094
266386,371541,576821,887925,1694371,3166422,5919496,11499396,24396975
267153,372701,552941,888085,1697209,3161830,5986035,11442052,24339476
261872,372077,550408,892889,1699854,3214167,5947317,11423696,24327702
266091,381263,553498,893117,1706631,3165996,5989835,11455659,24360411
263106,372787,550760,899917,1712404,3172913,5992848,11450005,24316347
266065,372602,568556,890251,1706958,3167149,5933109,11446401,24554108
266060,373617,553440,900422,1695254,3175915,5910201,11414482,24282801
264095,367539,553520,888946,1697761,3182785,5966990,11444572,24330480
264070,369335,558694,890665,1704089,3188447,5988769,11444334,24339260
266494,368930,555239,892782,1705628,3173712,5920883,11425469,24385426
275736,371293,550230,890421,1698855,3184360,5981513,11453556,25381381
262856,374923,552974,889467,1704240,3164243,5956522,11425855,24599301
268668,372697,554840,901498,1692719,3164263,5999657,11608890,24466653
266330,373033,553694,896136,1700418,3184250,5999199,11414643,24347198
266646,385580,549075,895722,1699720,3192756,5940256,11392725,24370208
272165,371486,555671,890544,1706082,3166652,5987099,11442239,24330090
261944,379652,551406,892174,1707783,3172203,5984945,11432476,24362841
263919,370315,555960,893784,1712535,3185551,5984733,11426064,24687274
260996,371965,550544,891442,1696595,3183566,5940347,11447430,24396391
266058,369018,562608,902845,1697864,3170624,5991813,11440509,24336941
264378,372664,561351,898696,1693853,3190902,5944196,11433355,24330468
261999,379685,560660,887819,1703952,3163967,5973857,11472737,24306524
264898,369546,561698,901962,1697752,3169459,5954846,11423718,24292088
262804,369466,556044,903619,1717832,3174525,5934198,11421533,24547754
260521,370670,550866,891973,1694136,3184773,6069545,11423369,24337746
265634,376232,567608,890634,1699631,3175528,5745257,11426360,24308256
264514,381145,554232,890530,1695295,3175695,5838065,11468041,24320567
271244,370134,553298,890838,1722765,3166677,5840895,11424636,24279838
267959,375325,552720,896847,1704816,3160333,5807008,11403435,24350316
265333,368357,552085,889871,1694827,3173715,5822274,11445044,24562029
263383,370422,563619,895951,1713370,3186686,5763688,11463130,25567002
264755,377147,556304,892959,1702785,3160099,5827088,11695347,24460970
273039,372534,552993,893406,1705742,3168320,5819989,11422206,24357005
263670,369693,550406,897785,1699496,3175982,5785787,11495026,24293811
265747,372880,550063,893916,1694239,3175038,5833041,11465905,24308996
262616,366966,551943,889982,1702647,3176737,5824238,11481916,24549148
262275,378462,555603,897922,1697626,3173077,5830979,11460860,24360847
266877,369997,550600,892935,1701251,3186242,5788656,11493178,24428505
259834,368874,552288,891579,1733128,3188296,5794968,11459407,24365359
266243,373466,552815,891063,1708505,3165356,5819260,11478939,24333156
264311,371911,565330,905057,1697666,3181099,5899657,11452335,24322296
264155,375866,559347,906901,1699575,3183965,5941107,11437931,24257418
265637,370391,564555,894073,1700691,3190832,5936752,11644722,25603145
264326,374686,557326,888963,1707750,3179518,5966156,11430508,24354600
272280,372015,554433,897897,1702656,3171075,5943728,11440331,24359403
264475,368594,554582,890251,1696919,3166089,5963443,11430599,24340124
263794,383303,558102,902071,1697878,3179282,5989918,11473061,24401016
265177,371693,552987,906804,1699859,3172340,5965821,11449599,25193164
265457,391414,559191,891484,1697118,3192657,6016406,11433513,26410975
275359,401203,554299,900328,1705572,3160710,5928311,11431359,24380287
265893,368392,565692,901098,1705766,3170506,5985458,11627823,24378042
265155,370142,552342,901376,1712997,3168140,5922389,11663416,24350013
262618,383128,556076,895954,1694221,3161202,5914458,11886418,24256757
260736,371711,554525,889733,1697961,3169619,5869081,11449649,24491522
263802,378657,552058,923897,1698033,3168818,5943317,11470348,25140018
264783,370611,554242,895463,1702452,3169871,5973919,11471596,24957963
266419,370797,549349,891800,1697370,3169036,5927262,11436247,24343949
262897,370113,551388,892995,1703831,3167621,5918138,11436156,24270774
263093,368602,553496,889885,1701482,3183452,5881732,11436407,24288031
264263,380838,553293,886328,1696788,3173527,5915167,11461484,24530781
264550,368404,562734,900307,1697767,3166405,5939611,11448320,25466881
263821,377113,564130,893767,1700903,3177189,5920658,11454301,24382658
269835,372391,559876,898754,1707467,3197443,5888852,11441313,24265205
266185,370512,562911,895692,1705011,3165362,5896544,11446387,24211862
265213,384419,552759,892542,1698259,3166796,5951210,11439193,24215937
262983,373945,553497,891448,1709397,3190558,5930313,11447352,24598636
273360,374657,554674,892331,1700735,3183722,5906065,11633642,24380753
266259,368815,549408,892707,1710949,3164657,5933635,11418563,24318891
272455,371587,554382,901112,1696692,3188074,5925617,11390268,24295450
265265,378176,550501,888823,1698960,3188082,5897941,11436948,24284761
262625,371639,562172,898883,1697092,3178845,5965179,11445043,24275961
266314,372686,549804,893175,1700852,3176148,5878785,11474435,24509296
264487,372313,552765,910995,1696481,3170812,5963881,11455137,24395627
266959,368678,570222,887988,1699440,3183054,5948873,11463387,24325893
262223,387295,553832,892535,1706124,3187405,5911348,11450401,24398147
264182,372080,567777,892679,1706450,3165517,5963954,11446619,24281902
263096,375266,550633,897663,1697305,3172166,5959550,11449067,24363181
269184,370581,549524,890735,1706196,3201124,5991901,11442085,24524827
268594,373918,569970,898792,1700630,3170673,5963394,11449895,25539177
262522,371781,557364,891881,1715948,3178584,6016816,11438630,24471965
262963,365202,555009,889130,1702506,3190077,5974849,11464299,24333476
265477,372065,557755,897571,1695520,3172664,5939388,11529654,24311434
264743,371078,551992,890604,1699941,3178521,5931539,11469306,24289395
270964,373961,554428,892155,1700502,3173123,5959491,11495485,24572911
265187,370979,554365,900248,1699201,3164878,5971781,11455263,24477018
269717,377495,561565,893881,1718329,3166655,5955604,11435909,25448701
263793,374645,565654,891054,1704089,3172642,5933267,11717067,24403542
263514,369202,561582,893177,1700602,3184153,5912278,11458585,24355647
268858,372363,560078,892717,1699899,3176325,5946441,11493903,24325747
261320,370649,551615,901710,1702735,3190149,5984644,11449964,24523593
265897,379877,550498,892369,1710650,3164371,5983906,11438413,25434867
263912,368248,556549,886562,1692172,3223979,6007768,11460743,24407645
261556,380357,573061,894259,1704714,3176135,5978646,11461709,24301103
265858,373052,553066,891259,1699925,3180631,5970249,11432466,24397511
265489,373991,555209,889700,1694648,3182142,5967201,11463937,24339767
263348,369945,560323,891051,1702161,3166197,5992832,11442020,24500345
262826,372263,562977,890624,1701978,3178915,5980336,11468743,24324025
277018,381500,554689,897670,1709651,3179505,5981117,11450122,24234876
282425,373798,553454,893683,1702556,3187501,5960982,11496880,24214890
262518,370609,553571,891538,1698324,3177864,5998034,11432174,24303995
276219,373637,551796,901397,1704264,3176487,5968695,11440016,24277530
261263,373584,548051,903610,1700563,3198488,5999923,11465540,24488354
265555,375411,552755,890424,1705662,3168311,5748474,11501659,24343910
265543,373084,554513,905392,1699054,3166347,5714988,11631825,24285789
263333,373643,549329,892832,1700431,3181925,5705657,11448444,24279183
264298,369689,554197,897039,1701155,3184707,5702266,11416128,24271391
263189,368803,561837,904939,1697873,3182254,5696345,11467530,24275280
270134,378885,563798,894005,1700303,3174902,5706183,11468514,24473971
262177,371954,562637,901956,1701093,3173732,5687966,11491215,24396119
260948,370599,569254,888684,1708638,3192870,5693953,11534132,24300252
264863,371722,552703,898468,1707785,3172654,5703011,11464003,24261721
265717,388040,553618,890978,1697845,3166166,5733808,11465380,24258215
272845,389897,554808,893677,1703913,3181818,5829873,11445890,24325196
261640,373452,553502,897709,1696857,3177232,5864857,11452408,24325657
269391,374161,551970,895528,1699333,3166461,5735395,11462722,24528834
261618,369295,553456,888120,1696567,3181507,5767950,11461416,25574707
261941,371637,551316,892911,1706237,3182736,5771788,11454263,24457973
272355,375638,551001,887891,1719681,3173866,5877946,11487382,24348887
280491,379671,551867,893094,1694510,3186661,5943963,11483059,24348712
280725,368981,548093,904999,1705108,3171390,5987675,11463671,24386881
263729,381337,551732,889729,1700337,3166233,5985830,11477520,25548696
264027,371670,550068,894466,1706899,3179036,5882991,11443681,24458655
265868,371861,552502,888588,1690554,3178753,5987286,11640661,24386280
264958,372426,555757,891818,1696428,3170004,5891120,11456117,25410705
273213,372935,551250,897681,1702959,3162771,5923404,11465797,24343726
263227,377298,552704,885642,1737229,3178122,5932443,11411287,24583616
272132,368256,556971,889041,1705178,3185506,5894565,11437019,25531206
263639,372568,562148,891129,2072806,3169310,5892461,11476908,24408367
263980,369828,563760,892717,1744203,3183676,5925252,11477715,24435248
274933,369670,562599,897891,1714764,3180900,5926604,11467663,25296250
266211,374844,563999,890374,1716007,3165276,5906161,11500555,24373094
267994,369983,560497,891149,1721227,3169064,5906159,11498184,24623363
263445,370893,553026,891862,1721684,3178784,5901207,11440309,24327101
264071,370716,553652,892722,1728585,3177162,5927898,11462740,24422927
262506,369268,567329,892929,1707000,3185524,5927002,11480846,25485932
262783,380157,554156,893039,1705531,3173927,5933624,11439865,24405240
273894,372354,554699,892936,1717848,3181742,5945272,11462243,24420932
264836,370129,551405,915101,1719171,3170324,5932226,11457909,25594149
261854,374049,555333,891948,1704243,3169241,5924488,11432836,24414608
268472,371499,552197,889138,1711956,3259699,5881975,11475286,24391730
263785,378830,561088,893658,1710146,3203776,5867885,11458505,25391817
271990,367852,551139,890970,1717507,3169467,5913203,11657024,24331895
270002,371970,551428,889188,1716567,3164185,5929962,11492121,24400490
271578,372256,550142,895019,1695654,3172030,5926775,11462618,30701379
264746,370131,548400,890242,1708482,3181255,5933384,11457595,24541382
263987,384952,552086,898262,1704704,3182222,5909038,11480968,24418530
267988,369585,555077,890407,1707651,3174558,5907115,11486924,25374507
266246,372194,551630,901327,1706095,3177554,5931693,11475134,24391017
263144,370507,562616,891046,1711483,3175612,5910938,11454335,24438948
264532,369745,564655,889815,1702581,3195313,5913756,11457729,25569202
264590,377718,561432,895683,1704646,3190449,5942280,11474844,24426607
264631,370126,560482,892165,1726459,3175782,5978092,11453575,24323605
262890,368628,552304,889336,1719131,3188820,5860281,11503671,24312808
269521,372784,557747,896671,1701566,3169629,5879559,11471810,24458526
268044,372159,556609,888408,1705727,3169971,5886452,11486462,25352050
263117,373247,552830,896849,1718478,3178522,5916116,11484855,25210366
266330,374405,553423,891256,1703075,3176287,5931074,11477329,24377511
264457,371851,555638,888395,1701981,3180945,5932871,11636884,24931414
272294,370476,556904,893242,1711727,3191414,5932825,11475064,24322608
265538,370009,550962,897123,1702847,3195742,5881792,11464050,24338602
273855,371020,554116,889165,1699386,3183930,5889380,11457228,25281027
280274,372884,552155,896710,1706059,3172348,5947885,11460762,24434852
277962,365935,553769,892012,1722300,3166647,5901364,11450400,24280402
265313,372141,552435,897950,1698960,3163717,5910489,11472069,24244653
266908,375319,550165,892567,1702153,3171320,5933391,11461581,24275612
266391,373037,552556,892382,1711157,3166305,5968099,11455816,24323619
265190,378812,551020,902798,1720479,3169745,5929452,11449810,24281569
264324,368375,552771,891958,1710364,3176881,5926976,11491311,24652589
264180,372199,551470,891127,1696634,3180374,5949304,11468880,24377368
264067,370457,561959,893280,1698189,3211254,5898997,11477358,24236466
272681,373088,563835,888628,1699877,3195631,5963599,11473280,24265734
262317,369880,556901,888793,1702354,3192666,5888891,11485138,24263843
272162,370355,554107,890860,1705491,3189868,5895492,11433514,24244294
265419,379087,570692,891077,1721617,3187003,5909449,11447697,24470148
263535,389654,554492,907831,1701947,3182389,5916061,11432300,24388733
267541,391466,551162,891454,1717104,3182470,5960323,11459630,24255532
265351,371263,555862,890964,1703812,3190338,5902718,11470082,24265007
267360,370528,559291,893742,1695839,3170448,5937944,11719413,24160830
263338,377455,555038,894867,1694935,3185169,5953365,11452399,24204450
264228,370710,559635,893118,1697260,3169836,5739278,11463729,24597159
266557,374752,557403,894942,1702402,3167628,5737237,11499343,24289259
265543,372042,554009,893952,1699506,3169549,5746058,11429258,24352125
272511,372491,556029,898470,1697125,3210588,5709252,11455166,24248908
263672,381556,554945,895664,1694427,3176894,5694647,11483012,24236256
262565,370286,556442,896667,1734316,3172868,5704994,11483644,24262606
261331,367930,548315,895251,1696141,3170255,5686866,11497993,24220562
266935,373749,550195,891213,1701247,3159901,5714309,11499411,24663697
273732,372141,553532,890570,1696605,3175332,5693676,11503378,24337746
261558,370613,560163,892154,1703721,3170180,5737595,11517096,24280052
265733,372157,556399,895240,1698448,3181920,5759981,11468775,24302981
266336,370105,567929,899170,1721254,3163226,5768477,11471515,24292353
261073,374239,560439,894142,1696768,3175527,5735659,11486866,24234876
269083,369569,564487,892363,1695552,3171236,5759747,11466666,24540913
261749,371920,559361,892496,1700616,3184347,5841156,11446950,25452953
264471,375546,552381,893093,1709212,3174728,5840349,11626083,24418839
263417,369785,556113,890075,1707243,3168042,5941418,11516592,24287031
262906,373360,554016,893214,1710930,3173642,5861335,11414234,24294823
264683,365935,554583,894558,1694545,3169690,5880387,11392157,24557375
262812,370539,550822,892820,1703661,3173495,5853457,11433701,24373008
264932,375004,574050,890843,1706674,3179890,5927886,11463646,24316622
264672,369730,554774,894840,1726658,3176821,5916654,11473380,24275189
261551,379831,560437,890194,1693626,3182011,5912659,11454981,24328456
264119,369666,552515,891379,1703194,3168667,5910653,11469524,24236469
263482,369822,550309,891545,1696469,3184509,5890341,11481184,24537732
270656,382518,553925,890101,1696302,3168272,5917364,11446527,24309307
263792,369454,551908,890858,1700160,3159364,5868692,11449307,24271540
261715,378556,553573,899346,1710360,3176230,5911390,11446366,24221025
266301,370404,555163,893000,1706079,3169584,5894384,11436789,24240926
267924,370154,554870,889947,1712349,3179851,5908857,11467339,24225365
274783,375355,552604,891078,1699657,3181223,5939406,11443935,24447466
265161,370019,557027,892911,1704474,3181033,5867796,11418077,24291119
261517,376708,550622,893744,1689849,3165687,5934861,11420273,24241395
263619,370142,560827,895590,1715016,3184830,5928962,11449441,24238982
264706,371913,563989,891762,1693137,3181596,5921196,11645424,24307175
268286,373834,560104,899889,1700064,3165208,5859626,11425801,24300148
266893,369592,555712,889952,1701865,3174125,5869593,11435612,24477475
265638,379920,551998,887962,1698017,3178579,5954986,11451883,25057810
266416,373157,549876,917551,1695151,3162343,5887114,11427882,24449324
264724,370136,552771,890246,1714319,3183689,5866080,11423165,24345104
263929,370904,554528,892039,1706809,3175735,5853225,11446003,24294254
281438,369825,552019,890267,1708639,3169552,5914679,11456657,24343627
285596,377507,569462,892056,1699928,3183662,5895782,11443369,25595842
263194,368133,554665,906953,1701504,3184439,5857310,11446386,24378844
267011,369282,556589,893789,1693716,3169147,5945432,11468874,24332553
266729,369222,551575,895129,1696106,3171648,5926062,11464204,24261303
265056,372133,553443,895154,1701144,3187295,5848365,11622454,24358455
265764,379754,552741,891329,1693391,3181440,5929661,11399011,25407228
264906,365729,550804,891612,1700780,3170924,5918448,11419366,24612603
266631,371474,552993,894534,1696492,3193013,5949580,11487952,24308760
266043,370790,569152,891999,1707359,3190154,5958149,11440048,24226872
263634,371048,548205,912213,1707966,3177866,5927770,11443921,24329451
265472,382106,551663,893952,1709349,3166251,5917908,11423055,25426665
264231,371725,554269,890673,1709550,3179078,5890332,11680687,24406759
273582,374397,554761,903773,1692690,3170333,5935560,11487965,24702235
267978,374360,551347,903433,1699617,3176436,5933437,11457011,24504589
271039,370684,563879,901078,1692558,3169169,5853749,11446843,24389975
265383,370815,558882,888573,1699485,3172420,5944828,11452945,25292979
265205,373291,562796,891340,1704327,3183382,5934827,11454228,24355446
269683,376747,554276,900574,1695826,3173336,5926770,11439917,24272319
264549,389597,554327,890394,1697631,3184289,5918567,11434838,24486243
265786,387584,558042,893486,1698875,3180502,5912403,11448019,24399285
263756,372863,554944,896275,1698587,3156173,5915462,11458636,25298547
263651,372389,555854,895709,1698398,3170876,5955467,11448305,24320466
265675,370775,553549,898851,1702294,3168911,5860928,11446290,24231709
280398,379211,556752,890107,1713245,3165255,5903408,11455774,24210275
284754,369381,560579,894017,1695128,3179851,5920601,11488009,24420319
264717,387493,553497,895689,1708135,3170706,5954568,11529478,25396433
270772,392300,553280,890865,1715732,3175410,5958241,11470214,24472163
266333,369459,551142,890393,1714595,3166455,5922221,11687125,24330487
263729,379570,549937,899265,1707959,3381556,5870216,11499116,24245111
275209,370933,553986,888414,1691304,3276516,5932971,11431655,24387330
263117,375915,555086,894383,1696711,3169911,5888521,11483146,25601710
265218,370449,554981,892765,1698826,3168285,5914340,11464301,24450613
264492,373090,556528,890578,1707729,3166125,5919766,11424636,24328981
264860,370892,555481,901780,1707838,3180472,5907874,12601371,24372035
267187,368762,553785,892258,1703801,3169098,5969250,12341333,24312739
262181,372685,562621,896603,1698100,3168989,5734031,11482863,24329916
266322,373455,560156,916682,1694433,3183327,5723690,11473124,24282108
264498,371640,566025,888646,1695954,3185601,5706457,11433347,24565531
266130,371446,561075,910318,1699596,3167877,5710142,11468502,24514183
264469,377742,553684,888302,1702572,3209417,5716788,11471444,25370559
262340,367297,556280,890484,1707300,3209063,5709979,11459291,24412509
272371,378410,552499,898334,1700714,3189242,5715652,11455523,24326617
262263,371544,555239,889924,1695535,3171382,5709598,11459162,24326248
261777,369778,556547,890382,1699799,3187626,5698247,11467856,24528155
264942,375617,555345,898565,1698138,3160591,5705475,11425368,24378540
264405,370161,558609,889513,1707599,3182392,5885093,11462957,24334411
277995,378391,563394,888730,1715243,3169440,5876803,11447321,24253236
264130,372604,553222,889450,1699289,3175815,5821635,11586735,24244514
268343,370757,567537,890644,1715911,3186321,5750186,11443319,24500207
263140,374118,553389,900657,1699570,3179780,5887958,11506903,24389607
263625,371194,555344,889236,1704370,3171205,5940983,11501835,25666951
265378,379792,550930,894476,1696947,3175200,5949054,11506435,24445349
264449,369775,553012,914195,1693893,3167607,5903627,11500521,24340957
267551,372567,549867,902915,1697564,3172342,5919827,11508074,24478619
263031,368384,552002,889539,1705396,3165902,5909859,11449600,24582156
263721,372176,554433,892908,1695912,3181609,5889350,11451778,25714770
267313,379821,551018,891012,1705099,3184040,5894613,11449410,24432487
264778,369979,551321,912039,1708147,3184233,5859688,11486065,24403103
271218,372190,562401,891066,1700133,3168432,5935653,11459506,24298689
266342,374196,560971,895043,1711341,3167094,5879231,11470516,24402203
270689,372347,564146,912689,1712887,3168424,5864969,11480597,25562055
265800,382341,555377,892564,1705544,3180245,5899754,11474586,24406120
259707,368414,553832,890380,1703081,3176100,5975629,11470965,24582986
272024,369157,570176,891805,1693981,3170274,5923975,11477005,24293948
263622,372142,554805,893049,1699891,3177587,5946479,11652711,24412312
265005,373387,553902,894774,1700200,3170252,5937667,11468515,25353777
264269,377222,553729,891217,1712751,3194501,5880051,11515152,24620852
263696,372461,555994,892333,1714650,3160338,5896794,11502506,24368988
264754,374390,556043,890735,1707187,3199130,5873058,11471390,24366028
266038,379229,558087,888084,1713556,3189204,5915275,11516238,24420953
266841,371578,550087,904625,1698264,3170443,5958090,11552882,25342296
268553,376864,547573,896491,1702027,3174560,5962045,11462758,24355638
264351,368710,553436,889753,1697944,3183323,5917263,11469075,24711255
265617,370545,554675,895856,1708461,3166572,5956230,11443698,24371116
262269,369088,555179,895133,1697303,3178975,5907007,11430405,24507338
272398,387470,556282,890170,1702583,3185258,5944737,11456719,25387237
265783,393148,550469,891714,1701131,3174875,5876163,11419432,24397590
269748,374135,554517,888555,1700226,3183953,5909200,11444788,24300933
266069,374633,547730,887505,1694173,4022951,5955967,11463034,24608019
264867,382642,556000,886045,1707338,3231953,5880015,11457855,24497144
267494,369729,560989,892770,1708786,3187445,5899886,11493121,25463187
264511,371730,563359,904112,1705398,3180490,5851912,11432360,24416676
264333,369952,559739,891677,1691173,3178818,5914775,11480777,24256770
264171,368698,550947,893659,1696869,3181142,5881336,11611367,24244085
262014,380415,546500,896738,1702916,3178450,5887738,11440551,24591941
265214,371021,553995,890600,1700420,3187111,5924300,11453900,25495454
265562,370502,556812,897529,1697931,3186501,5906239,11449092,24401793
262948,369492,552549,888846,1716344,3178857,5910913,11478715,24254133
265513,371421,553843,889002,1693992,3186044,5920166,11469521,24248231
265448,378928,561957,897889,1715029,3174520,5885658,11413559,24544053
263580,367053,552150,889695,1695885,3189735,5925316,11405757,25535129
267078,371174,551438,895749,1711652,3178109,5921687,11448571,24666609
272765,371371,554064,892330,1703204,3185952,5955529,11465613,24295929
264392,370415,552788,890303,1698957,3170905,5900718,11497581,24283477
273136,399296,551084,889900,1690909,3255088,5932105,11443828,24364545
