SHIR FPGA (buffered jit-copy) b16,SHIR FPGA (buffered jit-copy) b32,SHIR FPGA (buffered jit-copy) b64,SHIR FPGA (buffered jit-copy) b128,SHIR FPGA (buffered jit-copy) b256,SHIR FPGA (buffered jit-copy) b512,SHIR FPGA (buffered jit-copy) b1024,SHIR FPGA (buffered jit-copy) b2048,SHIR FPGA (buffered jit-copy) b4096
205507,230047,274410,320254,390951,572160,1011701,2152891,4129228
195540,223079,277735,312988,379801,553219,965859,1735232,3410391
192641,217889,267404,306706,380440,550311,985092,1732419,3253356
192686,213630,267104,300880,377959,543187,973919,1757090,3215602
193854,216575,279362,303404,382232,542835,969491,1729076,3244577
191643,214492,269056,299854,408157,550576,1003652,1779477,3967042
195463,215811,269028,300626,376753,550836,954744,1722026,3311220
189277,229056,271196,299042,375973,544988,1010680,1784140,3416656
193770,213238,263589,301169,377999,540887,931928,1725234,3219609
190463,223030,271072,300175,374316,542483,1034756,1740566,3188253
188735,215455,272327,317946,376488,566721,996187,1716587,4018121
188607,211301,269615,305570,380115,538821,999246,1924392,3181048
189105,214834,267333,301160,390305,552832,1017975,1712138,3243372
196546,215986,271668,301772,388001,540283,998764,1699838,4134298
188762,214456,269921,302605,380071,565570,1009504,1673871,3155246
194007,216217,265567,299025,374005,557166,983796,1727206,3250289
193513,222970,268386,298260,376114,547197,1029907,1758987,3937492
191634,235626,271766,302349,395879,553631,1016389,1730550,3140203
193120,237507,267337,298335,388898,540247,1010455,1725086,3196332
190482,216855,274982,298748,387751,542871,966624,1708505,4306125
193353,223249,269862,301903,376366,551002,1011661,1744955,3241123
196843,214861,265536,298146,375060,542392,989699,1714886,3269186
189773,216678,274222,304986,383338,568820,1013708,1705026,4077655
195443,219858,270426,302867,381677,568364,991366,1730583,3159831
198410,218435,264542,302729,374939,545243,1040922,1780726,3202631
190285,215680,273028,300258,375085,571577,980722,1701544,4234144
187199,215771,261918,299302,380389,540337,951191,1730700,3208935
199053,221946,263880,298762,382812,565302,974589,1727069,3197628
189565,215754,273083,298750,382772,560462,963028,1725191,4032931
192962,220721,265524,300027,377743,545224,902253,1719783,3133937
197669,217020,275594,298557,372041,562964,938302,1959881,3164193
190648,214440,277180,294543,394868,541881,973010,1722587,4329833
189235,217983,266388,296770,379025,545932,959541,1674067,3233112
200448,232128,265194,296606,375093,539202,956301,1773731,3050313
190378,234924,268810,298351,375949,541148,922627,1731526,3001034
190031,214070,259942,301871,376451,569168,927653,1782596,3111454
215923,218297,268521,296888,386923,544242,979692,1723864,3994553
204763,214671,269868,294476,371321,570944,947507,1747797,3082896
186584,223222,268742,296240,379783,560801,915307,1709217,3283677
201132,212035,268774,298351,375642,549257,966308,1742694,4186071
189712,224327,266047,295399,382120,539551,981759,1708417,3129552
187517,213269,262017,295211,378083,572408,1006196,1765115,3166319
201356,221715,263432,316013,371966,539217,980787,1701501,4012358
191638,217009,273871,302536,376202,562319,998143,1720237,3410438
188954,216152,270013,294131,395265,539590,974596,1777594,3263685
198850,213251,261726,300574,385955,543640,981190,1728277,4115324
191076,215163,278787,301523,378859,550544,1185051,1967227,3142728
207826,215479,269811,298842,376197,545198,880974,1675735,3210317
208587,215734,266679,299957,379090,540902,863388,1659746,4011832
185455,244871,266115,297689,380663,550136,830556,1684659,3107977
191212,233755,265656,300701,377884,539068,839727,1732705,3341234
190612,228977,267387,296169,394342,541459,830316,1740463,4124413
186619,217857,275886,293585,370922,560557,850517,1761538,3167565
187262,223843,261435,298016,381070,540643,828378,1710576,3168864
191635,213401,266313,297568,381458,555040,836746,1726392,3974547
184264,213772,266847,301768,374125,566268,832730,1784087,3165999
183896,214335,270793,297940,396195,543585,837184,1736147,3434248
186673,217446,282231,296207,375546,562756,838771,1726123,3152621
188477,213851,285967,297751,385116,539861,844208,1730161,3210145
188727,214031,267910,298473,376253,544552,830881,1742231,3996406
185621,223616,271326,300052,376113,562474,850758,1748973,3093093
191032,212352,271917,299798,376628,542703,846199,1750619,3136944
187206,216551,267023,297534,380115,537741,857470,1726612,4328106
191401,214203,272074,299083,374350,543646,848310,1750512,3231362
187866,215056,269243,320998,390854,538631,849177,1716367,3106444
187302,213957,269830,295493,376835,566819,882003,1740693,3130997
190382,217510,265458,297591,375875,546382,915751,1913609,3069318
188307,217389,282819,298105,396403,544827,939559,1663236,3074285
188184,215708,268422,297438,377099,541053,854465,1677710,3019046
187105,230016,263296,295678,372328,542992,907752,1772543,3392198
186251,215032,264777,295897,373476,549752,901956,1733353,3208794
190006,223563,270071,299422,375906,562196,1020779,1744045,3148736
188310,215026,268113,293342,382811,544020,933898,1762079,3111844
186276,218978,264157,300936,381380,555169,872821,1708929,3016111
189378,215824,267061,296972,374613,540495,901851,1709262,3450366
189261,233434,290286,299969,375881,548844,951950,1744690,3168594
189702,241179,283429,297651,384772,547760,962757,1717083,3074569
188684,217168,263996,300967,394805,549568,948967,1708024,3009154
191522,215894,263729,314644,371783,546445,914692,1705947,3038550
190793,216668,273492,298011,374515,562608,960124,1721941,3019533
186685,219283,265164,297660,379894,548005,963498,1741395,3136544
188875,215945,268336,300815,375574,540383,982514,1729130,4335478
189908,220512,275183,294398,373531,552134,976365,1735625,3219077
187781,213055,265008,298369,393263,545497,981591,1929532,3183909
187510,222888,263278,297926,374403,547173,948922,1689472,4055037
185867,209279,274926,297628,374360,541734,964556,1660890,3088578
184763,213518,271925,296952,386144,561756,959973,1697594,3162180
189362,214567,274259,297426,380125,545638,962309,1708580,4213950
188742,212994,268937,298607,392468,562061,965243,1700233,3204672
189978,213621,269330,300472,377893,544156,966150,1766536,3180832
191001,212736,265605,298721,375024,546282,968854,1725210,4097872
184328,227546,267959,295667,375592,557978,983535,1695306,3186294
186666,212074,267548,296287,375774,545571,914229,1724044,3189974
190939,214741,283697,297612,392653,542212,967383,1720962,4336043
188333,217088,280087,298189,373119,543220,989975,1705179,3207539
188732,217371,262598,297265,397616,542442,927414,1749818,3173391
186537,214860,264970,313222,376715,553706,957951,1757809,4194005
189604,213572,273176,298320,375011,547704,948940,1716454,3106552
187900,213454,274253,298416,378423,539083,979668,1716687,3133026
187471,214737,275461,297574,377889,563217,969870,1730486,3897868
187517,222497,265167,299607,387409,544808,956889,1749635,3310928
185525,214122,265261,297770,385650,544710,958060,1716642,3234302
187355,219650,262035,299778,376707,552487,971246,1914583,3067627
189746,232644,265902,299178,375501,540378,951291,1703282,3117457
187006,240175,263243,299629,385262,542422,974106,1745920,3972378
192244,214661,261502,299911,375005,549148,957229,1676570,3376302
186882,215353,275409,301752,376037,566796,946673,1764693,3240391
189680,214533,260256,297015,373353,570105,980355,1743210,4041554
186671,216149,265916,296967,372557,543306,984021,1735563,3106642
188084,213946,264139,298422,382277,541660,976299,1724078,3212742
186769,212374,270918,299602,381312,561652,946080,1721784,4038088
190384,222605,267296,302132,379116,550652,974093,1734666,3169518
185149,212001,264175,297381,372985,558858,977449,1723693,3324501
186376,216287,266329,301299,391846,541984,963053,1713018,4094445
191029,211518,267441,296515,373907,538824,939391,1717204,3157230
186136,211681,272081,298538,375193,545871,961773,1757131,3155493
186446,212028,265057,299231,394446,565110,962701,1748550,4091893
186836,214613,268860,300720,374528,541203,933502,1716442,3156854
184231,212880,266360,299812,379686,541484,953509,1724525,3457659
190614,216844,271044,296622,375874,548017,973152,1740549,4179391
196982,225589,268921,295424,395592,541004,954982,1727879,3188958
188656,216585,273513,301529,372771,549804,950793,1915305,3234852
207902,225139,265179,303968,381280,544384,1004024,1873382,3995261
204127,213921,278988,299501,375472,545105,1241676,1686475,3143746
196972,216093,265149,303115,370444,541346,913240,1778529,3284577
189151,215559,281981,297826,376536,544600,905022,1701340,4153714
194652,215029,279714,301326,376007,542457,870345,1704547,3222463
191021,217555,258209,302309,384410,567773,868094,1693290,3222919
200162,214756,262002,302095,376430,539123,865741,1775581,3962948
193319,214325,269211,300034,374079,545563,856757,1725939,3115818
187267,212710,263507,299266,377366,567850,845909,1716552,3207050
198905,221166,265372,301751,394675,564911,851352,1724551,4315438
189511,212044,265310,302496,372682,562389,860235,4586174,3273332
192587,227315,268921,297249,376177,544403,851727,1858267,3189964
196333,211783,264134,301586,376303,537982,850109,1779374,3977633
186107,234907,267266,295818,375145,542856,851890,1706129,3196065
187208,234180,269717,296169,382000,539716,840144,1711861,3275754
195845,213174,262271,295763,379302,544300,856520,1928870,4113589
188819,215425,264000,301843,389476,538325,840198,5468512,3171158
191711,216507,265809,295431,370868,544940,832178,1683434,3177322
203179,214192,262108,296213,376860,572204,856734,1745130,3921736
187285,213770,272083,299163,395070,546798,831688,1741824,3191860
188472,224384,281835,315799,403090,565140,929772,1736063,3202236
199556,214095,283704,303878,376090,543255,912865,1731267,4248036
189808,223008,274775,308552,376329,559668,914662,1718298,3165149
189397,216219,277869,306700,382706,558212,918929,1740471,3243415
197347,214591,265374,304523,376548,539041,965593,1707512,4010856
188179,214663,270691,306955,376364,543700,913618,1731784,3203636
186918,218627,262336,304467,377901,539646,957656,1765003,3154672
191437,214872,275124,311092,376612,541640,939382,1718560,4336099
188129,217931,269605,304840,381766,551752,841171,1711772,3248858
185456,223269,263520,309922,382284,544774,975882,1725066,3201383
195711,218808,266945,304787,378419,543864,929324,1707578,4026389
186109,226374,271557,316288,371681,559825,948617,1709880,3109187
186449,215737,268662,322165,403934,540240,911954,1735990,3155552
194191,212755,269396,311150,372986,543421,975435,1720961,4360020
188650,213768,271714,307250,374070,539372,938137,1771433,3142757
186406,213430,267015,323854,375616,550376,975622,1917496,3177265
200476,216689,267763,297550,376965,540523,974338,1654943,4033834
188440,215271,272809,300973,382613,546407,976274,1670076,3093224
192930,215387,273156,298820,379860,540936,987616,1758633,3079098
190756,215365,270154,300683,373928,543855,971223,1707149,3856882
187297,221107,270527,294341,371834,545360,981332,1715075,3350581
191420,213865,267491,300534,379695,548010,971470,1746813,3216545
193181,217120,271820,297295,378024,538913,964321,1701231,3093434
188420,215207,268519,297580,392038,559892,965799,1722549,3193667
187258,213895,268635,299291,376680,539777,960235,1723677,3988865
194797,217221,272957,296022,377049,540925,926966,1750449,3338991
186227,218951,264276,295444,400772,547549,989538,1735962,3212047
188001,216038,271209,299210,377911,546196,953986,1742247,4125399
197813,212553,271924,298764,375874,564666,982429,1753549,3117950
187139,221910,266678,297361,376600,538484,947209,1696301,3130631
190795,217097,266406,298366,396732,542720,998416,1726786,4096186
195889,227394,270042,301348,399954,545359,994862,1711834,3103749
190142,208648,260174,298122,376541,546113,968604,1921672,3316475
192679,214598,261929,299177,373813,540862,962922,1640088,4163818
191810,218072,259670,303270,380497,561310,962418,1670409,3167015
191566,214399,275912,303445,372406,540538,993432,1718862,3172202
189800,215313,261996,298106,381110,553737,941582,1725829,3991653
197165,215372,263252,295276,394996,541288,957275,1705298,3173221
189713,226540,270757,313246,374816,541906,969864,1726457,3296478
189261,215708,266274,297882,392674,558608,964455,1717618,4176830
198484,217420,266557,296456,378390,544680,987002,1781957,3197202
187093,211668,273768,299430,381079,548244,974037,1717820,3160129
189295,212650,270609,317411,373756,563533,976564,1749901,3919462
198829,215832,261204,295485,395816,540230,990092,1707586,3171108
186953,214027,278807,298158,375660,561933,985489,1732014,3313004
189237,214895,269483,295229,383532,541418,968804,1752324,4207028
195674,217880,264507,302188,393295,567678,974694,1720439,3215741
187370,220284,271609,299453,374002,558601,1009524,1746762,3223638
191173,213305,262393,295427,373597,563541,958328,1723581,3942346
195544,222626,260641,303644,375845,541324,972154,1752234,3127817
187322,212353,263780,295949,379492,548594,962311,1745270,3161704
187663,214682,271061,301799,376680,546909,985744,1894309,4196884
198044,213463,268545,295565,375998,563068,974859,1705067,3184814
188505,212668,278990,296556,397584,542145,923617,1641351,3165740
188824,213038,264676,312441,373369,545921,962631,1656738,4028316
197649,213068,267424,295984,401304,543254,951517,1696867,3235297
208056,214746,269786,300495,383696,549602,943881,1722748,3264083
202956,212556,265962,297164,376896,559551,1005604,1707800,4128780
201267,222017,271976,294687,377679,542295,1195684,1715063,3111157
188285,220864,273476,298767,381344,541473,896134,1717238,3126641
188041,219686,265286,299030,377046,544312,884571,1708400,4007015
187148,213151,265285,302813,396994,548286,856159,1742619,3155780
190060,214687,272602,296032,374777,544049,852401,1735690,3180367
185673,217694,266712,300090,372311,558302,840908,1684361,4347685
189072,213625,267251,296317,399118,546082,842962,1724032,3180871
187114,216865,271744,294181,399177,543885,873940,1712719,3187702
190380,213716,271676,297333,397160,572394,864807,1710204,4073366
190621,219297,270761,301673,380723,538459,840111,1714234,3139945
189227,210510,274159,296896,375568,538737,844296,1731540,3206774
191214,224441,276125,298540,386425,537304,830776,1700537,4296176
188076,218052,267806,296664,379178,571516,846254,1963996,3163558
188230,213339,281932,297493,374328,558758,835356,1692182,3196774
189208,216845,261287,299881,391625,542943,847652,1659920,4031076
189300,232387,270451,298780,375455,574724,828839,1639169,3107099
185951,229108,277773,300086,377152,541791,837668,1714660,3155844
191014,214495,263916,300259,376095,540753,824851,1731946,4195489
189394,216207,267135,298630,395742,544557,843236,1763868,3191208
186250,216362,276983,298290,371369,541637,830033,1725172,3189167
186898,221725,264034,299971,388198,542608,842419,1700367,4005890
193279,216214,269510,298933,381217,542154,855486,1771911,3223413
188929,227196,276914,299133,378197,573031,856050,1705272,3194656
187894,216133,263589,295965,371544,557111,901159,1769622,4023033
187319,211609,266823,298510,384820,542834,867856,1726260,3301449
187090,215370,272251,320161,382131,546604,897221,1748402,3210953
185939,213431,265966,298586,375548,543609,953034,1738878,3245375
189084,216484,265524,296077,379330,563771,908935,1741146,3150236
188175,222182,270734,299517,379386,543792,920889,2021631,3915261
188349,224986,266659,297011,381620,538694,875021,1678276,3269853
191508,215350,274094,299224,394915,571733,858099,1598487,3283566
189259,221708,278508,295946,395197,562067,911012,1668255,4151527
196978,215584,268287,312723,371291,545461,975279,1730368,3171811
188897,217417,281581,302983,379040,537579,988721,1735752,3474955
187820,215260,284566,317144,375124,548034,988015,1718219,3960452
194617,216297,261978,301776,371587,568674,949929,1714860,3120684
191167,214102,269380,298270,380636,539692,994154,1777900,3319186
184971,213785,273155,300394,385839,564748,981096,1784224,4314934
194546,217758,266879,296614,374672,545695,975555,1716773,3129583
187579,216111,267857,299962,375865,542591,992086,1719353,3230835
189126,224239,274655,302223,394418,547874,957461,1728327,4045514
189102,236864,267263,295232,380936,549054,1026155,1760176,3148452
189430,245772,262418,296319,382064,542031,991520,1718088,3304548
188645,214523,275994,297229,390863,541262,963623,1739759,4102697
195864,217632,268381,298669,372153,544763,993367,1730262,3143987
184713,218303,266708,302407,385365,544597,969508,1723375,3157445
190005,212464,276376,294423,374851,564457,925712,1737458,3946091
194438,216787,266770,296792,374359,544545,1002746,1728118,3171863
186777,216487,269284,300464,375595,543422,979375,2043987,3394131
185045,214198,264066,295528,380078,539070,995937,1671112,4137226
195124,212769,271613,298558,372406,549272,956648,1661090,3184178
188781,219992,284261,298738,395870,541814,964701,1697249,3240200
187978,212087,280982,293771,373599,546720,944304,1742789,3914558
191062,221434,262322,313221,370416,559838,966837,1729782,3092730
188162,215448,269047,300037,379274,563594,890908,1687041,3116628
188900,212841,275146,298974,372581,566800,953920,1722352,4289967
194859,216726,260992,301000,373556,542260,959523,1691203,3164497
192063,213902,263046,307480,385176,566569,957907,1740774,3190825
187680,212029,268804,294659,377482,564318,972737,1695160,3968867
194987,211351,260999,296324,372858,547074,970068,1727152,3085401
188787,224910,265388,300300,421156,561068,961393,1742466,3362660
188035,217506,270186,299343,378457,568232,970070,1732932,4178740
194233,225698,264572,295425,383237,536705,973840,1714473,3231626
188301,215936,262310,302124,385174,562066,932604,1719947,3227922
187871,216354,273587,299284,377882,558664,1010590,1718796,3960205
193927,215038,266689,298038,391704,548865,975267,1946787,3112936
189583,214707,267986,300616,382283,550933,960489,1681921,3199136
187636,217984,266392,320579,377917,564484,941137,1614545,4321974
200938,214316,265979,298604,371724,557904,957486,1657299,3233278
191576,223524,263811,299106,375271,551556,966899,1721825,3211695
189336,213247,271182,304815,376680,546958,972643,1720246,3998879
197491,221069,265704,299949,396218,574150,957089,1736774,3118043
189929,211770,266845,300586,378241,541164,958776,1734394,3251749
191466,211145,267885,301351,394152,540355,965031,1737354,4330272
199927,214634,264111,306912,373561,537441,957435,1733266,3213669
189553,216091,268040,310802,380656,563394,969705,1690263,3173366
188067,215263,267203,305242,382416,544734,962555,1711599,4025163
198631,216671,258929,306616,373395,549655,1198999,1712111,3174874
188323,215868,263699,307828,377841,558093,937786,1705829,3157110
189837,221402,262562,317188,384544,543252,873413,1746317,4201518
214855,233133,265559,311632,371982,550986,879632,1698449,3166991
205319,210750,269271,299701,377598,539830,879744,1733351,3225336
200715,220285,279139,308620,374731,568440,849986,1713416,4052309
196491,217917,267318,308852,378708,557653,852789,1740084,3174450
191658,215457,263926,298646,379775,573357,880182,2001113,3195849
186483,215766,266142,307207,377187,543944,840935,1704075,4023531
197200,213326,270541,297842,371705,551485,850507,1676976,3312416
197171,215189,266136,309600,405820,560083,839291,1656236,3200558
188565,213293,262990,325941,384933,565594,851256,1688057,3110492
197457,225526,264280,312080,374896,544621,847919,1739384,3045322
190242,220195,266015,313631,379848,925806,846252,1693958,3013895
187789,222387,269676,309609,377737,605974,846361,1720103,3434597
199537,215456,267369,311835,382469,580786,837143,1688551,3118984
184092,222915,273289,309841,373464,561553,844390,1764640,3137695
183134,215411,265500,325047,378557,560813,840919,1687655,3089975
196814,217972,288912,295252,374731,561297,854584,1739550,3095107
186892,213541,279546,298679,383211,582685,830501,1740904,3091061
185365,217841,276882,300693,376440,572192,833708,1700902,3022577
203203,215796,265020,304049,391990,558179,944655,1723325,3317986
189151,215115,265699,297202,372755,555594,837041,1718635,3214473
186819,224663,270661,299821,385434,557783,842887,1716601,3104236
198879,215836,270969,296334,380459,564699,921744,1733164,3073662
188392,223360,263797,301177,379418,551484,953254,1699496,3075034
188268,216499,269817,298431,374644,562068,992343,1918404,3072091
197929,217629,269852,296277,374677,554200,844469,2433494,3905774
186406,218651,262474,296256,380757,553795,938628,1732097,3325338
188620,215155,259532,298090,376896,566597,904359,1784491,3205633
198649,213763,263238,301412,374288,562876,913998,1739765,3137229
189453,212105,265587,297320,385342,549365,916053,1769262,3120985
188463,226908,263176,298841,376973,572659,996762,1767204,3077651
189582,217333,268794,316683,377011,556520,1021687,1732183,3481865
186009,225554,269866,302223,377141,547491,985377,1729920,3309728
188387,214698,272249,298967,398885,561761,987734,1771603,3238192
187900,224651,262525,302521,373769,551059,980234,1702204,3215382
189756,215925,268991,294662,380947,565368,967119,1717145,3177648
186174,210795,266791,297002,378154,545396,991464,1708839,3237593
197676,214368,261200,299193,393050,551778,983851,1755158,3201866
189635,214486,268849,294799,386292,558816,973676,1711703,3535634
189484,212531,264247,295436,394544,548228,969419,1818453,3341486
187799,217715,270439,304158,370437,567845,963359,1999809,3205556
186914,218883,269823,298291,379619,547027,940957,1848896,3134195
187999,211722,260555,296415,380242,562160,946148,1835021,3115060
192654,219715,271210,294476,381497,552276,976457,1789740,3565976
186264,212962,282831,301519,379842,565455,958113,1806298,3326713
186274,213354,272853,300978,390434,582880,963498,1749560,3232794
190303,210924,265168,305749,376991,546610,972620,1758464,3184612
189106,213363,271209,302707,381029,554036,974402,1819465,3155667
189180,217043,264288,298792,374278,550379,972798,1774426,3116206
188118,211316,267098,298883,377016,556837,945713,1772816,4185895
188771,220171,280522,301390,376524,542425,985425,1822806,3321335
186311,217125,268201,300131,376608,564842,967930,1771950,3328282
186691,223266,282953,298942,373471,543630,969979,1773249,4367332
186780,216811,275656,300537,374990,548978,948741,1795203,3252745
188281,211697,275612,299250,373775,557177,953126,1767611,3198436
190151,213441,267353,297347,372038,545496,954133,1745359,4191863
185891,213892,270676,300738,372920,548235,981078,1764034,3384554
187675,212498,262148,297397,375165,542682,949230,1774281,3350849
188329,214996,266803,298028,382544,549821,976951,1747101,3199659
187377,221815,273203,297167,375905,556525,961239,1760946,3239845
188215,211121,270215,299119,372994,543623,978642,1963275,4161358
188683,222928,272969,300274,373889,541097,997060,1819453,3258761
188523,212804,273876,295991,405025,542905,971854,1772754,3406730
193260,214450,271182,295811,380269,548332,1005572,1810346,4471689
189643,212916,265386,298792,390948,575200,971256,1793884,3300789
194329,214593,268820,299185,379117,539969,935063,1786053,3260432
191541,215129,266001,297482,375932,555644,990439,1746922,4018411
189452,213089,270359,300045,376886,562151,973390,1747941,3195475
192945,213053,272266,294052,389234,549180,975657,1760153,3280032
188965,210716,276281,300270,376164,547374,984504,1736919,4653118
187848,223106,269118,303815,376921,543282,989049,1758148,3315006
190254,214349,266273,298307,386754,537996,969787,1821381,3279457
185995,243204,265251,294951,377695,550484,973254,1748051,4298288
190097,229079,275761,299753,374795,542128,959211,1763299,3196634
192496,212413,270961,301973,376164,546347,921838,1763886,3365538
186014,215807,271292,299304,382427,558908,1179273,1799007,4487868
190634,218158,270863,294225,374813,547676,928493,1735229,3269735
190455,216145,265256,297474,376363,547969,881599,1951934,3279590
204661,214230,264002,300729,376918,556388,950806,1794562,4234576
207022,212914,263307,298600,401155,568791,911787,1788199,3168792
199942,214377,272706,297177,379755,539309,923641,1778336,3154263
196363,219306,274321,297732,376423,544811,917397,1784823,3586328
188431,212413,262054,298476,378614,548294,946209,1760555,3296259
190657,222468,272791,297174,397620,553198,879334,1777756,4772346
200271,215863,263473,297491,380095,554496,916623,1754347,3378745
191143,211880,262828,316875,378063,540576,908348,1778394,3364072
189187,214189,268194,296826,395836,541953,895495,1786794,4408066
199385,216581,264501,296333,376386,559363,915898,1748495,3405482
185659,214243,265648,296776,376400,546402,917596,1760456,3286937
191677,218547,273560,295404,385801,546086,917494,1778144,3206460
202601,218971,271182,299908,377518,547259,904191,1803631,3177143
190107,214964,264630,298973,372117,540081,907191,1749477,4191992
192553,219674,266369,302805,379958,547445,906687,1771809,3179090
194424,211206,263416,302649,401512,542291,881913,1741515,4245823
186755,212977,262338,301365,375846,545971,877429,1762496,4310228
190826,215543,269264,297056,378517,558259,913569,1745238,3391077
197214,215961,263329,297530,382588,544487,923295,1947317,3485341
188076,212646,267043,295954,374344,544351,900545,1795533,4725430
186292,212210,270013,296965,373559,555972,894574,1847330,3442536
196604,226472,260764,301923,374463,566608,928907,1785300,3369269
187767,214092,263202,297242,381646,563169,902156,1781801,4539752
189196,218676,269570,293282,377722,539722,872470,1750033,3318594
195489,215630,263144,299954,393037,547372,917342,1755403,3284180
188554,208900,268794,305085,375302,559183,881100,1807596,4319690
187622,214111,274580,297907,398275,543763,909064,1752813,3439398
196545,216677,279180,301892,381686,541012,917253,1745792,3529200
188584,216707,273896,296557,372778,545277,917324,1755258,4633207
189901,213836,271353,300027,375094,546624,988409,1820129,3382684
196236,213809,265730,300458,375627,556346,998737,1766181,3490825
187297,214532,264313,301273,389008,537752,962189,1777619,4774611
186298,221269,272828,298119,375794,543359,980770,1781752,3504311
195541,215327,267518,299844,377245,538776,1023391,1763035,3632830
184569,221494,269180,296446,392818,545210,998718,1747162,4868342
186748,215196,270836,296238,381227,555725,990167,1792871,3675161
201881,216362,271628,297632,382953,545943,975920,1744991,3613007
189910,214473,261530,302796,375046,541986,992120,2010179,4703136
186143,214516,271693,298084,379452,560375,972756,1803315,3369490
197050,215041,271720,302750,382111,542357,967440,1827528,3366447
186621,213337,261754,296862,378414,545181,976705,1770155,4701516
185898,223635,276608,300491,375393,544531,965492,1769633,3442224
196757,214817,267443,301756,372609,563164,971105,1794277,3695794
191425,215805,267919,314917,377685,539052,975131,1781519,4685470
188964,210386,281102,296114,381583,567268,964274,1757471,3449581
196294,211330,266903,317615,374544,581820,976705,1747159,3373042
187799,218740,260794,299358,373372,539766,968193,1773290,4506814
187652,212652,270132,297688,380520,540121,923468,1763641,6901122
194819,212387,284524,301280,383690,553405,959342,1774226,3175800
186935,213632,279759,301789,374840,540817,950143,1787773,4285429
187844,220173,268511,321150,376333,544768,975034,1781221,3124569
200737,216055,266494,300230,406883,549423,963386,1813397,3081784
190227,221771,260511,307296,373517,545583,961043,1723819,4043786
188718,215258,270088,298085,376900,541019,960421,2040729,3215338
198441,210187,263285,304828,376338,546946,985683,1818499,6835452
191723,214673,264659,297354,375887,544419,979092,1901769,3210595
191231,213003,272932,303647,375800,571831,950584,1801257,3210390
191627,215044,264567,305869,392411,542154,910736,1797955,4146869
188448,215398,261817,308474,374178,540371,987555,1796576,3459937
187785,217853,269917,307138,376086,545178,992248,1762852,3326425
193712,212165,262833,304314,382388,537930,950306,1762164,4310722
190452,224645,262277,304708,373061,572248,972763,1870198,3172828
191409,219888,278856,329750,379926,545435,997979,1750456,3170165
196111,217829,266644,298654,371335,559142,969146,1761995,4163373
190199,215133,264705,298967,383100,545654,965615,1798889,3132929
190217,217993,271632,302365,377527,544147,928552,1782877,3461148
217903,212894,272344,300401,374238,547074,969194,1778328,4429221
205244,216463,265612,300141,373527,539815,920904,1739839,3276742
198810,214698,264965,304245,385740,563328,964849,1798237,3205205
187871,216600,263084,299461,377150,560442,965559,1715880,4208007
191071,219579,264613,297781,372922,581250,982803,1798046,3137231
186444,215915,272074,301438,373947,558541,964638,1754437,3242477
189989,225500,270214,298745,376688,570782,948614,1753606,4820102
188207,218515,267363,299305,370129,544339,955671,2059032,3344153
188535,215057,274940,303879,373308,571714,1191559,1789407,3532240
192343,213543,264066,307065,378266,544703,929224,1787274,4443796
186202,220254,261478,306850,384615,540490,885192,1795856,3367720
187643,213567,270723,310988,372440,547151,873874,1794986,3436092
193832,212045,278818,300945,376045,561846,858392,1765845,4259215
187322,222757,274533,305882,373370,548082,877143,1759776,3181290
187486,212700,269860,302786,400022,564913,858727,1792481,3181410
188542,223307,266165,310930,379889,539676,860309,1730119,4115312
188371,213488,269318,304113,373303,565819,840939,1753957,3240204
188744,213598,273147,306214,377718,546826,861268,1753182,3202918
191593,214089,267648,304551,399921,540508,876265,1783246,4443762
189747,216175,261053,306019,389968,540353,857167,1752286,3214412
189986,216940,271194,311311,379428,562184,850423,1805502,3264252
187725,212685,264614,305226,376176,549117,850764,1758839,4087298
188076,221039,261532,310711,374175,570183,839437,1763707,3228526
188324,216907,265064,306445,390257,542844,845024,1779417,3426093
191557,220594,264848,311619,399299,542539,833848,2004327,4180789
189026,215656,282066,309303,374712,568087,844787,1757337,3272695
192281,219675,290140,305155,376126,555258,833094,1746899,3188115
191084,216292,261193,302408,385852,570523,839992,1774075,3117182
187469,213359,266563,317379,372513,547940,834613,1766923,3194876
190339,212281,275369,303191,379937,548598,935070,1793124,3188971
189415,211548,269543,305589,375795,567022,823230,1788224,3519607
188624,216661,270849,301225,376487,550498,848852,1742661,3451048
187868,211244,272485,319491,376137,557474,825215,1747973,3266766
188278,221490,271163,306997,373779,543259,966009,1755243,4097513
189037,214506,270911,309550,377162,542765,985237,1752855,3170919
190447,220250,276603,305197,384824,545819,840209,1776227,3195219
186447,213547,267742,305422,375221,543491,939758,1771983,4545594
192879,211978,260583,306181,390716,563683,897483,1762558,3238497
185502,217786,270161,307443,373736,546819,997836,1759510,3324821
190354,211214,276726,308989,377656,542045,963603,1778691,4055215
189747,215169,270546,301676,375612,579257,972170,1792854,3182790
190581,214727,273095,305206,377468,540830,979585,1765588,3176958
189827,221078,266975,306699,373651,543131,988397,1747594,4638669
189337,213293,267354,306650,377956,553883,994636,1963155,3327796
194138,217344,263674,302860,378489,543116,973154,1786580,3263754
189354,218264,266067,320927,393118,559763,980427,1824406,4252876
189849,217770,262294,304628,375852,537061,962784,1741432,3160532
186496,212694,269063,307259,383211,547503,975020,1756853,3224473
188431,214392,263490,306794,372831,543287,964602,1762292,4128308
190659,215782,260356,307158,393120,547202,957842,1769722,3359996
192574,216832,261512,312811,394888,556015,958192,1745228,3244048
188512,220138,268430,298209,371833,541253,1000064,1748747,3199682
187613,213612,275282,290988,380484,543008,963862,1752232,3204361
185780,216391,268021,302298,377794,573596,959165,1748523,4216467
205847,211156,267198,303795,391895,547366,954759,1817189,3417621
203194,213095,268010,297555,372068,560244,969573,1729947,3332557
208316,216766,268415,298222,381874,561215,966160,1815599,4270621
184437,215437,270016,297107,391471,545257,963569,1764511,3291600
185162,217146,273164,300310,375515,546506,986913,1742528,3173949
197745,215170,264498,300093,377432,546213,979122,1758700,4000009
189354,216483,262977,298788,374946,568419,971867,1762025,3101884
186665,213767,268020,294975,374730,542949,971317,1746247,3397824
192630,222203,269750,314000,376205,552368,993273,2070810,4373306
191806,213001,271420,301845,391228,546993,969195,1781596,3215085
190184,223723,278847,296752,371836,544562,977398,1814446,3117686
196446,218685,274109,293352,399507,560590,952612,1766698,4091521
189058,214314,270183,301794,379928,536360,958898,1777217,3102203
188237,218279,270159,298162,391062,545628,972328,1759990,3266376
194316,214669,264614,301343,375990,549289,990482,1777442,4332377
187134,210984,265437,296709,383325,539337,976807,1735048,3185156
186496,214687,274840,297329,392863,549048,969017,1746790,3136936
194914,223191,269485,303220,374326,539790,959602,1750606,4207855
187365,212969,266822,296937,372351,565185,969623,1792696,3181049
185478,217769,272699,302500,375536,546719,964496,1762566,3299053
188699,212321,269888,298865,376160,541541,966793,1740176,4369778
188961,213868,261357,298425,374746,554222,973402,1758026,3210968
191271,215308,269353,314790,393139,543682,945019,1769742,3175122
192579,212915,265443,299461,377059,544689,965198,1814840,3984315
187270,215182,265064,298659,377110,549243,918519,1989364,3113367
188043,215898,276975,298467,372098,562494,949789,1738853,3123417
199301,226177,271068,303425,377887,554885,1005951,1778793,4415359
190231,214231,269895,298084,373225,536790,969522,1774108,3263971
187093,226788,281078,318173,374608,565969,944731,1728360,3182134
195552,216540,264818,302279,376441,545075,974777,1767658,4282819
186150,219000,270456,298020,375388,550760,1000908,1761413,3105489
187736,215124,274718,302303,373381,576516,1230199,1744640,3309222
193797,212590,263340,297654,393700,539958,913420,1770118,4422256
190383,215316,272609,295949,392616,561490,885380,1735217,3258729
189301,215404,276030,299939,392120,543122,873614,1788160,3148033
196182,213859,263307,316095,378333,569127,885819,1778809,4014549
187337,213145,262641,300781,384396,565818,853311,1767208,3082253
188212,223567,264345,300312,374044,542507,866658,1882341,3105341
198944,214920,271970,294625,374738,544013,859252,1755835,4549727
191033,220089,271927,302410,373402,541443,856163,1742339,3302281
186134,217398,263197,296378,382533,550238,840421,1754027,3274242
194222,216291,264433,300645,374436,562369,860344,1768497,4269504
187173,216337,261502,297178,374606,557086,845018,1766976,3088196
189949,215586,275512,296050,372500,544985,850631,1772179,3251062
197198,217875,280525,298389,383439,556798,845236,6716039,4441711
187172,211562,275841,297270,392539,543313,848426,1936402,3227338
189421,226654,268297,295095,372867,547084,838458,1797192,3201975
192862,214588,265214,300859,371654,561088,841134,1747264,3108573
191357,220863,258335,303155,380977,546041,851527,1771326,3103916
190945,213836,268387,298508,395128,546826,834782,1749012,3057158
197649,212408,267149,299164,374800,543685,846222,1762704,3471901
190682,213355,263080,297672,372968,543028,843647,1737287,3266541
187195,213378,276819,310131,375470,571998,978172,3755835,3144327
199830,215176,260064,301884,386662,560586,833142,3358955,3085672
185550,217632,265439,295063,373619,550161,840984,1744174,3073987
188823,224845,270175,300021,374736,542135,853447,1771260,3102119
202495,212551,273256,296558,394091,562498,946941,1725939,3031861
193103,223741,266635,297249,382941,566731,944792,1741631,3404174
193396,213700,274923,298035,381340,554093,823841,1796985,3199146
200048,215544,265234,299718,379859,561651,871349,1711246,3168251
192038,214113,261694,296299,376017,546407,849974,1748322,3110215
187629,216923,269115,292626,381756,540292,928418,1980741,3085280
189824,215349,263949,316023,406141,545324,951187,1805246,3376056
188428,212966,261447,316243,378026,547714,981729,1712744,3254518
186384,219280,267116,305132,373495,543155,985177,1680578,3148088
193287,213314,264654,300602,381977,537847,985962,1769826,3087719
189966,223070,270707,298552,377292,551470,955131,1777474,3046516
188403,213044,263371,313734,375196,546165,1023184,1753988,3075412
189131,221938,262572,306576,394087,572962,956927,1740511,3030023
187160,223103,259408,295729,373629,542968,997139,1733327,3242195
188225,212533,261664,301512,374859,547506,975844,1743746,3270461
190226,217121,260780,294231,375707,564251,970798,1735622,3174783
189150,218063,273431,302910,372456,543672,962336,1749397,3050047
188522,216478,271866,304397,376519,547346,914118,1747078,3014155
186423,214753,268062,302109,376604,546361,994641,1726908,3075244
190399,222656,270908,307000,371553,544599,1002755,1723379,3532378
188841,216523,265198,299163,371766,544538,976672,1732006,3269464
193109,225531,261814,325145,386782,546526,900657,1740495,3160116
210150,217410,270767,300731,373176,546786,978713,1711841,3127299
203947,223545,264594,297228,372598,545082,962058,1794518,3095267
191018,216108,271486,302431,376038,545734,960549,1964149,3082091
191901,214248,277167,300580,380984,547004,991641,1841395,3486950
196029,219031,265462,298212,391193,550092,962125,1751229,3339454
186260,215661,274290,308105,376574,548153,947924,1734484,3252935
185979,217138,277791,301471,373770,541766,918005,1726748,3192371
194740,215984,265906,304342,378981,550040,969817,1730504,3134044
189231,224289,270672,310113,378725,552962,937863,1730330,3089402
187361,213181,275223,306085,396260,569599,962804,1722903,3034271
197511,227658,267127,301890,372481,541068,952379,1712485,3343826
188813,226203,269366,305277,375809,544001,949618,1731331,3274384
192747,217613,273405,301988,376463,540057,947788,1719092,3140018
194678,219220,271291,304677,374399,548725,952037,1737972,3054430
188053,218568,266827,304975,370032,542164,962595,1720080,3052084
190914,216922,266531,301864,375247,571820,943508,1697771,3328869
190973,215201,268488,302750,371945,538094,965938,1757296,3238591
188473,220175,270369,307482,374867,563902,945346,1733018,3204606
187237,217800,270215,300074,374408,567582,951733,1731802,3109738
192995,221691,265417,305962,373633,553506,964172,1709351,3030213
190556,221164,261881,308579,377152,551741,979500,1721231,3025191
188144,223251,266613,321398,391459,535740,961566,1906536,3002681
212919,215664,262123,296890,371604,544106,967752,1756154,3289635
204558,219476,267305,306251,381704,559343,963218,1710186,3181999
188777,218189,269945,300874,385278,873721,903911,1748785,3119511
196667,216454,263875,298097,388268,593315,979702,1755733,3030346
186884,221774,264886,295178,372186,564136,903406,1762605,3037903
185847,220049,266669,299375,375194,573146,938592,1711565,3057877
196345,223989,277941,301528,381519,561629,990131,1736440,3534167
190443,235696,279925,301579,383911,587214,958615,1734032,3291832
189564,237621,271811,292637,371983,568172,1181085,1725753,3288615
199202,214306,265519,297709,373743,555729,892176,1714854,3114809
188984,223120,268190,300958,385876,559739,874079,1729677,3027705
189791,213242,273633,306895,380214,562961,867141,1722448,3010465
199326,214153,267115,299577,371351,553231,859043,1722361,3366307
186554,218763,261861,309780,378721,551579,847210,1717231,3224665
187173,217044,263783,306705,381054,564446,854367,1727187,3200264
198407,213917,262780,306237,373296,563911,840017,1937101,3141585
189528,216640,265346,306656,378973,571217,851443,1875498,3082843
191574,219002,271684,304584,375914,553098,860724,1823063,3052370
201339,215461,270788,308673,384321,551791,849160,1808360,3104170
188968,222058,269483,326019,384362,548596,842324,1823503,3388250
186156,217263,268246,298821,375045,551959,855739,1840038,3279731
203989,220649,267211,299559,373381,552844,844472,1796593,3169281
189954,220224,269902,301235,408235,564540,862352,1755839,3105944
187578,218516,283943,296895,378150,547974,852097,1789434,3091701
186137,216708,264989,300118,369109,565644,844339,1805811,3444363
188608,211447,269176,302072,380220,565356,834316,1734411,3275868
188375,213831,291388,297186,383248,572378,842569,1786062,3255497
186605,217488,281615,301410,375306,559752,832383,1727445,4286705
187125,224404,271047,299806,374954,553928,835028,1712633,3122542
188410,213043,276194,304322,374714,573537,824531,1705652,3386216
191026,224835,266197,303461,381169,544650,832650,1774675,4396401
190216,215383,268381,305775,375130,550285,824648,1723499,3534511
188328,224460,268612,303242,374688,555074,843252,1701365,3463078
189907,221480,263298,306172,376843,544417,917724,1735223,3549986
193962,212907,260236,304808,377401,550509,966365,1719839,3275670
189831,215632,273683,306940,384458,562587,841500,1961577,4388997
188856,218511,264429,305635,371328,566799,894705,1934750,3220342
190564,224696,267460,304384,376650,548840,852147,1853967,3385602
187236,212113,273652,310005,384288,550437,848486,1826805,4409660
189437,221389,263280,303878,378240,551051,846959,1807404,3234664
188197,214113,267990,302243,380633,545403,864252,1809508,3262289
190800,226488,273540,303270,371333,543772,916460,1863472,4171518
190584,220070,270740,305964,383949,555530,947385,1934312,3163477
189344,212407,267323,304809,388155,544806,973111,1793180,3344397
186673,215794,270726,305607,374910,544881,977918,1743146,4386352
194271,213111,267868,306383,394249,541841,989515,1739407,3157015
186612,214997,267494,309573,386029,545485,942781,1787911,3222995
184309,217196,277022,300938,377255,540572,996141,1750218,4164505
191054,244701,264323,307504,375713,544403,980454,1730479,3152505
188896,230500,258014,305191,376657,539782,1014397,1747394,3169871
188591,224688,261943,308769,383660,579207,943655,1800104,4593941
188028,215166,267306,305204,380958,539452,974159,1798259,3292619
187890,225079,274822,319113,377873,574945,897407,2148959,3228838
191055,215515,272387,310907,376003,558537,963412,1938803,4196736
186522,214398,266206,304412,381120,548221,970133,1892642,3156235
185285,215582,264645,306404,385411,543144,990803,1798752,3358827
187324,217448,270979,300209,372726,541694,902749,1818300,4476263
191277,215202,265988,304117,389922,561726,956150,1852021,3320056
193146,216308,263857,305544,386405,545770,957257,1771507,3243087
188022,226904,273006,301962,375558,544229,996645,1742855,4025313
187247,216292,263856,308145,373997,563166,950034,1725957,3166944
190918,223801,265709,307124,375315,557895,929866,1740695,3131882
188153,218771,269113,310261,377746,573892,959118,1730869,4340142
190513,224375,268649,307073,376704,561826,960828,1681327,3288842
189930,214448,266704,305981,378635,548299,977990,1705236,3281165
187459,217635,262468,305287,374301,537106,981703,1704798,3989630
189518,218323,261987,308928,401350,541836,979294,1686994,3142425
190695,217255,264290,306756,379338,552037,956939,1706384,3152766
191107,215688,263519,307381,372925,545592,939528,1756230,4333895
194683,215820,274150,305700,391608,566568,974654,1751949,3261368
187893,221773,260488,305098,378943,543117,977583,1817906,3227105
188500,216572,261202,304406,397922,536733,974397,1986302,4136903
216558,222532,262978,306520,378513,541795,952625,1784013,3252696
201679,218489,261270,308838,376622,540955,965782,1840470,3251904
202512,218234,268767,307715,376189,571142,962266,1747750,4580395
188965,214541,269146,328239,379779,538287,945879,1800190,3340959
188431,216084,270403,304356,395291,564342,962474,1760820,3271152
192419,214122,268049,306097,392285,538186,996162,1766826,4268223
188231,210879,262675,308217,373519,566696,942787,1789503,3202599
187893,222430,264326,309858,376852,536732,973184,1763465,3205698
189054,217016,264403,306621,376097,544387,962461,1742774,4151014
188896,229868,263927,304801,375703,539293,989747,1792822,3477468
188602,216821,275991,306399,376164,561269,956539,1732590,3282538
187723,224559,268739,306997,372489,541799,975887,1751337,3172074
191535,219610,264732,306125,391502,552888,939557,1718610,3205477
189482,213476,270969,311295,376906,557751,1160302,1757378,4116586
194910,217010,262665,305878,373062,541688,923324,1731081,3490936
187062,213843,267379,301321,372078,545242,885617,1740292,3241819
187126,213013,279019,306904,377175,563560,887107,1789083,4646440
197295,213999,269782,325667,372073,547986,870609,1723480,3338796
188791,225563,265439,298332,372885,541519,856871,1935023,3290102
192162,217725,272132,293274,394709,826647,840202,1834836,4274168
196744,223288,260945,298452,383635,573117,854174,1717127,3199846
190737,217705,271001,301229,375013,541591,840014,1701651,3481770
188897,213628,288963,314805,377780,540273,867275,1782469,4419158
195970,216863,283530,302486,374937,556932,840611,1721905,3269264
187884,213317,271582,297359,383541,565318,862412,1752497,3244554
188882,221330,268929,296522,383307,542584,844018,1769753,4126276
197155,220053,263924,299699,374123,543615,848063,1731370,3085088
188604,213745,266888,302991,373533,535566,832861,1733174,3389112
188008,213887,264841,296116,385344,549078,839286,1743133,4410393
192696,225951,271729,297995,385692,539951,832584,1713199,3222516
187731,215074,261362,298997,373798,552193,836088,1702283,3151794
188322,224407,258783,302841,375191,542604,830608,1712158,4170969
196023,219118,263344,304064,381465,568702,840305,1720603,3155673
188112,216025,271357,300028,382651,539023,822111,1728867,3511260
185933,218636,277758,297428,377931,541308,899128,1955518,4364510
198203,214223,265225,298251,378821,536245,825647,1750940,3219720
187718,216600,267071,300679,379835,552210,834861,1684963,3177597
187532,218470,270112,303188,403576,542919,833676,1694159,4106601
198047,223002,269073,302382,377520,536982,914608,1673295,3148159
188075,217440,270826,298853,377901,549476,894009,1786750,3119485
201769,221751,275176,319022,384874,557357,925100,1733490,4454029
210453,217219,270210,295643,374763,582326,952483,1741702,3287402
198104,225903,263771,319482,371057,545804,836347,1730896,3219740
189794,217639,279135,312456,377010,538821,902417,1760118,4235852
199442,214573,260845,297098,397182,546231,904723,1788838,3134087
189843,214726,263130,318536,375043,543286,857781,1771260,3392090
186016,214693,279773,300425,376845,564720,948304,1772099,4324374
190981,216582,269365,300206,374381,565171,958887,1771400,3255997
190747,216134,267254,320683,375947,538512,931660,1755006,3254916
191024,222273,272800,299412,377557,550881,997875,1762799,4059130
190200,211360,262229,298020,394028,559337,950628,1758797,3170702
192084,220714,267158,302182,373963,555200,987702,1804840,3329483
186229,214940,272552,302305,374050,559299,979852,1944347,4517166
190613,213874,266459,299632,381057,544008,1037478,1992338,3239955
190719,220268,271173,297417,371360,544908,983032,2095737,3449485
193137,216840,276165,316125,376760,545456,1000365,1948381,4493802
191793,214226,271595,312038,374171,574790,968461,1833978,3282532
191386,214664,264757,325976,375462,3618798,972055,1888416,3285729
188635,227019,274603,306603,377647,634063,946900,1804145,4508243
190784,212753,267379,325105,375513,588810,949175,1819853,3371423
190986,240459,264056,304905,382152,541119,970536,1762959,3307433
187444,228685,272115,327170,377941,539966,956932,1725595,4086936
189136,228857,266585,306879,375955,544983,923933,1741178,3145820
191572,217860,272974,322246,394145,543970,1045899,1738224,3217288
194914,214856,271018,303289,376559,546554,974172,1767628,4928851
191411,217150,262068,297499,380672,548583,964728,1719687,3759763
191432,215556,261718,296289,372015,544377,916942,1757229,3471467
191171,220097,268399,300509,392553,564115,972133,1718393,4525113
191564,219376,266817,299001,372139,536717,944557,1733074,3551366
186543,219805,272340,300114,382347,545549,931891,1715710,3482621
189006,214607,276132,298071,385746,541688,956944,1710796,4476193
188323,223949,265340,299591,372805,545722,914943,1924490,3473875
190710,218026,264461,297290,374151,559241,1002751,1849497,3347149
188252,221846,279514,299384,385357,560956,981387,1697825,3178528
190306,215485,262313,297713,400959,552184,965061,1762267,3213108
188846,215969,266164,300432,371821,540912,966157,1813362,4315481
184560,215229,273272,298782,374645,542413,994420,1771098,3427652
207651,212617,267639,298014,382880,573050,953410,1749316,3317239
202751,217272,260913,299227,380971,560525,990657,1735382,4390399
205716,215324,272703,321917,375722,549080,907977,1718076,3443035
188356,224419,269484,302937,374910,540355,959144,1769978,3567659
187841,217459,267674,296861,397709,560557,961451,1802930,4422216
190710,222559,268320,307072,377750,540620,975407,1724891,3392080
191019,219483,270615,295703,375193,542577,996329,1715329,3441713
190249,216264,272584,304695,372745,560626,952695,1708382,4380544
197710,215319,272306,299132,399888,564584,943524,1728990,3309090
187355,215856,270782,303400,377337,557901,974173,1721746,3238410
189677,216578,263749,301730,374908,562967,962846,1719248,4197062
201708,213030,267589,295308,374451,552015,949204,1729400,3197871
187445,213941,264303,296334,392784,561641,966047,1703414,3633836
185924,211434,271448,299885,380984,544626,1180981,1998476,4788156
201055,224738,269430,297281,375062,571335,908183,1763042,3447343
187266,214893,268161,295755,375715,561054,907813,1705029,3460937
187552,219557,268553,300032,371411,544608,862921,1687637,4524403
194288,218690,272297,302843,386380,538677,853562,1678493,3888290
186265,211066,265593,317597,374664,2127753,850949,1746482,3539341
188755,214746,262520,317077,372592,953794,853238,1865821,4511596
199761,216484,267457,298114,375614,611357,848303,1729104,3330051
186078,214861,260749,315367,382541,555677,849832,1740000,3268923
189863,217475,269845,298307,371583,586127,831939,1750860,4004274
194644,223141,274597,301588,378320,582464,845340,1743347,3191349
193132,215944,261605,302578,380469,571084,829492,1717438,3197412
184306,223292,264746,298398,396312,575016,847271,1723007,4525336
213181,216158,266031,315314,387029,565839,838255,1726964,3334695
206814,215730,264780,300546,376377,570264,847405,1697217,3313420
198296,214459,270368,299540,373592,565457,833076,1737533,4343278
189575,217548,273061,297714,399249,564995,845900,1711085,3566607
185163,217427,270295,297876,374393,553880,866945,1719547,3536426
189235,215340,268208,299046,369242,548332,876821,1794546,4436749
186478,226463,277098,303273,375283,546730,868413,1953081,3291854
187279,212928,267311,300439,400793,546421,854217,1758589,3196802
189640,223850,268698,296436,393037,572873,871574,1696729,4016033
193981,215735,268514,305235,376991,562627,864363,1712877,3240741
189369,221005,269915,296714,372954,541050,870944,1747619,3151155
187516,212003,266084,321593,376248,571542,857738,1712085,4617934
188161,215106,262546,297170,374433,552881,983996,1734270,3286497
189933,215355,266385,299250,375280,565792,906491,1734191,3332432
189426,216675,270796,300676,372634,548114,915257,1739334,4273602
188486,219083,273344,297105,377997,563195,869455,1757493,3191420
193374,216753,270679,296827,372818,546406,916129,1719832,3208222
186766,221870,268158,296491,372427,574906,873719,1715811,4596373
189987,216331,268398,300371,373528,543850,884088,1707155,3281908
189711,216177,269427,297554,384363,558581,869998,1694041,3306955
191106,219412,266285,301849,410870,547065,989650,1718153,4279251
189497,216742,270422,301923,376066,549590,979982,1754298,3191306
185026,216902,267778,298503,371420,567447,965966,2005742,3272494
190541,213433,273691,295988,373062,546334,947443,1766727,4598363
189161,218644,265680,299734,374407,578885,964479,1689682,3332953
187294,220753,276261,301895,371573,543712,975341,1703229,3330662
187843,227464,260590,297356,369614,567663,993581,1725615,4307713
188175,218043,266112,297669,693244,564607,971991,1735523,3188563
190450,227933,266795,298341,412123,544394,997323,1692434,3289781
187125,215280,267329,298849,396751,603179,937790,1740287,4312835
191185,222296,270529,301587,394572,540558,996221,1753781,3391612
186589,216546,274491,298725,390446,562795,948800,1948187,3364859
190184,219946,264988,295789,399498,544565,986713,1719953,3224956
187999,218066,268119,302821,395165,544850,951361,1736132,3148069
190157,213402,273254,311626,388100,552184,983542,1788589,4104824
193287,215731,262691,307689,385993,542493,970841,1731269,3252605
189258,215760,273882,305905,395171,545807,947772,1743904,3296260
188979,223830,262458,308603,387864,560901,972830,1739504,4281365
189082,215957,266545,303811,390362,539786,986470,1708755,3136728
188228,219765,260663,310369,390097,592857,953398,1728540,3155994
189972,215708,261901,302297,385268,544129,999544,1703696,4026984
186990,217438,269701,304475,386180,558569,992414,1973715,3061204
189484,219965,263312,305027,393561,542041,961814,1942780,3303292
190453,216266,265119,305773,380635,570649,1003024,1768217,4355190
185616,214926,273507,305806,384089,561691,928786,1698469,3259761
207154,215937,274129,304602,398676,543963,985929,1703073,3157295
204639,222109,273592,311917,397670,543259,956617,1745898,4203600
207921,214450,279642,325345,384515,563006,922449,1750759,3321250
201115,223318,270218,304184,387345,560498,979893,1752133,3406116
189519,212802,263294,299420,390496,541436,941149,1742270,4301619
199462,214540,271837,297951,380710,547048,997532,1732203,3217444
189507,214098,263682,299389,386969,547414,966408,1697188,3213918
190051,213625,266589,298101,382122,586794,957603,1720156,4104705
199987,215605,274821,299930,382051,547158,931429,1866402,3066106
191627,219131,266194,300279,387147,538703,983432,1750593,3264099
188701,218743,264821,305673,384079,569769,924862,1747303,7014881
197773,210834,277524,307948,383979,581597,949137,1755723,3184874
188878,225813,273561,310105,386728,567416,922842,1826195,3142381
189021,214403,266465,305863,389620,561852,913142,1738742,4117193
196682,229523,278328,300760,380890,547061,999442,1931235,3039827
189008,218851,266077,306499,383168,564320,899957,1768938,3096159
189174,215881,270785,304922,380182,546850,914325,1745669,4470013
193262,214815,271153,306021,391803,545565,979380,1713678,3853352
188371,215413,259519,309771,391322,563842,940875,1779050,3189447
192180,213137,264310,307687,379506,547046,1222024,1752137,4152506
196804,213805,270381,304370,381794,547221,899505,1732576,3189718
190596,225842,267188,303410,387039,550267,893135,1747380,3436149
189102,216188,261538,300061,379322,562543,870877,1716993,4447496
197312,224974,276659,307005,378245,539135,852467,1729230,3266843
192214,215381,267828,303461,393665,562552,850280,1728731,3227863
189072,214277,260729,310869,387847,557317,845157,1763065,4132233
197301,214222,289662,303715,379876,560749,846692,1749067,3282533
187592,213878,275578,305574,380968,559082,850243,1739181,3214680
192760,215200,266765,304340,375222,546608,850139,1729022,4347150
197921,214056,275988,310362,382951,549327,843217,1702212,3253465
192235,211593,271466,303994,381070,580462,844127,1726576,3235368
187888,215789,270404,305604,376159,561932,882970,1746431,3351236
198435,226952,271179,307211,393851,575032,842775,1817268,3518928
189479,218301,284376,338985,389539,565702,837872,1938524,3433039
186959,224713,281231,303954,379377,547652,843225,1768348,3585451
190833,217119,271038,298939,377159,542891,829632,1676708,3248582
187872,213919,264261,297880,393508,544191,834192,1712410,3207444
187786,218606,268263,304092,377673,549215,848616,1701097,3091501
189429,215467,260491,296344,388004,540954,848754,1716168,3071226
187095,216985,264983,307475,377006,561040,842522,1733846,4323580
192335,211790,262639,306637,391139,543262,946121,1730831,3495129
191965,225153,269191,298812,378508,541481,831189,1728956,3352001
189337,212424,272154,306307,387351,543282,857911,1793767,4310047
188556,224230,269349,308301,376861,592231,834432,1807532,3258794
189802,217247,280950,315355,378883,544210,917324,1728291,3133008
191409,211717,270245,317873,392968,562120,910394,1757990,4260532
190867,214178,269539,309254,380607,559168,852568,1742779,3162543
192090,215215,271010,326771,386078,540525,866906,1752675,3313343
187777,216925,269619,309520,396871,569625,862023,1743536,3255749
187326,218883,264963,308735,372616,542715,981549,1753769,3134101
187425,226087,271901,306748,383769,566368,868998,1738165,3086293
189237,214141,267616,310321,376109,584123,914381,1758603,3070383
187833,220168,271892,308035,375947,552924,907267,1921351,3269753
190513,212370,279470,310027,377283,541642,936834,1787997,3263709
187748,227807,263234,311740,386774,559559,975773,1709767,3210517
185839,212570,266118,304714,377866,540776,936433,1680153,3051492
190827,216354,268217,302190,378412,546190,982743,1731167,3049266
188024,216239,260415,298747,383321,557247,984802,1743915,3214314
189825,216686,265380,302541,384176,566357,947082,1753125,3329778
190619,213358,270119,296339,381663,579825,1008425,1743734,4455736
188972,213340,266536,302078,376659,572219,1004738,1741854,3240629
190386,224455,272027,298219,372097,540115,994950,1796457,3200819
187350,216577,274483,298982,379032,551208,977309,1698201,4220070
187092,221217,262800,298343,382137,541279,967813,1704026,3088028
190116,216746,261793,300862,395135,549098,981587,1747133,3169101
188816,215518,273203,302671,375686,547777,993197,1740069,4383321
190368,214931,270581,300609,385739,564413,999434,1762405,3235788
187970,217031,281837,300410,373204,546765,975772,1759292,3236628
188515,222658,273710,297946,374568,559536,953051,1921826,4121294
186760,216386,274635,299882,378179,537221,981723,1788415,3230265
186864,223890,264158,295121,380515,547373,914188,1733223,3115783
188942,219527,275711,301123,377686,566027,958773,1710265,3388658
187234,224887,263221,301097,378177,552603,996937,1785412,3311541
189898,215596,271348,300281,392858,541352,973545,1758941,3255099
187931,225803,272567,297539,374631,562967,914670,1723746,3114685
191348,217768,278698,303769,374864,584445,960038,1738869,3079481
187051,212806,278729,300754,394785,577008,924929,1766072,3232649
188722,217200,276016,298852,375797,544444,976932,1730122,4252067
185353,214004,265605,300780,396257,542466,950004,1698704,3483888
189379,216708,263263,300414,384690,559391,971841,1740169,3311642
188827,216085,267883,300006,377971,548512,926874,1715217,3180438
185259,219616,265356,300949,373219,589441,987699,1749834,3145930
191088,219151,260094,300280,375267,563585,981330,1698442,3069973
187611,214434,285153,300191,382308,564205,951723,1707758,3432590
187248,216730,276713,296260,381264,568570,959836,1783379,3272083
187751,214086,264431,299317,372402,550864,971177,1737074,3191835
186397,215369,275539,297360,374751,561506,980481,1742916,3093609
191451,212193,265774,298213,387209,542740,981234,1721339,3006104
188491,215798,265195,302385,374785,545212,917721,1918601,3138658
192797,217142,274828,300255,372596,564012,920393,1799527,4054746
188535,224254,262823,297486,376810,550930,966420,1714610,3206476
190010,216223,268260,297438,382576,541191,942790,1756434,3254339
190367,221314,275360,300711,372486,537457,985760,1713531,3125669
188731,212526,269321,298467,373630,544519,990055,1784972,3140419
185379,212643,266575,299001,371471,574374,896674,1782156,4183024
194361,218170,275758,320038,377910,543758,973194,1762925,3122867
185133,213733,269977,316380,378620,540851,1175632,1745069,3337135
188690,217264,263783,296417,375934,545098,911152,1740070,4286052
190755,211278,277317,295538,371780,543948,865084,1710890,3217118
193698,221205,262149,300769,377182,554635,844849,1713698,3185893
187201,212206,264039,300688,371973,546063,851100,1665928,3991861
196686,224158,276485,298419,368865,557344,854619,1767553,3246549
192410,212906,258546,299130,376738,549328,853067,1709029,3424069
192529,225538,263925,297953,376396,544863,845878,1709175,4466204
186710,218782,274364,302049,372435,566635,849413,1705614,3299960
186652,213676,272711,296092,374820,538638,849404,1996900,3214011
195729,216088,274912,317383,372224,543067,853186,1730725,4187235
188412,223207,270190,300949,373882,559607,837399,1661472,3153234
185441,217539,272174,304344,377337,559058,846012,1698019,3172212
194853,216655,265298,295702,392761,545569,836699,1686939,3260337
191663,222606,268948,299513,374347,545428,848470,1782382,3240419
191755,216660,270548,319758,382819,546543,838423,1772079,3141101
194015,218320,269913,297950,389936,546471,838459,1706967,3212161
189570,218108,270030,301992,372542,555266,835192,1765101,3949997
186762,215931,265463,300733,375476,554040,855573,1727814,3269960
192065,220596,267153,301386,381792,560612,833134,1767155,3318891
190007,219283,268474,294787,370286,554259,839369,1722606,4142280
190472,214940,263199,299772,374841,542068,832611,1753348,3150970
198238,217367,270062,299266,373547,553688,843986,1745282,3226587
188432,214625,274740,298860,377369,543767,824500,1746262,4455675
189311,212445,265312,297241,375989,543782,840553,1706821,3208490
194170,223260,266521,300405,373626,547285,931643,1730267,3456672
188818,219552,268656,299520,373292,566019,931786,1738478,4404810
190502,226896,260929,302107,384028,551423,1011791,1743573,3259677
192604,216236,264337,316224,377316,566955,906525,1930609,3215113
189343,234439,263271,296706,374421,556514,920584,1761350,4184001
186310,229943,268752,295020,378814,543778,961551,1765665,3232511
190991,218265,264115,295581,380003,555271,907512,1719703,3375730
190742,217484,269684,296385,372982,555195,842481,1724838,4408370
188649,214911,269167,301071,374563,542807,916308,1697112,3263675
194215,212858,267773,304151,371915,548146,995553,1718147,3238815
190459,217582,275387,302987,380383,541395,936527,1737494,4194784
189329,224062,270201,298302,375874,583654,930784,1719397,3179764
194027,216052,264237,302709,373201,545647,985483,1766249,3299682
190694,222772,265758,298656,373546,544408,970989,1708080,4449691
189312,216957,262151,315685,381022,564004,1010503,1726095,3220781
195948,217571,261568,301637,375358,545514,994945,1737756,3404651
188242,218007,276808,297428,372047,552519,946577,1725051,4062774
188803,213580,265375,298236,374714,584974,992753,1748319,3229917
197573,214299,262320,301617,383353,545639,1010081,1757522,3068590
189292,218065,273902,296200,374342,569946,989319,1757076,3302520
188321,214038,272428,297701,374852,573532,980239,1747415,3228822
195748,218523,266348,299052,375711,566302,962388,1734805,3142698
187888,223413,289548,295184,372917,568508,967182,2008795,3108788
189063,212365,281962,298561,377342,566198,1009703,1816084,3249921
195744,221023,268787,300118,375931,567081,990399,1734786,3413180
188781,213963,274575,297582,372399,560859,983831,1748373,3259311
186555,211702,264932,300594,378743,561732,965766,1765635,3261732
194526,215786,263525,299095,372957,549027,924848,1728079,4302108
191089,212073,269896,298927,393410,549871,924526,1723559,3128705
189027,215982,264725,299334,376978,542356,985501,1734548,3188268
195674,213351,264756,300660,385288,546930,934685,1708702,4098921
190772,227327,263517,300583,373591,541411,996461,1719297,3359003
188298,219917,266085,298211,392895,546098,977484,1725188,3298115
201478,223220,264691,299052,390208,577924,966740,1706224,4375218
189585,218875,273686,320549,380507,544438,983238,1744286,3241466
191005,217756,264132,303966,378037,541032,977699,1749425,3186488
199522,214965,265078,301919,376197,541613,911642,1716862,4023951
189870,216007,270701,299292,373797,585095,965928,1724781,3442172
187921,220288,267644,310813,382149,551471,936251,1978206,3273385
195461,216198,288067,316778,383336,545257,911233,1768227,3141802
192431,221855,281042,307784,392575,552790,989817,1723154,3152842
186615,221229,267548,307122,395318,545544,1004020,1713731,4054583
198850,214529,265714,304567,370960,558902,984531,1653831,3090082
193955,216075,273152,301943,374968,564060,1004929,1749122,3360751
187287,211818,264866,305072,375433,539631,988294,1705743,3258634
195826,210722,264585,307352,388705,549249,1019735,1733564,3205240
186782,234507,268623,298375,372648,542313,994843,1744175,4269451
185010,233497,262379,300207,379478,553171,977899,1723280,3238485
195095,217479,266318,299366,371658,542166,1027037,1720928,3234251
189880,217835,267057,299588,372351,545359,988857,1790312,4197471
190267,213886,263573,297430,377570,544966,990351,1777972,3294030
189702,222619,267198,296621,374231,545622,1000474,1779518,3296763
187838,211356,263977,300235,372408,555823,1165701,1751779,3190074
186674,227205,262585,298348,376521,545940,879059,1805165,3195550
199043,216338,264459,301681,370757,559229,838652,1760179,4157934
189474,213540,270351,303301,376273,569081,845020,1721972,3320808
189513,216887,263842,307670,375944,563615,824678,1779414,3363836
189583,215141,267867,295978,372949,541396,831637,1735139,4441486
187529,216209,269814,318863,379846,542149,820948,1925746,3204537
188827,217006,265619,303758,376284,546323,829782,1769321,3196151
195122,217036,266832,305473,373906,544595,827316,1697134,4140679
191363,214559,276796,300126,372394,544186,840831,1688206,3113387
188109,226437,273324,307175,399784,576807,817947,1723928,3306368
193869,213796,270035,294125,375682,549650,823437,1731459,4486410
189847,224620,275850,293494,371191,544085,839197,1702077,3260955
185342,215905,268078,299566,373312,572879,852491,1723358,3213407
197002,213662,267784,302346,382639,562964,853735,1704135,4089765
187355,216012,262860,298661,373342,575386,849987,1702561,3196315
184995,229357,261291,294767,372850,561028,839213,1716628,3219809
194418,233051,262954,299508,376104,566976,849419,1762954,4384341
187611,216580,264029,302122,397466,549202,840532,1727131,3212778
189961,216101,262122,299408,377019,550109,848805,1721139,3198629
192830,213691,262664,305331,368285,543968,840179,1795588,4130003
189180,224494,261213,306219,375285,560602,853358,1708165,3209284
187131,213496,262387,306512,378542,559304,843692,1717842,3510836
194398,223759,266898,300246,377457,537435,851114,1936973,4504192
189422,213168,260961,302005,369977,599342,845391,1728247,3276033
190795,215721,266058,306583,392376,542474,1005942,1684334,3198989
189968,216864,268728,308568,373871,577112,911932,1667165,4154691
193797,217068,285179,309458,383566,543383,829780,1692327,3209755
187618,214883,277000,303496,371947,551120,1002725,1762112,3198184
189018,217460,273110,305700,389644,559909,967249,1717959,4500824
