x86 fx b16,x86 fx b32,x86 fx b64,x86 fx b128,x86 fx b256,x86 fx b512,x86 fx b1024,x86 fx b2048,x86 fx b4096
1501243,1069699,1268971,1487480,1832502,1781706,3136897,5665578,8778884
1190888,1082617,1194833,1272271,1260022,1528377,1721657,4397086,9802863
1134091,1080197,1231178,1164982,1256124,1325364,1698880,4362863,6065802
1130889,1082654,1202661,1145251,1285881,1315990,1727660,3448873,9122916
1158335,1081136,1220145,1169897,1281175,1328265,1677968,2954906,6683876
1173367,1082833,1206627,1148688,1285944,1334083,1739358,3469209,6372573
1135702,1081969,1220181,1170708,1316052,1311125,1746581,3975852,6329279
1132968,1083180,1189161,1153437,1266757,1335482,1681778,5054749,6227449
1134917,1089160,1208173,1167902,1281005,1324186,1680018,4772272,6148751
1124413,1090597,1215783,1160869,1275523,1300620,1715856,2880449,3895631
1136407,1086818,1200541,1170338,1290519,1332020,1642381,3685037,9919889
1127475,1092729,1176069,1160284,1285478,1323344,1617253,2755543,6799684
1137491,1089084,1188996,1165020,1280074,1329656,1705142,5760596,6583375
1130172,1089710,1178199,1162943,1268909,1338691,1636378,4809355,4028498
1129999,1081899,1192926,1169295,1309273,1313643,1673601,5461910,9991165
1128992,1105626,1189733,1166808,1257690,1299470,1724536,4580524,6533657
1127760,1112078,1178460,1184121,1288587,1339754,1692285,5386821,6192891
1132357,1117709,1183806,1164395,1267069,1310430,1608196,4593654,5621973
1138200,1108584,1143518,1158939,1279901,1314753,1662942,5335015,3819842
1128094,1107330,1142520,1158477,1260361,1344168,1651159,4648438,9773152
1127362,1103656,1148423,1161326,1285352,1310647,1637052,5282166,6320113
1136677,1106410,1146571,1167006,1273038,1304987,1686913,4488690,9438537
1129816,1108310,1145346,1142670,1297981,1345380,1643159,5383060,6308948
1126659,1111613,1132660,1149622,1246936,1303325,1594115,4492249,4265981
1139750,1110673,1145782,1148717,1290430,1311774,1690806,5333655,10362038
1146718,1115811,1145543,1159247,1259668,1328512,1602896,4552721,6496832
1130789,1108133,1145060,1164832,1293778,1326755,1587990,5273410,9608956
1158879,1096294,1136897,1154150,1270519,1310975,1639379,4164836,6171653
1168477,1101459,1141282,1147781,1297763,1344856,1616919,5984474,3932785
1132993,1129263,1157336,1151849,1245930,1330912,1577508,4741352,10424139
1138012,1119507,1148297,1153853,1277597,1305775,1650910,5352478,6402418
1128151,1131783,1161179,1157885,1290708,1361030,1590447,4686311,6308117
1127981,1120441,1150419,1159451,1305588,1315620,1563246,2789778,5074147
1138450,1121496,1153457,1159193,1255717,1309831,1652017,5717616,3708221
1129647,1127143,1153584,1159734,1294091,1325044,1581989,4631728,9970192
1129012,1133649,1145045,1145233,1248781,1330119,1892068,5364142,6641271
1132179,1127045,1161764,1159020,1274899,1325498,1648459,4720856,6216833
1130798,1141949,1139843,1150399,1266777,1326750,1598688,5317267,4138504
1130365,1121935,1149290,1165872,1273960,1317118,1602410,4744841,9790383
1129734,1128312,1157010,1156702,1242199,1315330,1646634,3557100,6357455
1133867,1128972,1137010,1136514,1293989,1320489,1639442,3053554,6004296
1128659,1129380,1154343,1164272,1260970,1300800,1600101,5375115,5618605
1121553,1136689,1141900,1159120,1305164,1292065,1632878,4629343,3818652
1127818,1127670,1151856,1154808,1260175,1346296,1575648,5289889,9667288
1130442,1125319,1160839,1165957,1292363,1315031,1546745,4093836,6588916
1131242,1128592,1151984,1157070,1245886,1310213,1609432,5957339,9531733
1127001,1120742,1162292,1158802,1285811,1350122,1587743,4729872,6337056
1127235,1141747,1140344,1164298,1247105,1328926,1569111,5866689,4286639
1134455,1123647,1135656,1165799,1289476,1318377,1606034,4757867,10354237
1126634,1128212,1147474,1155372,1239963,1330114,1592366,5474691,6274370
1126657,1123907,1158025,1163676,1293928,1326823,1548944,4699590,9809737
1125105,1128948,1141138,1150345,1267572,1307967,1607643,5410048,6334392
1122802,1125620,1150234,1166344,1290686,1330722,1550459,4651257,3954280
1122979,1131776,1136026,1153275,1268688,1336103,1544679,5334465,9357715
1129830,1121401,1138675,1157381,1304521,1314020,1586029,4634762,6782824
1126383,1124749,1152956,1168731,1273316,1352483,1579877,3183649,9758805
1128995,1124341,1151104,1157507,1282721,1321876,1561878,2632532,6568228
1127987,1127770,1139113,1154775,1262176,1301282,1605859,3532408,9209812
1127076,1130541,1153513,1158617,1294024,1346682,1599872,2614880,6218667
1123420,1141857,1166476,1145220,1268690,1311105,1643903,3522173,9022741
1127798,1127633,1144803,1167588,1271631,1296282,1614013,2402327,6738446
1124018,1125919,1140486,1155919,1287382,1338756,1649302,2091962,5242789
1128414,1127665,1156430,1155401,1292798,1314573,1633702,6421247,5136850
1156132,1124073,1165118,1153298,1244320,1311974,1696770,4753189,9369126
1176869,1136796,1143448,1153555,1293557,1349169,1675808,5088691,6308432
1124244,1124672,1137127,1156105,1245838,1330335,1596162,4735723,9885749
1135345,1122588,1154826,1148712,1305017,1300956,1618611,4642576,6523718
1118638,1128287,1153389,1166263,1273262,1344214,1622837,3289243,6801599
1122545,1123298,1170498,1146724,1274372,1306379,1607878,2651259,10216404
1127065,1131943,1144431,1172638,1245655,1304227,1659335,3636016,6272346
1135916,1120848,1154002,1147629,1287243,1334610,1594009,2688542,9418414
1126513,1131358,1149282,1163769,1238342,1316051,1583176,3592372,6770918
1124086,1125665,1146502,1154468,1288774,1321874,1636093,2585353,9629618
1122434,1133976,1143376,1169945,1249791,1335581,1570714,3628149,6360855
1125108,1130710,1138076,1154061,1293301,1325512,1609819,2639814,9715193
1131003,1129046,1135626,1170365,1254717,1301620,1620399,3436859,6506323
1124706,1125446,1161860,1160076,1281346,1327730,1603911,2529747,9354721
1126190,1130786,1152848,1156376,1273048,1314738,1586493,3615663,6635212
1131759,1125307,1133980,1157970,1308638,1292060,1655986,3026065,9713037
1129065,1126660,1150107,1154302,1266456,1322233,1595960,6053265,6396358
1129861,1124406,1154913,1158180,1289675,1330547,1560926,3713035,9623389
1135380,1125022,1149913,1172221,1244252,1315933,1653534,6038259,6397201
1126498,1124102,1158525,1158518,1279054,1331106,1602499,4654297,6229505
1057880,1132276,1128327,1149343,1240330,1320418,1578308,5425338,6805100
987064,1126949,1138417,1163206,1283036,1310349,1650515,4690403,6362188
986634,1128889,1161051,1151649,1249843,1344595,1589853,3240261,4017764
991606,1133081,1154181,1153758,1273129,1328445,1585974,2652699,9998012
984052,1113459,1145623,1150116,1273150,1302933,1636132,3731429,6215671
988574,1100256,1151272,1157021,1288839,1336742,1599971,2651680,9326648
991260,1123980,1136265,1147451,1291778,1311760,1574667,3641446,5502774
986825,1124950,1150383,1159496,1265795,1301676,1762505,2594199,10048151
990154,1124664,1154088,1153009,1277471,1345720,1587436,3534506,6500052
985589,1122258,1162613,1161708,1282920,1321810,1581489,2624774,9430736
984920,1134257,1138534,1165203,1258918,1318990,1634982,3475386,6229134
982783,1121588,1147278,1152757,1293826,1356549,1590779,2660415,9528452
987880,1129892,1140763,1144755,1274732,1306148,1561416,3515043,6736483
984788,1133801,1160411,1154476,1292488,1301894,1650715,2962982,9615664
986381,1125282,1137684,1161301,1252884,1337437,1641335,5923636,5151743
989149,1124405,1144259,1160991,1291432,1329832,1585113,3676361,9202486
986451,1130635,1155585,1167237,1264823,1299373,1682910,5968707,6228455
988549,1126412,1155348,1143044,1293601,1339035,1591312,4661997,5104265
979601,1139869,1157316,1173648,1269555,1340469,1550785,5500407,5467878
987058,1122492,1152394,1152925,1297498,1298811,1639772,4774344,9725307
985414,1128373,1147492,1164032,1272960,1345668,1572366,5559818,6341944
951232,1133495,1140787,1163539,1286699,1328312,1546069,4614252,9338285
941716,1128018,1156560,1166243,1275940,1306482,1614757,4494055,6194926
949854,1133425,1148255,1160448,1291913,1310515,1568833,4586973,9111752
945712,1132857,1134330,1171126,1276378,1321527,1588462,4560437,6936402
952315,1126109,1150669,1159456,1271520,1322461,1632705,3500504,9765319
951545,1128372,1162950,1159505,1266339,1335129,1582285,1917826,6370602
948171,1124066,1139118,1151148,1288315,1319000,1864535,1862438,9221538
946646,1128681,1154302,1158192,1238722,1304011,1704657,3524586,6477201
953787,1123406,1138366,1156903,1269164,1353757,1630846,4523154,9211425
950812,1114401,1153060,1153970,1253294,1333801,1616935,3256416,6553481
947030,1123466,1144786,1163057,1299771,1310451,1629773,3940307,9869742
945487,1130225,1153628,1162347,1280367,1345308,1603469,3171904,6223708
941734,1124401,1156061,1149075,1290288,1306355,1572611,2666233,9618901
944605,1122311,1142869,1151565,1259578,1303849,1598114,3568151,6199850
953271,1125542,1146286,1155410,1291919,1333658,1555330,2625093,6261856
951200,1127699,1166335,1167647,1275434,1311758,1536044,5717255,4387834
964630,1122329,1156229,1158129,1284666,1312587,1542286,4609633,10481483
951631,1129032,1139786,1158556,1321140,1343275,1510392,5404335,6449928
959184,1124590,1154454,1155370,1295831,1336383,1528566,4646522,5120269
952378,1123006,1140370,1159833,1244640,1316990,1578070,5365342,4876968
956070,1124120,1150524,1166428,1269218,1341998,1549099,4584332,9228411
957972,1126414,1145276,1169193,1250371,1323053,1538380,5302587,6246064
955714,1111395,1148330,1144209,1293908,1307635,1574419,3529518,10303041
957320,1106231,1151762,1150475,1254641,1353525,1536148,5685332,6256599
960463,1122633,1140699,1154615,1292690,1310830,1513472,4436137,6516206
964280,1125367,1148056,1159858,1279263,1331507,1582578,5279424,5137305
962393,1121036,1139689,1153853,1254468,1335641,1533132,4140614,4872250
958846,1133950,1145185,1161355,1258603,1297710,1559576,5926998,6111199
953680,1126332,1159551,1162272,1301577,1336722,1553958,4820786,6649322
948453,1134325,1134184,1162266,1278696,1338225,1547155,3302185,6541433
953321,1118513,1151305,1180309,1291588,1316306,1538275,2662745,6107280
957512,1120511,1129411,1166391,1260626,1313011,1594536,5843039,6145345
957265,1122146,1160227,1192060,1281095,1347136,1653683,4627129,6060829
953746,1128167,1159673,1144917,1258182,1316065,1634569,5594937,7652922
964793,1133505,1170580,1175057,1299351,1313119,1660593,4621118,9837432
952291,1121544,1159911,1156620,1268738,1351340,1595692,5419812,6499755
958274,1119880,1164689,1148623,1250195,1304983,1593609,4531087,9657902
959796,1126481,1144090,1161852,1266335,1292463,1634634,5549703,6390044
959178,1120132,1165222,1167540,1286061,1352965,1601378,4560496,9827783
957193,1130556,1138827,1172917,1277843,1310557,1570989,5312766,5384430
954108,1125026,1152482,1161230,1277077,1299986,1656627,4573291,9871644
954563,1123377,1135662,1154747,1250277,1340442,1624721,5199409,6304012
961980,1124015,1161696,1178394,1289243,1317857,1574771,4125203,9356548
961462,1125735,1142065,1153504,1282300,1302017,1667135,5895311,6287425
961391,1117788,1151286,1165429,1269345,1328075,1599433,4985991,3757613
953420,1118678,1152771,1160678,1255096,1322349,1563809,5570697,10275283
955120,1102756,1147577,1181535,1270926,1291233,1635578,5059920,6602650
938256,1123153,1151951,1160210,1272986,1331246,1583787,5463734,9508274
959293,1122447,1154333,1185213,1287836,1317348,1546810,4796795,6165575
953528,1127373,1144164,1166589,1253998,1305874,1610154,5429452,5015744
962731,1118924,1154017,1177898,1252761,1344381,1611797,4633405,5010016
957055,1129260,1152496,1151347,1266875,1312257,1588457,5393876,5440636
957101,1112279,1156983,1179332,1274507,1339230,1618152,4616019,5184349
955383,1126789,1147078,1168969,1276177,1345435,1594582,5337600,5318492
957140,1131189,1156010,1180627,1272915,1332020,1584161,4601484,5089694
950462,1125865,1149396,1160710,1274316,1322282,1634680,4411171,9528187
979057,1126204,1143103,1176614,1264563,1324308,1602785,3510136,6330829
1024970,1131253,1161381,1167899,1283483,1299674,1573718,2990043,10295642
988052,1127838,1141745,1172750,1297561,1302341,1623321,4532031,6354280
955526,1138539,1159071,1153615,1252664,1333896,1602317,5499954,6837693
958181,1127817,1138342,1182668,1284669,1312940,1603655,4116146,9877103
956811,1124090,1145778,1159638,1281898,1310352,1638728,6156391,5938722
959377,1122640,1155863,1164877,1296781,1337962,1587433,3754479,9075872
958299,1131923,1163686,1166073,1280694,1306101,1580883,5841102,6629556
957915,1125024,1144948,1184032,1255366,1328706,1645290,8150789,9798334
954300,1127602,1149717,1154476,1251475,1335202,1602598,5390695,6544449
956905,1126973,1146992,1179139,1294704,1327849,1602977,4858991,9869466
960760,1129338,1139740,1155787,1278955,1309695,1643565,4581766,6360992
959120,1132023,1146569,1185431,1299411,1339468,1581987,4567608,9465840
954271,1125591,1153879,1150581,1279190,1307832,1597340,4543963,6624981
957338,1109745,1149350,1179618,1298385,1312643,1695037,4971636,9829901
943113,1105964,1152215,1151330,1262086,1349561,1609300,4600278,6313966
978036,1125309,1144747,1177533,1301571,1337534,1585573,4548009,5163472
1004979,1124236,1161197,1165287,1274055,1308634,1647918,2708447,6235290
957708,1126004,1144698,1174084,1267994,1338540,1589650,5697252,6034334
954155,1131715,1144573,1152179,1252415,1316686,1597281,4484450,7313044
1055303,1133554,1149765,1175056,1281557,1313985,1652997,6130114,10542425
1105107,1118445,1138195,1159860,1247223,1333207,1627695,5027013,5218497
1097717,1123257,1147578,1175925,1289354,1329737,1567516,5134318,9313880
1091601,1127629,1150163,1159749,1272073,1310596,1645144,4721326,6398573
1093253,1126367,1132266,1167907,1295137,1343649,1825782,4636168,9336446
1093810,1123636,1151267,1164120,1245529,1321861,1597425,5498459,6500096
1091528,1106076,1144661,1164551,1277708,1315082,1597753,4652211,9766919
1092194,1128140,1149933,1151836,1266380,1334693,1571169,4934634,6375912
1100067,1129420,1151100,1165999,1290283,1311167,1546946,4606580,9267217
1089807,1132389,1149042,1157310,1265239,1309793,1597679,4595067,6149049
1088683,1127731,1139756,1170359,1305496,1333055,1567959,4634347,9649220
1086174,1128074,1138914,1171864,1284533,1313979,1533905,3546406,6510668
1083136,1123540,1163344,1164932,1299050,1291758,1594710,2950681,9678654
1082756,1130946,1147960,1151935,1231356,1331333,1549185,3596565,6504723
1085189,1130053,1164865,1186624,1281633,1309236,1525343,1841222,9487527
1083219,1142212,1143382,1157164,1245749,1309436,1572624,5741019,6146522
1108340,1127080,1155048,1165679,1295003,1317716,1535340,4588744,9665014
973341,1126033,1148842,1158542,1270058,1323761,1525280,4499504,6101802
975520,1117390,1133005,1176438,1264818,1318924,1549578,5458582,5400435
969690,1121695,1153849,1167396,1257156,1323862,1495995,4674417,5172285
974690,1130609,1157083,1162811,1282365,1305896,1482286,4746942,5031096
969712,1124724,1158295,1157736,1263109,1305377,1545028,3354524,5171332
978385,1116973,1151067,1170682,1289553,1341632,1547746,2657556,5083444
971542,1118694,1143703,1165864,1250593,1312002,1549714,5853292,5108916
979028,1125432,1174242,1181078,1250888,1299953,1643140,4537536,5619509
973870,1138036,1140173,1155826,1266206,1331524,1566004,5460965,10163939
977989,1122613,1148683,1180774,1283680,1308656,1578011,4607482,6161802
978100,1126333,1135823,1151593,1253659,1317196,1629368,5657000,5199391
983265,1121344,1163609,1181352,1308793,1361955,1645804,4778837,4999929
972565,1128697,1155743,1154076,1287951,1333198,1649745,5405197,5483301
980730,1127060,1148375,1167718,1259884,1301328,1673604,4522798,5156836
974348,1129843,1154713,1154760,1266697,1328308,1642303,5419973,9657303
973074,1122453,1138743,1178054,1272988,1297217,1615038,7017169,6282129
971633,1125469,1155626,1164422,1271668,1294209,1635977,4443030,9493016
974890,1122852,1151346,1163618,1258730,1324601,1606530,5286749,6347895
998983,1125086,1136663,1158162,1261205,1306391,1606211,5570608,9874861
974562,1130042,1148281,1174227,1294761,1300291,1658380,3687272,6297992
970961,1125092,1147216,1157305,1263492,1338924,1614273,5907053,6828264
971668,1124635,1168100,1177559,1268220,1302447,1596497,4614542,10208966
980770,1125118,1149968,1154807,1256433,1317075,1628127,5474808,6026752
974550,1128138,1158136,1180496,1277325,1331752,1662936,4623149,9295314
977866,1124931,1155051,1166373,1270314,1312017,1634618,5370297,6464367
976278,1129107,1132721,1161692,1265720,1317516,1756487,4553157,9467891
970315,1118674,1155089,1165042,1239664,1336206,1643009,5384833,6342842
979409,1120883,1159284,1163828,1265365,1337205,1655294,4564183,9507996
977403,1123816,1160231,1145823,1260263,1298948,1684621,4592800,6236737
979843,1123404,1156015,1173353,1284761,1327063,1692549,4441666,6643635
976133,1133088,1165557,1155007,1283755,1323258,1633092,4568575,10526955
981083,1118559,1164084,1169870,1287076,1293937,1710211,4529466,6461414
970325,1124750,1155287,1154131,1275149,1322640,1634056,5168835,6628274
964728,1123250,1137283,1169558,1300076,1311338,1618075,4476070,10177209
972535,1136424,1156179,1144474,1275783,1309566,1723436,3239922,6128464
977090,1131199,1143430,1163069,1283571,1331428,1639696,4385027,6586329
974673,1129354,1161485,1157038,1252598,1316033,1613813,5542591,10541182
977766,1121604,1141370,1174414,1275426,1310258,1720305,4648812,6304214
974448,1116215,1159149,1162004,1266280,1325204,1656641,5446271,3807922
978914,1126457,1130431,1167154,1287969,1316478,1584099,4651736,9869633
977644,1135511,1142586,1148820,1278606,1289707,1702048,5473762,6053730
968929,1119846,1149837,1184118,1281132,1338946,1619243,4584167,9117668
971936,1126286,1156908,1155397,1251552,1313712,1642587,5450021,6514141
975509,1126855,1170758,1167845,1278276,1305291,1732664,4599179,6956701
1052828,1130953,1145041,1149631,1275086,1352662,1702201,5339136,9970238
1123754,1120302,1161547,1169856,1280663,1280982,1632486,4497357,6308262
1121489,1131620,1153238,1163593,1280397,1325291,1719131,5517460,6657589
1124740,1124110,1131406,1174097,1273293,1327011,1680079,4468504,9686094
1126865,1130101,1161615,1154256,1272794,1302890,1656328,4442737,6643963
1130132,1124660,1139733,1176918,1288030,1306216,1703369,3484111,7032531
1121501,1128272,1149249,1156412,1277775,1346218,1617554,2965403,9928414
1124730,1125977,1152402,1185036,1301496,1296947,1606831,5407873,6360142
1126237,1128721,1151293,1164245,1272178,1304963,1674834,4831040,6812330
1121308,1110302,1161755,1168207,1266407,1330823,1612132,3714637,10012522
1121495,1110927,1160370,1160499,1252234,1304639,1590038,5868220,6531972
1129280,1125358,1159140,1173298,1269635,1300656,1702418,4591652,9989892
1127593,1129675,1137190,1158930,1284481,1322126,1677097,5362256,5158586
1121321,1122009,1142028,1176344,1288087,1322410,1587916,4620353,5241496
1128296,1128294,1150432,1164275,1245830,1304778,1687196,5377343,4982751
1127031,1129818,1145859,1181285,1257304,1323790,1669594,4585759,5008181
1046705,1127527,1160856,1155922,1282863,1311659,1639825,5251941,5338115
982692,1126152,1130716,1171535,1257680,1309843,1662405,4461703,9609737
977389,1132675,1151015,1150621,1276428,1327008,1653052,5280866,6504303
976257,1124123,1143675,1172183,1260594,1311779,1590584,4449531,5237679
979013,1130477,1150136,1154075,1282280,1297549,2039684,2742723,5231453
978504,1123286,1155960,1175638,1258526,1345003,1637123,5858783,5016788
979547,1132530,1137377,1165330,1257014,1315528,1597396,4504550,5676973
977870,1135884,1152058,1165828,1256562,1318909,1638744,3197039,5140127
981092,1133551,1168494,1166161,1245939,1323271,1580598,2548658,5168546
976580,1118898,1157120,1179801,1287449,1314988,1558867,6406278,5186256
965266,1124780,1156155,1164764,1243121,1295230,1584650,4953994,5074718
980144,1126725,1135750,1184383,1273932,1351422,1556934,5525181,4949246
976223,1135131,1161692,1170754,1244287,1312339,1532167,4653131,4845027
977085,1124054,1150442,1174175,1270772,1303881,1560397,4883944,5471405
977160,1125384,1138463,1171271,1267201,1319248,1544775,4660895,5293992
982764,1134968,1152787,1205013,1277799,1317170,1543108,4608370,9456476
973105,1126135,1146838,1166338,1247745,1307547,1588315,4524852,6589165
976354,1121505,1160166,1161556,1289217,1327484,1530816,4541861,6715697
971735,1122888,1143559,1152001,1272179,1300280,1533386,2743185,10038260
979298,1125798,1136407,1173964,1249601,1298729,1559762,5768911,6868911
973235,1122622,1151702,1152219,1283329,1342054,1519673,4544079,5342513
984749,1119406,1151595,1172076,1270530,1319098,1497710,4459632,6095245
974961,1124644,1146986,1206025,1248744,1322208,1554150,4528730,9371154
975062,1126232,1166525,1189405,1266682,1331308,1566721,2849253,6198047
967620,1125326,1169441,1167699,1268096,1303650,1553408,5668162,10120375
976945,1121671,1142273,1180079,1305071,1295297,1597835,5135468,6196972
970809,1128173,1135237,1164760,1245329,1345174,1567320,5418710,5115073
978287,1120557,1153156,1168871,1287061,1304367,1587335,4683120,5145725
973662,1129723,1142866,1162272,1274672,1278170,1680340,5574610,9094354
978687,1131134,1160689,1165457,1251991,1329645,1615981,4728813,6175698
970169,1126287,1133524,1164601,1267496,1316384,1638101,2815161,5447133
978226,1124099,1144991,1171247,1294201,1308424,1628577,5770038,5066649
978600,1124477,1142458,1161698,1273033,1333231,1575892,4772917,5008989
975937,1127695,1147801,1169135,1284319,1305627,1558115,5431384,9051711
980668,1131581,1142476,1149580,1271638,1322700,1660630,4639169,7889251
977490,1122692,1143866,1174857,1275735,1338303,1576912,5389538,4951004
971006,1121933,1163686,1160778,1286231,1338738,1577373,4531064,9992687
977919,1115954,1138042,1182149,1266962,1303980,1630351,5287071,6329901
966247,1128922,1145179,1151245,1287416,1334235,1578304,4551102,3878637
976754,1129119,1145104,1152420,1274342,1292606,1564185,5255017,9941551
973586,1122618,1141045,1166002,1269697,1305890,1615532,4462476,6301855
975716,1123246,1157371,1166211,1259271,1325908,1658793,5224232,9329650
974222,1122072,1131711,1161835,1270770,1292817,1634516,4484644,6480598
980440,1124975,1156642,1181538,1257548,1306972,1714262,5383554,6459810
971376,1142285,1145590,1161575,1281489,1333464,1610013,4736186,6311907
1116262,1120918,1145533,1173062,1281958,1289966,1569176,4679074,9227632
1119888,1125392,1148802,1162309,1262656,1304342,1713483,5538227,6002559
1116167,1111220,1160972,1167997,1270722,1356088,1595543,4646605,9301667
1114882,1095348,1150528,1171023,1288201,1292638,1573246,3255554,5342248
1118362,1134227,1139756,1192395,1269937,1313798,1647351,2608175,9713070
1115580,1128435,1156941,1159379,1268478,1340587,1614495,5772304,6583023
1113394,1126649,1145812,1175965,1275271,1296260,1626342,4575105,9376567
1123480,1125660,1156401,1161857,1269865,1325786,1696743,4936506,6348582
1117682,1116432,1157219,1169388,1250036,1323439,1646986,2288066,9379359
1116725,1142238,1149443,1160579,1236914,1315490,1640188,2503459,6635682
1117659,1120798,1145910,1175137,1282606,1310083,1689208,3564917,5357315
1115505,1130754,1138227,1159749,1279727,1328635,1620421,2531794,6216992
1114373,1124783,1146915,1173021,1278574,1320753,1597663,3546044,9848610
1120753,1132015,1157870,1167148,1269138,1294061,1659835,2549186,6230385
1117518,1124140,1147777,1175656,1255809,1342585,1678667,6477092,9428811
1114064,1127883,1145248,1151081,1273308,1312012,1610576,4778031,5803962
1116190,1129394,1152770,1166716,1297514,1300788,1669758,5473270,9596891
974282,1132987,1153761,1159236,1250146,1326664,1607012,4690242,6539471
972940,1125477,1165231,1170919,1266484,1304212,1582513,4624282,9376788
973732,1127496,1148032,1156083,1258179,1311381,1728978,3621913,6105494
971611,1125500,1150220,1174852,1287495,1340665,1619910,4138688,6297614
976449,1134981,1149662,1158721,1234530,1325418,1574847,4876565,7003618
977137,1124549,1144071,1175514,1307066,1300365,1680230,4542042,10350347
972702,1127699,1147833,1164531,1265700,1336850,1627334,5342716,6573259
991397,1125589,1159533,1169001,1279807,1303323,1632588,3581508,9767868
1022008,1135388,1163268,1155248,1258178,1296767,1691277,6054186,6279020
969537,1142638,1153246,1168654,1276216,1334569,1649082,4572071,9416838
972443,1130026,1164941,1155087,1254421,1300231,1619420,5361222,5349012
978270,1129311,1148583,1171293,1274447,1313156,1683274,4541642,9599691
977412,1127965,1154916,1172031,1233649,1346046,1598977,5384610,6384994
975346,1123893,1160191,1170140,1275686,1311701,1611869,4650814,9634273
973334,1130675,1151771,1167803,1257723,1297326,1683137,5264963,6224110
979763,1136456,1157540,1176800,1296663,1320404,1620364,5227254,9395588
976693,1126010,1144912,1158131,1264664,1317851,1626434,5585666,6613176
974170,1136628,1150564,1179687,1272581,1312872,1637107,4673369,10071928
976395,1133011,1146623,1164126,1253611,1334031,1648321,5470671,6449489
976376,1130126,1157975,1177455,1251233,1309751,1939988,4622726,9768283
966187,1128237,1164014,1173842,1272631,1297903,1682566,5442221,6203640
979627,1124401,1156474,1172651,1281563,1352184,1583137,4619417,9319064
978139,1129024,1150051,1166753,1253243,1310005,1595101,5406455,6047181
975579,1125489,1144462,1181265,1275069,1305535,1627019,4600485,7138201
974020,1126663,1149178,1169598,1241983,1325449,1597226,5308628,10023060
975072,1135818,1151614,1172548,1293676,1318704,1581661,4584989,6238436
969301,1133338,1157159,1160098,1243158,1307434,1623136,5343215,9611779
975476,1126344,1144234,1183391,1260322,1323995,1564263,4562239,6168482
976313,1122667,1141077,1151607,1236587,1279494,1532365,5283912,9343695
972917,1123816,1153377,1172770,1280732,1290412,1566461,4600557,6518068
973617,1133928,1161454,1153793,1279460,1339737,1514675,5393720,9626692
978520,1132011,1154328,1167980,1276972,1315550,1497241,4077471,6437680
954845,1129325,1142357,1150347,1239339,1313166,1592626,5986173,9637430
950189,1123900,1164644,1173073,1294194,1331875,1546598,4767891,6255638
950320,1131254,1143404,1166528,1268237,1323632,1530222,5415317,10503309
946005,1124250,1165232,1164966,1286532,1309504,1585905,4875395,6530043
951553,1126031,1142953,1155389,1285889,1338651,1566352,4634326,6817793
946333,1126031,1150890,1180461,1274490,1323600,1537798,4572505,9614235
944742,1127724,1137698,1158100,1275685,1304275,1584645,4490925,6291706
953523,1119537,1169489,1172852,1284402,1339931,1533670,4683507,9347358
943985,1127100,1146883,1156614,1247045,1299246,1537742,4526273,5210678
953004,1125970,1148062,1180847,1267157,1295545,1598657,4523798,9863852
949734,1129927,1146979,1173237,1248396,1337608,1562419,4526646,8359235
952714,1110563,1155321,1182043,1273001,1331974,1622599,4943155,9360089
1193204,1104124,1149413,1161549,1271395,1302953,1664751,4547507,6386252
1087079,1124544,1168184,1169384,1254394,1317947,1643208,4525533,9227763
1084791,1133338,1146806,1167422,1277899,1306603,1606099,4410100,5382775
1082443,1125823,1134883,1180452,1289072,1295286,1709260,4519882,9916604
1089969,1125301,1153975,1159665,1253677,1325408,1611225,2775593,6569068
1088918,1128325,1149589,1162638,1260758,1304101,1566897,6318732,9748699
1081273,1127299,1145351,1148497,1271184,1303397,1644934,4770935,6062868
1088995,1121953,1159724,1173479,1271924,1335436,1579243,5658991,5998709
1084980,1133969,1141375,1165472,1269375,1305283,1565855,4663106,6657179
1079879,1135148,1136448,1161159,1292147,1291956,1634662,5389699,6437185
1083507,1130337,1147173,1156319,1281413,1327733,1655233,4957262,4021632
1091302,1125636,1151868,1166894,1272509,1322560,1635880,2782319,10311345
1088304,1129233,1154543,1149339,1253650,1295422,1680694,5796167,6128851
1090255,1122595,1125555,1166070,1279029,1342273,1639214,4586849,9389907
1093923,1138316,1148412,1164551,1273370,1321416,1574518,5388394,5513680
1088721,1124920,1150275,1184512,1305321,1304764,1746954,4616588,9741950
1068247,1125748,1147781,1163493,1277225,1336544,1612289,5497088,6233260
981059,1110396,1143524,1175126,1300503,1313510,1629420,4568546,9755647
974715,1104699,1146739,1157192,1273295,1311817,1699380,2711962,6397666
979551,1128248,1154528,1178610,1289653,1329519,1659960,5743328,9669866
985662,1129385,1150545,1161879,1287589,1328490,1581341,4470082,6764180
980179,1122907,1137314,1177328,1254476,1285741,1654027,4677253,9656008
991360,1131986,1151121,1166131,1252648,1334537,1614821,2605689,5053188
981652,1124127,1156340,1172603,1296638,1317142,1635395,2495551,9420365
977041,1134787,1153958,1157321,1264150,1314520,1754053,5902075,6152556
980190,1121952,1161313,1177566,1274003,1312966,1622653,4596677,9115287
984882,1124373,1154579,1170090,1289001,1287905,1593324,4945585,6533203
983915,1126556,1144036,1173569,1301576,1299454,1677972,4933473,9789395
980737,1130049,1159873,1163219,1261650,1325006,1635925,4624199,6299351
975176,1131159,1149915,1181764,1294621,1317398,1688130,4857038,9369647
975256,1130371,1152697,1160437,1278451,1306926,1710387,4854841,6227033
982417,1131627,1140104,1167095,1278634,1367058,1678624,4570079,9140158
976377,1117644,1154296,1172590,1273758,1311732,1659292,5029626,6605068
975230,1105632,1145045,1180535,1273225,1280266,1707212,4811270,9912665
997474,1135626,1148997,1158209,1264087,1324566,1609229,4516182,6159439
1031807,1121793,1143812,1186195,1289124,1329116,1584576,4848267,9430957
978829,1123772,1144575,1170952,1257107,1313463,1686382,4534014,6290805
981495,1125595,1137590,1188229,1283988,1313589,1656392,4537458,9463934
993714,1128535,1154685,1163871,1286390,1314165,1626944,4959130,6485592
984012,1129903,1151925,1167812,1299353,1315625,1718621,5143849,10014118
980546,1124354,1140607,1159617,1270350,1307356,1706006,5140370,5196413
991568,1130926,1150911,1167592,1275428,1321835,1626509,5190872,9152883
978424,1128437,1150822,1153223,1259552,1292184,1722965,5032549,6109570
977387,1131559,1159854,1185207,1269542,1351411,1625310,4646596,9506496
980112,1136891,1160493,1159390,1276970,1329373,1631267,5524243,6779382
976300,1122900,1161281,1162109,1287417,1328048,1681450,4843110,5408409
977309,1142814,1153564,1154352,1242678,1331926,1646204,3307326,6418024
980870,1112523,1153814,1170970,1251528,1297296,1654133,2628859,9931453
980265,1112322,1148254,1169684,1263075,1303059,1704445,3674933,6127629
977660,1136145,1146783,1174544,1290409,1332360,1693007,2628790,9175449
985416,1130769,1153137,1164477,1281372,1311257,1589095,3617084,6262037
982184,1132225,1135576,1172930,1280632,1315310,1668606,2569587,10062812
979787,1126675,1151491,1159864,1280713,1330725,1940244,5723805,6426939
980368,1127332,1146563,1162168,1277686,1310878,1605494,4446046,9613387
979429,1133789,1153360,1154863,1277451,1324106,1625549,5303829,6096802
975157,1126245,1157212,1180726,1266799,1355033,1633417,5069435,9207169
978406,1135095,1153977,1167614,1279423,1320958,1598554,5531465,6124366
977975,1128869,1155081,1174812,1299930,1299155,1609898,4663859,10190857
976004,1127919,1149259,1159149,1278089,1810491,1561550,5519795,6453109
980234,1127621,1145612,1177950,1291111,1428225,1553882,4709643,6922346
982670,1136207,1152148,1164626,1255818,1405462,1584934,5376251,9877966
1128974,1127644,1128892,1179473,1289127,1363033,1526514,4628413,6162882
1119369,1132238,1150298,1160452,1270025,1353567,1539078,5349227,10350140
1120997,1126294,1134985,1173443,1292212,1352165,1595003,4573338,6369319
1123205,1126478,1158242,1142916,1263071,1352337,1531372,4531102,3897345
1124535,1129113,1151916,1168437,1264963,1354731,1530520,3489457,10063424
1119883,1130247,1153115,1154747,1260864,1345780,1575787,2994008,6184304
1129220,1136063,1161895,1178429,1282766,1391794,1542897,4729725,9472377
1124292,1140187,1151240,1150529,1277296,1357916,1484376,4480092,5441585
1125284,1129514,1140773,1176892,1271077,1323583,1765746,4576617,9880170
1128124,1131687,1150782,1154087,1282850,1372128,1545478,4576641,6315237
1118724,1129441,1141386,1178222,1276929,1352250,1589819,4540744,9312824
1113983,1130757,1148469,1159936,1262715,1311405,1623247,4477922,6247589
1123091,1144142,1149528,1165868,1301393,1349004,1627594,5518312,9221725
1126524,1128005,1147958,1162179,1285537,1319491,1568899,4716276,6515543
1112076,1126292,1142968,1170808,1294758,1307183,1620641,3641694,9540793
1123770,1134781,1178536,1150376,1282035,1321890,1667722,5863347,6524037
983090,1127969,1150610,1181338,1275394,1312355,1618293,4693368,9508180
974639,1134051,1148149,1157218,1276472,1301038,1695468,5438158,6158202
980805,1132067,1150900,1178031,1290525,1325810,1679107,4570276,4984796
978069,1131228,1138951,1162889,1270370,1289354,1606319,5400684,5301425
974604,1124214,1156744,1177717,1283984,1310286,1708107,4553162,9779981
979468,1130279,1151031,1152660,1271785,1339401,1619764,5317085,6327132
970110,1127595,1145390,1172298,1284603,1330796,1576258,4531581,9519792
973436,1135460,1144069,1154927,1264699,1327205,1626378,5454313,6405017
982964,1132851,1147990,1169054,1283735,1330089,1605975,4779861,9375190
980660,1133501,1138546,1173280,1279652,1319692,1654899,3177823,6700316
982879,1129125,1158048,1170791,1280293,1311318,1652795,2514391,9878262
979789,1135022,1150254,1154732,1301276,1350835,1604826,5687145,5160058
974331,1131053,1154347,1180174,1279637,1327042,1598652,5072430,9645057
975677,1140470,1152788,1174381,1280977,1310468,1698783,5675450,6271774
1000619,1124780,1165082,1194552,1287470,1358422,1621033,3686286,6190568
1027568,1126375,1141679,1160626,1249438,1322242,1556566,6019160,6815641
982355,1128915,1159353,1187900,1269824,1330004,1697580,4643947,6917435
983258,1129466,1148677,1163496,1266984,1370966,1688457,5407123,5531434
982159,1132754,1142351,1188751,1279554,1334449,1644751,4984952,4971884
977047,1138393,1160157,1165661,1268541,1326077,1681084,5032594,9367470
979775,1140070,1152742,1181450,1279798,1332253,1663279,2342866,6134929
972795,1128657,1171837,1162347,1255464,1320665,1668966,2624149,9982148
975880,1128126,1141708,1173947,1264294,1342600,1679716,5749783,6436106
986899,1127345,1140619,1145123,1256758,1330259,1652218,4594126,9541076
980797,1129167,1144705,1181158,1252587,1314774,1579509,5334488,6097212
977059,1135958,1139286,1145626,1243410,1295009,1666123,4465662,9319493
975726,1125418,1154679,1167504,1282320,1353044,1641203,4468056,6137605
978156,1132057,1151417,1165803,1285173,1341474,1593240,3590265,10249882
977250,1132761,1146279,1172290,1269370,1317625,1669469,1943380,6524886
977524,1135511,1155537,1166777,1269360,1346735,1616730,5719460,4128890
978626,1138934,1136366,1168316,1251793,1319774,1657304,5010621,9850551
975821,1132293,1154884,1148199,1253632,1345737,1707928,5431167,6229070
980183,1131820,1154199,1169150,1266237,1330251,1640098,3632265,9311776
972491,1128734,1156765,1173970,1274675,1329323,1640843,5883547,6606461
974529,1126688,1142771,1185873,1297897,1307253,1713530,4537451,10048176
983968,1130642,1139878,1149591,1270137,1344210,1629519,5461567,5163331
976156,1130621,1151328,1184264,1272319,1303548,1648211,4842937,9392693
973314,1137614,1143806,1168340,1268095,1320637,1682020,3129652,6237593
963285,1127956,1151186,1165774,1289601,1331181,1627839,2608581,4955419
1023507,1114721,1137549,1164716,1258468,1331207,1606870,5928212,5751460
975557,1103848,1154326,1163201,1294685,1315312,1693455,4559081,5436939
970427,1129158,1149691,1147860,1274895,1348298,1631705,7104375,5202402
983920,1130709,1142171,1163132,1259267,1311885,1645715,2581475,5222627
972972,1133111,1147382,1170073,1248662,1331580,1691355,3294086,5142205
1046816,1125414,1135867,1167385,1254835,1335067,1637750,3980535,5161732
1130863,1129725,1152702,1151315,1258462,1301424,1596253,5244004,5109737
1122290,1129729,1136173,1164897,1279209,1333918,1683872,3969713,9767463
1122629,1139189,1144946,1158330,1277292,1344331,1635199,5807892,6504529
1121274,1128381,1162681,1185350,1278050,1331576,1614419,3622246,9859195
1144215,1128229,1140543,1163051,1262927,1322910,1714052,6060476,6325825
1159918,1130572,1146329,1202377,1266440,1355293,1641814,4619591,6632323
1116580,1127527,1143436,1157126,1277186,1338884,1645923,5525552,9783922
1121221,1120926,1169191,1173885,1262502,1312616,2031768,4743913,6614034
1120933,1103879,1149833,1166107,1272962,1350207,1607585,5277152,9710658
1121042,1135594,1136336,1188509,1248556,1315407,1590603,4488771,5122508
1125948,1134440,1155729,1163643,1256870,1325278,1626652,5304059,9368343
1121026,1128864,1143894,1172477,1282782,1341067,1607686,4496311,6310429
1117591,1137632,1166453,1155587,1242977,1316480,1554597,5399008,9936488
1124487,1130861,1142262,1170273,1268259,1327422,1581024,4556769,6268526
1127042,1135018,1171396,1154840,1238902,1349511,1574139,5342980,9604900
1047298,1127973,1146435,1170264,1268667,1314308,1534057,4535309,6144868
979269,1129699,1152677,1150592,1267804,1322899,1562330,5326171,10632884
977537,1131426,1159210,1180712,1283123,1339904,1530844,4451610,6283120
976965,1131354,1146371,1157149,1257283,1319297,1501517,5276706,14424053
973137,1124729,1148088,1173331,1274789,1321794,1596269,5239786,6479374
977458,1129423,1140565,1158357,1251826,1341106,1524809,5550575,9480343
978757,1130383,1146652,1167534,1280045,1319649,1517558,4653206,6299848
977827,1132846,1155169,1162945,1250193,1317374,1587157,3288142,6705665
980822,1127189,1144411,1166500,1252549,1339473,1541688,2573270,9879534
976720,1128129,1153501,1160237,1244538,1319281,1508725,1904411,9479903
969912,1105988,1152316,1183786,1287236,1318109,1561659,3293094,12963343
985838,1132030,1147142,1155234,1255612,1347717,1590784,4594542,6482447
983011,1133941,1153747,1179871,1280625,1330744,1502740,4562116,5204947
975991,1130675,1151319,1152540,1258392,1310033,1576815,4588173,5209855
977865,1138839,1156828,1167552,1254793,1328125,1572679,4559646,9748125
975158,1129938,1147713,1170371,1271261,1326549,1533956,5273137,6562494
977277,1124741,1157463,1169031,1264707,1329805,1716879,3548229,9754753
972590,1132078,1162999,1171177,1257076,1342151,1685090,5606562,5139050
975228,1134886,1138813,1173221,1283472,1313626,1656336,4489220,9174864
977734,1138904,1168922,1162384,1278903,1332521,1951187,5397698,6232914
980230,1127992,1138840,1167608,1268737,1331801,1595769,4044781,6208676
978228,1128860,1148249,1159150,1269840,1328717,1669341,5911061,4236290
974622,1132108,1150593,1183675,1262282,1299167,1665457,4800764,10256750
977320,1118371,1154657,1145106,1258671,1348910,1635427,3314971,5053293
975582,1102130,1164821,1175843,1242650,1323349,1662232,4004661,9241865
991515,1133375,1144890,1171467,1269181,1311194,1674360,5448754,6446573
1027965,1126211,1156708,1166848,1297639,1344479,1634706,4589347,9644513
977921,1134136,1137285,1166422,1265536,1316814,1593424,4533184,6701578
977830,1127284,1146201,1186251,1277717,1336012,1657419,3503783,9970989
983215,1117009,1140958,1160634,1256911,1350777,1627185,3059938,5160088
979712,1106535,1152811,1191599,1275030,1332878,1593999,3635177,9209491
977421,1129165,1152049,1157772,1276739,1324165,1668504,3158448,6281638
974513,1129371,1161055,1166500,1298407,1344804,1673725,4448633,9342619
943333,1130273,1151949,1151488,1268807,1319134,1639726,5327600,6536148
940739,1128452,1154521,1164602,1275913,1306928,1704805,3581821,9945797
941996,1133933,1155654,1145924,1271679,1349355,1616688,2582794,6399758
945227,1136099,1169264,1167312,1295175,1321717,1603067,3643340,5272300
945016,1135692,1145726,1158779,1263006,1326235,1723952,3909811,5076962
944539,1129529,1140691,1166686,1279026,1340730,1642623,3797351,9396299
936043,1130808,1156763,1145587,1239167,1314432,1590102,2628373,5445767
932919,1131076,1147816,1162873,1270014,1344248,1680499,3831238,9721261
937699,1139984,1156800,1151399,1264564,1352934,1644182,2617358,6284424
944775,1128233,1154159,1187634,1285560,1337189,1623496,3534795,9728061
943810,1129607,1157478,1154371,1262968,1302395,1696345,2591307,6215361
948692,1129967,1153663,1175272,1284971,1365431,1648591,3625504,9351675
1022685,1130345,1149662,1152215,1269458,1316520,1672024,2478584,6677845
1087509,1120959,1156604,1168603,1278030,1316341,1735965,3605879,9776261
1082823,1107785,1157680,1157738,1258627,1345676,3914074,2554998,6250117
1084636,1128303,1148606,1168114,1303701,1319932,6423468,3563002,9226357
1081767,1128723,1143326,1170608,1249314,1349821,3816499,2580267,6139891
1082224,1127539,1157027,1174040,1281023,1355212,1627067,3564473,9342770
1091779,1129858,1148046,1159913,1257951,1328753,1604275,2509474,6535767
1091223,1129253,1135990,1180870,1289674,1328280,1704444,3574114,9956001
1093341,1130294,1166457,1159369,1257145,1338679,1661923,2594175,6369548
1103479,1130554,1138101,1177677,1294204,1336087,1635049,6694970,5083038
1081073,1130541,1155284,1151244,1242995,1332789,1741996,4849816,5065142
1093845,1122462,1155639,1178634,1277676,1361413,1646338,5100281,9219491
1086223,1131220,1142280,1159301,1240354,1330618,1612211,4802574,6109344
1092894,1132497,1145725,1179436,1258485,1308977,1689051,4669770,9922786
1088864,1134700,1154703,1153025,1260873,1332518,1652704,5030389,6469655
1089422,1127212,1138586,1161955,1283302,1337517,1685833,4658691,9604641
1095879,1134455,1191170,1156352,1269108,1316631,1688881,4603670,6137699
972879,1130471,1155172,1186406,1281452,1328704,1672622,4914735,9314549
974336,1134745,1172392,1163895,1275863,1319379,1576526,4611336,6223733
977790,1126901,1141743,1182083,1281133,1301783,1683708,4572447,10433885
975724,1132671,1160462,1169798,1261361,1320088,1690833,4799910,6528565
981005,1128107,1173978,1176819,1272906,1308025,1652730,4692400,9527868
980576,1135309,1160765,1167807,1261013,1313001,1686780,4622329,6270254
978308,1135203,1173274,1166487,1257554,1344951,1696257,4982135,9228610
972381,1136454,1151452,1147511,1280382,1346664,1934590,4770988,6503407
974393,1128313,1164201,1169287,1282284,1317827,1688993,4519498,9801535
973824,1126228,1152340,1150072,1245797,1339031,1584201,4813324,5282989
970415,1131308,1151766,1170646,1279387,1331548,1536202,5122375,9417559
975125,1129560,1160164,1149027,1276781,1325995,1604971,4824936,6268055
976655,1133806,1151623,1171455,1255925,1333616,1541777,4890016,9487390
968569,1142240,1154491,1160258,1254940,1321035,1527174,4701131,6601221
976583,1129685,1147415,1181005,1280518,1309022,1596212,4696705,10148683
976986,1129553,1150626,1158350,1291264,1377166,1551670,3307911,6463703
971914,1126214,1151052,1178796,1272777,1321249,1536438,2654757,9308426
975240,1130993,1135632,1152243,1258395,1330252,1611957,3562508,8077905
975366,1138421,1154963,1171834,1256179,1337499,1575022,2586660,9370155
973720,1133020,1145993,1158010,1239256,1336458,1513111,5667995,6526591
967394,1129797,1144071,1183112,1272674,1305940,1591767,4537722,5236938
976692,1128344,1153452,1157029,1271797,1340257,1538548,5434730,4957953
977074,1125642,1146732,1167226,1279627,1332317,1504017,4547528,9565131
978386,1139796,1164244,1157754,1271779,1330409,1556543,4769323,6270967
978877,1130284,1132597,1170669,1288445,1345773,1516300,4592405,9407113
978401,1131345,1155031,1164020,1242071,1317033,1476992,4488517,6515454
974980,1128747,1168484,1183263,1273723,1316143,1596439,6179383,6512196
964863,1133888,1143569,1165562,1276374,1345287,1534554,4788030,6842337
972747,1131416,1151924,1165261,1281201,1323275,1543200,3222163,10010565
970298,1132978,1150416,1158665,1276758,1322272,1634830,2612557,6189136
975842,1141392,1164736,1173090,1267215,1343646,1576620,5783423,3754914
974295,1129110,1144141,1158906,1270565,1317769,1596709,4522940,10550644
981150,1134383,1144150,1171348,1255406,1326420,1676612,5374955,6469580
975588,1131358,1178044,1168936,1257640,1352158,1592004,4588975,9364673
979910,1126020,1159166,1176158,1264194,1323372,1637682,5424912,6382827
964208,1137511,1152613,1166588,1236369,1312322,1622585,4512559,9611181
978827,1128521,1147101,1172888,1274821,1344111,1742595,3173465,6280498
976414,1120822,1165603,1162649,1260529,1321403,1572473,2549520,10215128
972350,1129817,1179780,1176734,1274871,1319205,1651054,3457965,6354390
976916,1136862,1147290,1151661,1237477,1339594,1610429,2492810,9859866
977776,1122972,1153931,1170135,1288471,1323755,1585869,3535932,6350341
974654,1129049,1169932,1147698,1253792,1297943,1675623,2543854,9406168
970212,1131536,1157229,1178403,1271931,1334333,1574252,3431222,6431926
988285,1134532,1156420,1167832,1260061,1316605,1609464,2513539,5469834
1073675,1123993,1155588,1170149,1256413,1313435,1674776,6255007,5206645
1043097,1129606,1158393,1156706,1246599,1323871,1584273,4629462,5604059
975689,1127618,1160845,1178324,1285242,1319704,1546964,5075795,9977302
976227,1133403,1155435,1163968,1274658,1324009,1680795,4754889,6272837
977633,1131694,1166834,1177620,1262605,1354108,1607842,4627673,9481054
974030,1132699,1154021,1157093,1243044,1330249,1554263,5019460,6649431
980123,1128649,1145023,1178030,1266494,1327334,1649271,2327485,9859598
980619,1132451,1159583,1156049,1254521,1346752,1639772,2560287,6339582
978757,1135781,1158175,1167806,1262591,1328605,1590417,3634861,9501493
979008,1129957,1139838,1154996,1247183,1322804,1645695,2566437,6265481
979996,1132161,1155532,1179044,1289794,1359546,1636036,3579736,9386683
977393,1132195,1152113,1168078,1256975,1330360,1576241,2533024,6689239
973734,1127012,1155538,1172978,1257804,1317449,1641133,3554881,9820239
974960,1140179,1149278,1162273,1237666,1344102,1685990,2555959,6512949
986914,1131395,1158118,1174156,1285528,1313039,1588359,3488723,9592146
978724,1134167,1153311,1158985,1249955,1284732,1640277,2480245,6235810
977190,1132605,1170148,1165489,1259572,1331912,1643427,4060070,9601156
978775,1130953,1146284,1165414,1270228,1323049,1566467,2551654,6602890
969375,1113096,1159242,1189637,1284364,1308870,1639285,2595332,10031201
981990,1126678,1154219,1147126,1236298,1335420,1627809,5867910,6368414
975548,1142765,1153910,1171611,1284119,1328203,1557892,4573500,9670642
979421,1133953,1153906,1162030,1236676,1330545,1651102,5382397,6323615
970103,1126206,1155567,1168645,1282172,1352421,1690184,4882752,9515565
971951,1132094,1148601,1163110,1250842,1324540,1589680,5351908,6366639
967115,1126805,1151651,1167746,1301887,1334215,1687867,4569662,10417173
978166,1129997,1149357,1167575,1284449,1353818,1683459,5340829,6244366
980882,1106417,1137750,1197455,1265253,1327853,1606564,4538349,10110285
978957,1129781,1149158,1154113,1258171,1311038,1722428,4839949,6267199
982211,1130237,1160248,1174352,1262670,1339481,1609156,4546443,9463840
979043,1131260,1154025,1169793,1300987,1325418,1582217,4465442,6233387
985748,1139247,1160964,1184545,1271001,1318720,1684146,2695138,5901587
985645,1132575,1148808,1176799,1279736,1344054,1625228,5714787,5148119
973566,1127443,1156468,1183975,1283154,1317197,1533063,4444773,5161679
979196,1128502,1143244,1169821,1250930,1317613,1646510,4409331,5365550
976299,1129193,1161330,1166522,1290633,1341995,1579159,5350148,4940425
973015,1142243,1158382,1165197,1251144,1308667,1602816,5776410,5523125
979270,1123312,1144374,1165636,1264674,1336002,1634467,7454997,5184791
980704,1132412,1148889,1166551,1252461,1363461,1586818,5505878,5719581
976839,1127984,1155331,1174093,1304961,1337970,1549016,4632547,10327923
979117,1126915,1166419,1165021,1280271,1323811,1609459,5453348,6126775
979476,1131232,1163641,1170631,1262031,1347587,1921689,4531840,6186616
979877,1128853,1143801,1163905,1249862,1343478,1597467,5385120,7348353
974105,1128648,1159927,1186313,1280885,1332511,1644550,4567557,10332762
975978,1129492,1142954,1159487,1253161,1354117,1606245,5363063,6894167
980373,1133237,1152773,1176017,1276708,1317105,1591466,4555277,9389228
978813,1129263,1142876,1164688,1243864,1322109,1601846,2968101,6173820
977727,1128028,1148976,1176411,1258616,1347756,1556543,5695490,9273641
979352,1132615,1152989,1157606,1247101,1315968,1533162,4480998,6576479
974402,1126493,1161465,1190340,1316855,1305856,1602056,3476630,9734628
971775,1129696,1166203,1165912,1288871,1352980,1538237,4155145,6415129
981991,1126506,1156137,1181010,1294490,1333312,1475595,5125780,9812478
973958,1128435,1142188,1172606,1284563,1335347,1581679,4746438,8131008
980326,1146377,1139141,1167399,1268530,1341686,1534147,5073276,5035578
975558,1133191,1140473,1163442,1274692,1354706,1508627,4682898,5440174
969426,1128867,1153700,1171787,1280368,1305346,1592418,4681732,9905133
981115,1127677,1144739,1156520,1271835,1337793,1541519,5440068,5170226
979444,1137391,1169353,1170284,1288370,1313640,1541562,4629291,9793599
974111,1127716,1142112,1156035,1280483,1313475,1579941,5327492,12452033
977830,1130198,1164397,1164785,1296648,1338860,1522390,4699007,13001347
976576,1130460,1154682,1146333,1252057,1317264,1493887,5359164,6584174
975067,1129891,1165138,1176220,1268225,1322298,1572053,4548769,9858000
973908,1134398,1154853,1151224,1270226,1337216,1536947,4894968,6276889
978542,1126730,1156509,1176943,1290550,1332034,1492816,4541643,9645198
1011445,1132560,1144690,1155317,1284813,1310416,1616999,4536411,6293958
1125730,1143451,1151554,1192756,1274646,1344592,1570662,2788153,9393607
1117051,1132881,1155746,1172232,1251586,1328445,1623127,5673929,6610487
1121617,1137785,1166291,1179848,1288476,1324364,1723026,4482730,10103951
1123309,1129838,1156864,1163936,1264162,1348477,1666996,4427990,6382514
1118752,1124613,1151094,1173828,1299121,1320658,1583645,5296211,9511389
1126574,1134346,1142426,1159692,1297400,1327088,1691964,5482204,6309434
1123747,1121817,1168691,1172017,1274663,1333248,1592475,4695231,9555408
1123451,1127370,1154412,1160926,1241821,1331554,1607633,5436441,6691675
1125978,1122096,1155396,1171708,1292130,1325760,1666278,4618622,10036317
1109194,1128516,1149620,1154471,1280401,1341469,1571645,5464888,6285233
1114305,1131170,1141056,1160396,1259724,1337048,1539413,4587656,9643171
1117535,1128841,1144225,1146955,1292426,1313739,1647040,5551356,6383989
1110283,1127332,1151425,1168461,1243554,1344861,1585332,4529576,9523772
1111499,1125993,1147131,1162478,1255900,1334867,1564647,5290947,6694907
1112873,1121486,1154285,1165816,1281738,1327039,1640179,4495598,9890723
1106339,1129297,1157747,1159875,1266202,1335502,1612903,3675186,6385089
969274,1130536,1152141,1172296,1280745,1325720,1569578,1815890,9408706
972707,1140274,1145635,1147060,1275194,1335160,1636410,5648797,6141696
964622,1125330,1142571,1166573,1280189,1373534,1619649,3511167,9539671
954914,1128014,1159213,1157228,1258205,1328270,1559682,1944508,5447900
951492,1129693,1155525,1185189,1290350,1304136,1637769,3403124,9915390
948688,1128731,1150785,1139352,1287941,1350154,1587060,6053293,6288837
954210,1136803,1150519,1165917,1291681,1335286,1639495,3874907,9345834
949377,1132270,1160911,1148082,1250869,1314102,1633420,5932386,6214353
946266,1132420,1151219,1170382,1278012,1336529,1570980,4751629,9111838
947552,1129234,1162715,1159393,1242987,1331535,1564992,5466658,6694632
945391,1127246,1153874,1165000,1291508,1305631,1652471,4621208,10186438
953904,1135372,1153955,1148242,1275095,1381268,1585428,5385035,6304196
948217,1134404,1156018,1183702,1283634,1312099,1580044,4643838,9558385
947012,1131649,1156574,1150143,1281481,1329849,1656486,5431237,6325197
940619,1111038,1147373,1166373,1273684,1342413,1592166,4463053,9462789
949433,1111001,1154754,1154575,1276878,1331509,1552599,5372667,6165569
948694,1133508,1168649,1174094,1286570,1319226,1658411,4514686,9974117
946410,1128977,1158520,1159250,1256928,1351790,1608192,5321618,6526008
946913,1117350,1146391,1181921,1278018,1784234,1553196,4520560,9910922
943841,1117184,1166299,1158839,1252605,1425281,1629429,5400484,6289054
949488,1108206,1144874,1178776,1293494,1406153,1579613,4675637,9453989
953100,1128263,1157109,1158251,1274286,1352266,1549719,5342350,6182618
938240,1115140,1156512,1163999,1290186,1349152,1656826,5137341,10182858
940830,1106129,1140326,1164713,1266531,1360889,1593367,5741159,6511376
950937,1126447,1157658,1175161,1283243,1354049,1577973,4936206,6824204
952083,1128370,1153200,1161485,1270745,1340290,1661174,3315279,9915124
947269,1129145,1154768,1173684,1298165,1378349,1616608,2723504,6310636
948365,1132253,1163560,1160481,1299530,1377770,1585908,5733634,10167820
950153,1122386,1144582,1178296,1271576,1348386,1674590,4595744,6474182
952556,1132303,1160859,1150359,1274132,1375753,1577216,5447580,3661789
951059,1127593,1165899,1169710,1290782,1337261,1569071,4571966,5630315
947258,1121272,1151689,1160124,1246468,1350668,1661845,5285543,4984965
988181,1134928,1163270,1170550,1275204,1370886,1601396,4534582,5042947
961386,1118265,1148377,1158909,1272308,1333276,1588227,5284271,5298619
945123,1126915,1144425,1173846,1285370,1317355,1645312,4520346,10198789
947147,1130595,1143239,1144820,1267588,1362423,1582418,2821140,6339185
951089,1129753,1159636,1171769,1270004,1339091,1560157,5607517,9839688
946012,1125894,1150905,1160555,1278127,1330369,1910323,4470438,6137222
947340,1133391,1157085,1173011,1281676,1332063,1629763,3789579,9526636
948981,1134585,1137781,1148945,1276546,1314969,1569530,2945207,6618756
944169,1133864,1145194,1187139,1724132,1309306,1621224,6060095,9919123
941215,1117390,1181559,1163188,1340982,1332718,1585150,4857556,6328985
933932,1103209,1145508,1183656,1342441,1328234,1546541,5413089,9205226
957591,1131501,1171863,1146382,1317377,1287467,1609744,4759381,6287906
942042,1117063,1162748,1180084,1311560,1327951,1540174,4792039,9584957
983626,1107437,1147925,1158805,1276272,1304282,1524307,6183381,6707692
1088360,1129722,1164388,1165676,1319374,1282803,1568594,4554445,9702340
1090196,1134404,1153129,1160375,1280949,1341605,1533641,5232625,6371760
1088852,1119188,1157110,1177495,1321465,1302554,1528276,4515670,9377659
1088678,1129338,1156080,1156828,1312275,1298520,1596465,4818486,6173014
1086314,1123961,1142778,1174260,1321983,1338075,1530756,4797905,9361157
1096921,1126460,1156955,1158151,1297945,1304702,1520191,4612823,6635418
1087070,1128004,1157295,1155514,1310387,1297975,1596417,5390653,10044953
1091289,1135593,1153478,1165301,1301728,1331652,1510141,4436046,6282539
1087409,1134789,1146727,1173516,1311099,1324119,1479421,5353175,9601932
1094519,1134933,1152995,1168620,1316660,1359943,1549661,4474613,6217897
1087377,1116903,1153121,1167797,1313907,1366321,1548667,3848891,9364526
1085846,1106355,1142622,1160546,1285937,1306275,1496611,2600815,6692394
1083846,1132636,1157261,1175411,1307360,1324445,1615912,6055038,9719040
1091343,1123417,1149055,1160156,1245482,1346584,1573799,4619366,6292415
1089851,1172821,1133918,1185006,1273055,1307716,1580554,5642807,9483396
1092912,1142156,1158625,1162192,1264826,1319853,1700064,4643635,6288828
1132558,1133456,1147358,1162361,1274519,1355780,1617836,4969502,9500990
1025945,1142097,1151199,1149506,1270853,1331247,1572682,4716394,6650885
970926,1135958,1142826,1167258,1278311,1330682,1637564,4593575,10008766
976369,1137538,1153809,1160451,1251909,1349686,1568545,4529349,6378998
974114,1136922,1153560,1185901,1282051,1318656,1606045,4505468,9548776
979524,1134186,1149316,1159748,1270056,1329162,1678216,4837076,6305209
979415,1127466,1145849,1161694,1274673,1344499,1596056,4737466,9325196
971233,1130673,1155272,1156314,1250735,1310666,1546774,4437292,6643684
973897,1135779,1146452,1168657,1278789,1313819,1649071,5251915,10260670
977095,1128298,1156472,1151732,1272664,1333185,1586510,4899680,6386820
972826,1130361,1143474,1179427,1279317,1316613,1581647,3792690,9429936
976492,1133753,1165731,1150759,1248480,1329515,1631759,2639653,6188532
975516,1129611,1143656,1175448,1248998,1313959,1615774,2432386,9282241
969370,1123188,1164674,1148591,1223107,1315577,1580278,3704938,6681851
977250,1131633,1138966,1170977,1286748,1298731,1634019,2640368,10210987
984491,1128478,1150455,1157664,1260717,1366319,1596578,3563282,6302828
976789,1126814,1140086,1172669,1261880,1317337,1604568,2631359,9395101
981581,1132858,1154730,1165136,1259930,1303223,1617991,3566292,6154742
975859,1129317,1164535,1173275,1263766,1316456,1637225,2552797,9527626
976913,1130975,1156025,1155097,1256769,1313749,1577480,3571723,6507017
980660,1142467,1160322,1176394,1287432,1298544,1702192,2568703,9732735
975426,1125909,1143649,1154588,1272630,1347750,1656477,3588170,6450047
976619,1127647,1137195,1165129,1294200,1311339,1613422,2589721,9585191
978675,1133157,1139517,1148802,1271325,1310669,1722352,3452601,6190695
976813,1129376,1177683,1186944,1293949,1339677,1724551,2596549,9515983
976209,1143138,1159737,1169574,1285819,1332868,1652266,3483534,6203078
979964,1128592,1150728,1178535,1292115,1314363,1704325,2534701,5545999
972046,1130274,1152520,1186242,1272758,1372520,1696210,3476709,5157435
975348,1127943,1148820,1169064,1298892,1332872,1573876,4298261,9703056
972456,1131691,1142827,1159197,1273825,1316514,1673491,5517624,6453204
978514,1121413,1146205,1181561,1303057,1335674,1661197,4658557,5175756
984521,1129162,1144275,1157958,1292475,1320632,1592816,5495696,5012347
984390,1122831,1142659,1170235,1304103,1322528,1737298,4646372,5518234
972086,1130016,1147344,1151730,1285091,1346392,1686480,5697261,10021598
984330,1128968,1142764,1168555,1301003,1344909,1635161,4643984,6459944
979465,1128942,1152501,1158014,1255863,1324578,1682834,5463022,9817683
979245,1129543,1153141,1173928,1290164,1341829,1645502,4546384,6319696
975410,1127308,1153915,1161329,1253268,1351914,1581343,4440155,10260308
981736,1128526,1154603,1171883,1267527,1314140,1713602,4533257,6478987
976525,1129809,1143836,1158176,1270379,1334715,1630713,4450309,9842052
977499,1128226,1140038,1179599,1296578,1341501,1584722,4514881,6483247
981744,1135516,1156869,1163548,1254676,1305613,1674887,4399757,9860637
979824,1132745,1162699,1176508,1273537,1358139,1674039,4901901,6297665
979392,1131042,1144415,1159169,1263315,1315867,1635545,2335238,10266364
1029914,1129297,1163244,1179343,1284567,1309128,1653305,4438391,6507941
1046486,1130119,1142333,1175352,1292593,1332654,1583600,5566894,9595704
981157,1129289,1151611,1184250,1305796,1319079,1545955,4695231,6285927
976217,1141636,1162904,1170336,1246840,1325481,1635682,5530318,9492239
979546,1126853,1140645,1169537,1267259,1351337,1577271,4767555,6321871
977257,1130312,1156272,1162953,1255310,1315310,1556418,4571161,10245881
982382,1126569,1154362,1173268,1266365,1305983,1655674,4585757,6466414
977956,1131740,1154336,1151952,1290629,1344927,1600548,4478163,3629190
981157,1122905,1161762,1182967,1303550,1305484,1863496,4923846,10074155
978517,1129471,1158801,1156768,1262401,1306293,1705912,4629127,6284520
978849,1125594,1150177,1183693,1286811,1331445,1559000,4548238,9250924
976146,1122754,1150639,1156218,1273468,1318869,1570085,5366476,6734901
985599,1125951,1144185,1176791,1301024,1301557,1625663,4599360,9864293
1007680,1130030,1159725,1157324,1269064,1338390,1577013,5349902,6451574
985661,1133478,1147049,1180386,1306871,1324948,1534101,4550913,6702862
978260,1143071,1163681,1141090,1276583,1320615,1571392,5307642,10015758
974827,1116118,1148576,1169544,1310450,1352573,1551420,4598192,6299015
969507,1127163,1150317,1149909,1278271,1316418,1531661,5361427,10225120
977576,1132410,1158126,1170466,1289751,1314032,1590523,5170868,6507045
981748,1132887,1148384,1151225,1264310,1324285,1554960,5481454,6649904
980230,1135604,1166303,1171601,1278737,1316479,1535216,3734988,10189027
977230,1128346,1152242,1150662,1259577,1320809,1602921,5928854,6383199
980119,1129825,1146113,1185892,1291639,1327825,1531032,4648660,9309386
976861,1128517,1159265,1165574,1276711,1336748,1486424,5440838,6657966
982764,1117823,1159500,1177984,1309920,1305170,1567832,4647687,9903503
976346,1119821,1138039,1141176,1282368,1337555,1520123,3275825,6391995
978441,1125956,1135515,1167087,1292478,1335529,1548091,2640926,9653356
982018,1128396,1168575,1159113,1269156,1312401,1620513,5869990,6151769
973148,1128238,1156757,1181044,1283222,1331871,1569884,4691424,6496630
974871,1131437,1148727,1143251,1260558,1319708,1530550,7295979,10943001
979379,1140598,1156786,1169560,1295034,1307439,1691050,2652207,6619367
971924,1116205,1138582,1162824,1246553,1327532,1587065,5624371,9865557
988070,1110635,1163183,1198157,1297409,1318801,1617758,4516536,6234584
981017,1154581,1139006,1161831,1261856,1295070,1761365,5338471,6329449
979549,1125201,1148870,1167043,1292884,1324667,1621567,4070102,6188350
975527,1135026,1146783,1161034,1254097,1321245,1603904,3772339,6858998
975545,1114245,1143236,1180855,1266638,1302620,1721947,3934558,6576368
979061,1128701,1180974,1158474,1246204,1339605,1620598,5495293,6359069
983298,1128640,1137923,1181550,1271706,1319248,1604637,4619273,6386040
969972,1130795,1150911,1153691,1281064,1306765,1633155,3217968,5115924
974806,1129577,1153153,1179125,1286132,1332635,1587611,3999027,6124892
979946,1133502,1152579,1159649,1278588,1311726,1559380,5443962,5435439
980192,1124906,1162060,1178866,1286728,1303021,1690103,4552141,5166571
973299,1130961,1152539,1161856,1259723,1343366,1706775,5345993,5343037
977716,1123355,1156716,1181352,1292779,1327780,1592785,4504204,10203682
974804,1132817,1150574,1172000,1280035,1305950,1703528,5306058,6238269
975382,1129892,1147491,1167930,1281715,1326431,1682524,4614835,9284837
996529,1133844,1159229,1149690,1278488,1313433,1609721,6094917,6748244
1026950,1123941,1149167,1166719,1290307,1344520,1701718,1814578,9793822
983687,1123932,1170364,1152994,1244918,1345239,1639232,5939901,6335792
980941,1125285,1166819,1166793,1258691,1329696,1594913,4672261,9856929
978311,1129867,1147856,1153226,1252040,1322563,1672318,5301743,6278753
982029,1131072,1150460,1167730,1282665,1342317,1659848,4063754,6614748
980343,1119472,1134483,1151032,1255494,1324724,1592393,5962732,9962694
980751,1130380,1154824,1165882,1285659,1305192,1682491,3781603,7405838
983247,1127395,1150082,1146349,1269717,1336196,1693883,5796384,10657910
975532,1129457,1152636,1186664,1287125,1314062,1663111,4612139,6938959
978940,1139597,1133423,1170226,1284597,1303687,1680132,5399444,10148480
979729,1127740,1146612,1179829,1315215,1314216,1702687,4630061,6708175
976939,1129143,1144047,1155885,1275477,1317533,1588001,5375735,9840341
979839,1127274,1147366,1171401,1285627,1318523,1681996,4508716,7242579
977898,1132139,1158379,1154728,1276186,1368699,1628328,5331752,11039711
980402,1129020,1142240,1166039,1276791,1329619,1630903,4510177,6724510
1049768,1130030,1146388,1164035,1265426,1329896,1684254,5392483,10302409
1124023,1124820,1160234,1172354,1257382,1333721,1671155,4714818,6699210
979976,1132286,1146327,1151070,1260726,1304562,1547354,5565271,10809456
977925,1128882,1166887,1158716,1297742,1296714,1740760,4419935,7522463
976690,1131933,1138301,1162533,1253179,1328478,1681355,5208817,6178266
979038,1133166,1166344,1179941,1292007,1310250,1605582,5235018,6835349
981053,1139853,1154753,1162031,1277248,1319551,1672287,5610150,6999153
974140,1125744,1156444,1172951,1299121,1339680,1638503,4737193,10706368
976855,1133779,1180974,1157273,1253268,1308935,1628853,5596341,7659376
992040,1128324,1143142,1171736,1307876,1325583,1673173,4610392,10828132
981433,1130417,1148346,1160961,1261141,1343126,1623444,5538604,7102565
981278,1132945,1149925,1178078,1294873,1330553,1555729,4584291,5995758
984413,1128749,1172246,1157521,1244110,1312305,1744520,5436893,5795735
983922,1127323,1157122,1171019,1293384,1347094,1642219,4531551,5775862
979925,1124817,1153882,1153133,1264033,1321481,1549748,5371359,6083284
976775,1126132,1143440,1174623,1294830,1309662,1699373,4581682,6474428
974707,1123885,1163733,1159052,1275038,1336556,1696706,5374990,6778182
984156,1127817,1155956,1171998,1253196,1320465,1682748,4463543,10227274
981057,1124393,1143910,1155981,1259361,1314746,1705301,5299385,7010917
984505,1126133,1161658,1182824,1296436,1347296,1686778,4522522,5449812
982985,1128371,1166708,1160282,1282409,1310200,1560030,5320035,6208241
983778,1125523,1148491,1167845,1284165,1320292,1661789,4548723,10141213
978630,1127347,1150035,1157102,1263476,1353302,1918898,5251776,5333251
979957,1130474,1134935,1171948,1303471,1319636,1619466,5275441,5688937
978168,1122877,1158295,1148640,1268387,1300328,1652292,5512697,5445183
982143,1125800,1177376,1161432,1269547,1326918,1649437,4605293,5567455
980156,1125091,1155180,1154659,1257205,1336458,1583586,5469519,6183703
980019,1128382,1150976,1160409,1283978,1312721,1627689,4646773,11223027
977587,1133162,1149506,1172956,1274184,1330276,1585558,5328724,6795968
977922,1126759,1183098,1181014,1302490,1310466,1537965,4524005,5554807
974644,1128048,1153594,1156332,1283827,1307077,1599100,7251420,5455574
983668,1121900,1144501,1174573,1304505,1351547,1553318,4945952,10509070
981593,1129021,1155412,1174192,1269801,1324757,1508264,4573904,7270409
978025,1135541,1151499,1170529,1275976,1317587,1575839,4599552,10469384
983265,1118822,1157450,1164707,1233480,1360876,1545427,5313949,5311496
975461,1125144,1161620,1160112,1287540,1330348,1516835,4471593,10181358
976982,1126511,1138892,1161951,1244859,1301600,1585510,5198191,6267175
980899,1128608,1153956,1171705,1298584,1331489,1556797,4546345,9566989
984257,1138691,1153154,1153681,1268555,1335074,1513104,5319246,6956816
979630,1130680,1150710,1160803,1294709,1285296,1581288,5211724,10320541
978130,1125319,1156063,1167460,1264415,1336445,1536605,5566596,6815821
981138,1128534,1143170,1178950,1293531,1328721,1508584,3725091,9996402
979956,1120673,1162804,1152727,1270717,1324300,1575587,5979697,7218882
986266,1123144,1151750,1178737,1287541,1343044,1555928,4630771,10609146
979765,1126057,1151723,1162483,1237314,1309362,1542513,5514393,7798806
997568,1123672,1157196,1177447,1292892,1310202,1675104,4583339,10619873
1031149,1123075,1157804,1167048,1267493,1335178,1674281,5429871,6995518
977232,1123594,1153725,1168158,1299156,1328124,1597079,4784187,10063349
977453,1122036,1149143,1151009,1236455,1318825,1732871,5401958,6661156
979819,1126056,1152462,1178581,1291270,1350365,1724984,4471798,9995545
983868,1121095,1142159,1151521,1270959,1325564,1571214,5266852,7261649
983421,1121149,1153778,1158790,1291383,1322263,1637788,4488735,10550113
977919,1128870,1166415,1155985,1278724,1350824,1583884,5320161,6866983
979051,1125091,1144580,1183571,1311885,1320932,1554416,4521497,10874397
980659,1125155,1135113,1169274,1276114,1298026,1633444,5194052,7695456
978075,1111061,1149586,1183438,1281023,1332630,1575663,4556615,6055618
981912,1104728,1159627,1161476,1254992,1325075,1605479,5266713,7193185
979908,1126317,1144175,1177536,1270457,1338545,1691588,5177808,5707809
987845,1127231,1148823,1217312,1270077,1354563,1678149,5485934,7261418
983572,1125701,1164878,1179888,1293334,1318457,1578727,4939627,10236741
977251,1123539,1149610,1163662,1283689,1311949,1664155,5467743,7141876
983105,1120883,1154365,1167105,1298708,1361431,1644611,4739181,10662482
978720,1124489,1140344,1153696,1241395,1317522,1578652,2843599,6768809
981592,1121454,1135174,1189126,1274458,1313776,1684255,5876700,11547315
978491,1128463,1158571,1150261,1244947,1334095,1629300,4567614,7645834
977457,1131761,1153195,1174019,1296758,1317391,1586148,4538950,11085067
982384,1128553,1138631,1158990,1246519,1326585,1695092,4551562,8872246
980276,1112239,1148898,1178421,1290164,1347624,1670040,4481278,8615783
980437,1108892,1142339,1189785,1239984,1313422,1584339,4479013,6649945
981299,1125511,1140426,1176166,1269733,1340809,1723395,5300400,5890396
979288,1125041,1158042,1180906,1265500,1327857,1646008,3561586,10770217
980714,1122905,1152170,1179763,1266755,1338273,1588224,5662716,6813597
980791,1124591,1147177,1178004,1260700,1315983,1689002,4507802,10908500
983687,1130138,1160146,1176989,1263695,1338832,1667156,5452918,7298213
979970,1124025,1144986,1157061,1250336,1339234,1639990,4704973,11634190
981750,1135563,1155553,1172490,1285735,1315366,1696223,4773096,7006429
979705,1126229,1150203,1153840,1253614,1335032,1643342,5556646,7101166
977470,1127396,1150368,1168634,1285541,1303861,1623599,4630200,10572304
977196,1124234,1135511,1157597,1263200,1320783,1718392,5424217,7133338
981105,1124704,1160360,1157899,1303368,1309715,1644268,4656048,10744330
978309,1137665,1150775,1164787,1271356,1321708,1590569,3181409,6500592
985842,1126424,1155348,1178576,1270762,1300025,1684551,2598717,6131115
982591,1124870,1161563,1164346,1257574,1354004,1646553,3581959,6951053
976454,1120416,1145247,1166212,1252569,1292662,1590783,2497327,10756695
979869,1130787,1155873,1162199,1291335,1297401,1688433,3513555,7145280
978712,1132837,1147049,1168125,1320171,1321131,1647292,2620660,10552238
978097,1122961,1152543,1163872,1266933,1336971,1624281,3598545,6457203
979215,1125075,1144800,1179714,1293072,1306274,1723441,2528745,11023456
975689,1111606,1149492,1149951,1256167,1347715,1640060,3500987,7319018
980552,1097317,1148912,1169484,1287395,1337116,1648281,2567578,10275423
983356,1120807,1141665,1151833,1265100,1314264,1697873,3482447,7259129
981241,1104631,1140356,1163806,1294255,1322548,1661194,2981692,10643611
981544,1127356,1149473,1159363,1283988,1308428,1611254,5974499,7244473
968475,1121426,1133518,1182850,1280635,1327400,1698019,3667836,4295569
984945,1123844,1158342,1153890,1230907,1337555,1662877,3691524,11169347
981002,1128339,1134283,1181548,1304245,1317096,1607034,2779822,7226871
977693,1124471,1150365,1164991,1255267,1335122,1680393,5880774,10791299
978132,1122996,1146058,1174341,1296773,1326632,1686598,4604287,7144073
980191,1127670,1144233,1158571,1280848,1339791,1590542,4583057,11915150
980334,1121359,1148385,1176438,1291282,1306421,1993040,4521168,7537641
972987,1140873,1148953,1156730,1282700,1337643,1725553,4609104,7295321
978731,1124195,1156611,1187202,1271677,1334958,1630879,4935015,10955297
977241,1116604,1140519,1161140,1274462,1327283,1635267,4542488,7606161
981581,1121835,1150579,1178330,1271184,1346535,1644745,7174058,10262765
979978,1134213,1157208,1160573,1273293,1315626,1601885,2750801,10720450
981123,1134294,1154835,1181293,1261890,1321615,1669966,5927574,12018212
976704,1126086,1160500,1157587,1291147,1329873,1573745,4479323,4351902
973250,1125067,1141566,1191534,1290335,1307864,1550885,3738348,6471660
981899,1123126,1151420,1175244,1266094,1315322,1670612,2599206,5284880
976037,1126428,1146816,1181709,1280763,1329766,1600874,3726448,10204654
974484,1122985,1150572,1153525,1255909,1314785,1600996,2640511,7447252
978559,1129928,1153896,1176985,1276918,1318041,1617074,3649714,10869883
984840,1125059,1167943,1155517,1259465,1326995,1579311,2640682,6908124
980273,1122242,1152623,1179812,1307891,1322511,1569024,3593712,10217637
978340,1124630,1156000,1159336,1270681,1302067,1608292,2720958,6713835
996382,1122856,1148584,1166731,1267255,1345921,1544295,3565277,9951973
1031225,1128009,1163042,1151126,1268307,1345545,1550720,2583696,7399055
979139,1129355,1146675,1160876,1305109,1285334,1633695,5728492,10595357
979993,1129042,1155597,1160018,1284251,1349007,1560602,4582184,6978517
985045,1126683,1148777,1164672,1308415,1318901,1566656,5405526,5453249
974821,1129471,1143317,1151943,1281380,1309320,1628485,4839523,9164350
980801,1129804,1156726,1184314,1308799,1319289,1591043,5325984,10358837
977075,1140719,1150579,1154437,1262925,1310294,1658613,4591020,7399340
982315,1124242,1145112,1177555,1293431,1308196,1729779,5325272,10618704
981802,1131517,1142540,1168431,1259457,1342016,1672389,4493636,7119938
984489,1120731,1154520,1170489,1287776,1308655,1634931,6198726,10198238
984842,1132476,1149273,1153763,1269643,1300785,1750096,4897683,8834191
977613,1134563,1144420,1179400,1310745,1341563,1670313,5136758,6932059
979115,1130964,1166187,1190145,1294310,1314276,1570401,4796274,11447031
984943,1130144,1140970,1183515,1282232,1331999,1692032,4715046,7025206
988096,1129772,1167046,1164644,1264537,1349607,1626074,5425808,7088712
980210,1123028,1136869,1174881,1272600,1341650,1586202,4651588,10848096
981424,1131853,1152529,1157921,1269909,1294668,1680290,7196993,10279352
979287,1126311,1143295,1166066,1270349,1321664,1663033,2692659,7726821
988096,1127242,1152958,1158610,1267144,1325506,1604281,5733554,11129821
976865,1124306,1155685,1167417,1285835,1322014,1663871,4577781,7245225
974169,1130234,1154638,1154563,1261187,1342209,1656386,4848783,10600829
978316,1124215,1158910,1174572,1277056,1302955,1600067,4855749,6946285
973750,1129217,1153257,1165092,1267526,1308658,1678602,4583637,10301908
985786,1122147,1173900,1163590,1292427,1333595,1669200,4667308,8810829
975572,1123120,1141205,1165753,1258221,1324554,1607524,4435289,6943223
974214,1123121,1144525,1162504,1297247,1294817,1695586,5400879,11257542
983832,1125433,1158556,1161392,1243089,1335233,1676520,4643232,6884040
975647,1121584,1140679,1183948,1284156,1333150,1607525,4906244,7330673
978004,1136610,1165818,1152586,1258451,1311577,1694129,3270889,10720061
