x86 FX b16,x86 FX b32,x86 FX b64,x86 FX b128,x86 FX b256,x86 FX b512,x86 FX b1024,x86 FX b2048,x86 FX b4096
63582331,57132747,57915710,75637211,92308933,58180459,61551135,70923547,84961591
61966887,56671160,59806236,61328943,92054568,59533140,62505903,74079037,91130704
61331076,56408441,60110009,59740366,93202915,58554300,61789483,64905317,70785879
60242874,57824394,59049368,59784702,93988322,58804467,62100432,73480237,85922814
57697139,68172371,59649824,68218207,93953283,57493206,61605594,69218091,70654061
57772445,56829142,60888071,60146631,92460122,56942036,62051025,60620146,67785788
56967681,56654433,58095624,80983601,96641499,57799159,58458726,70379912,84002681
56983612,56952929,57218899,91555363,94036849,58159796,58625006,68438938,71446128
56695791,58366448,57240478,91053620,93039351,57742797,59503901,61431519,80842253
56540933,78748325,56861272,90045516,94707342,57412356,59045859,66041233,68169920
56680581,89386341,58921895,90263888,86743412,57434959,61663951,68532324,79568877
56694632,82898476,59903208,89089788,77018139,60154078,61845338,61243163,69210441
56396139,58548473,59976142,89154669,62449284,60579541,61669845,66796883,80151604
56772209,56927258,57435466,89929416,60475904,60862321,61996413,68455334,72288922
56567267,56701107,58804307,89729691,58788967,61269422,61582291,61075867,81343956
56273581,57394152,59723476,89837018,58067072,61050314,62562423,66862243,71298702
57835414,56445380,59264248,89409039,58410039,61094927,62214879,68590592,79868333
56465043,56571225,56620057,83877463,57898615,76364053,61272563,60361297,75378840
56196028,57223985,56822298,59304644,57409571,60564211,58789022,72121767,70470901
56399420,56766613,59320440,57305415,57054636,61029878,59357440,73573077,66781080
56851915,56750113,59605042,57093310,57015535,60410276,62118721,63970952,68150579
56533942,56478307,59106324,57312542,57371576,59950294,59425484,70958158,75046739
56520841,56816776,58601525,57388760,57190671,60551769,58775261,68767391,71223096
56582567,57648538,58932572,57084028,60325321,60669151,59407177,61156146,74792929
56505698,56765944,58690797,56929130,62132778,60971566,59783538,70411219,70422825
57330796,56537492,59388766,57636048,60750005,60898162,58673167,67744150,82403401
56480374,56284909,59395121,59377994,60350818,60738099,60064601,59620028,70750418
57278853,56322358,59408230,61367038,60648062,61067055,60580136,69251310,64811381
56465032,57425526,60156568,60082453,75539576,61350645,59355805,67585435,79692016
56344399,56825226,60035632,58136792,73784372,60393270,58104492,59744923,69609181
57135758,56433152,59669036,57405988,61431355,58759993,58072290,69038870,67526667
56538097,56754769,56952777,58096953,62310760,56275751,57727597,68227661,86112884
58098136,56387256,57007177,59178544,60419612,56210152,76419186,59385806,71986777
57400631,56444328,58652196,57559098,59841608,56143296,109943957,69310918,69119055
56299054,56829964,59073489,56968302,60015966,56191324,96581012,70189496,83631482
58027108,56911057,59651521,57265135,61295448,55962902,96014714,60575615,70730619
56468132,55599077,57980482,58393559,60824559,56481948,99476317,76146030,70441338
56420545,55687084,56761701,56620359,69399566,55889115,97534407,69200452,69289799
56585781,56490558,56861704,58145829,59860586,56084316,96614011,60676542,71092343
57630120,56407699,57232814,73619964,60563821,56389054,96541630,69760551,70855895
57564974,56695345,57937695,59027740,60430974,56767336,79345454,67717560,71811786
56365404,56746963,57575043,57712844,60504264,56754444,62028940,63113049,66859352
56261107,56510749,57651497,56770142,60621419,57120108,67184792,74701112,68746672
56466907,56698213,58153538,56903362,60542005,59553010,73435290,68501428,73217757
57995553,56619170,57008071,57769456,60233386,60822189,63074835,60932870,72818918
59676658,56652851,56827766,59682090,60778344,60248889,60695326,73262185,83634976
57413700,56625072,56691501,60680985,60571390,59817167,59297337,67760506,76371398
56907475,56855355,63284507,61178439,60231719,58109619,58945100,60944603,69997636
56786783,56475047,59694361,61555908,60582591,57661054,59119411,70128552,73219779
56876225,56955071,59034356,60791966,60151102,57276875,59470822,68223381,71574445
58150221,56720399,58907284,59546157,60266233,56905558,59679834,61327786,69781544
56151026,56455815,57359238,57368878,84160921,57017627,59454588,73764439,63817547
56869686,57472497,56868651,56995647,93993156,56219024,58734385,68448861,72301318
56933714,56987459,57219473,58097906,89400701,55760689,60305402,60842301,71239665
56848928,56417169,56684304,57615278,60325602,55879728,62133738,71011577,70787828
56816409,56835774,57009990,57082475,61587191,56446541,59635643,70249013,69002453
57932006,56857428,56742654,57136946,61593480,56009598,57614770,62778409,69830474
55929258,57449613,56781339,57308145,59969178,55900776,60738478,76105464,68462748
55854519,56999108,57029463,57086224,60502581,56536125,82531259,70545931,68348494
55753439,56703054,56976053,56849728,61106116,56267651,83537205,60831925,70126418
55694866,56637169,56786159,56857812,61465330,56058036,66187965,69901703,70007958
55601624,56613555,56795631,57497550,61457030,55918950,60491382,68285129,64591626
56016723,56396341,57626195,57462969,61197643,55984195,60865079,60728025,85136099
56501681,57337545,57224571,56091070,60611715,56011428,60883032,70115054,69006530
56609916,57065939,56989328,57356783,59985531,57082982,60381751,70277645,63512061
59226331,58623194,56746978,57387272,60762896,56611213,63181362,63634325,81322564
57188013,56576310,56602639,57121920,60375498,56437693,63406317,69506798,70439823
56865680,57108446,57327732,57368141,60355363,55850705,61827301,67436384,85535104
56557906,56492727,56730445,57748147,61044284,56057102,61860685,63017791,70271097
56101890,56704119,57063644,89201184,60681977,56202993,61279323,73902577,84351341
55959680,58056197,56879997,73788060,60464204,56267269,62374164,69078622,70207460
58003771,56632310,57710209,57164567,59916713,57308385,59550105,61575702,64725260
56784970,57492356,57598990,56975226,60823569,57495171,62034163,70413999,86744774
56082445,56803932,55903626,56698173,60564354,57486863,57882228,68819617,70858657
55893359,56912095,55973419,57115213,60396804,58079941,60023984,61196841,67600936
56509723,56639735,55970003,57097677,60712321,57577261,61939165,72313255,83145570
60190272,58081126,55811737,57076995,60630030,57915861,61795600,68373132,69307402
89532661,56086359,55747011,57468681,61022867,57322441,62495273,60175075,85729641
90254531,57590711,57001982,57119891,60829800,57916466,60535732,69568196,70088658
90263511,56890316,56715281,56929170,60710331,57521560,58504864,67799209,71281676
89209102,56634114,56644634,57309331,61211614,57659581,61080449,60781803,67475241
88519700,57356500,56613818,56824746,59554951,57646320,61734543,70515636,68877668
88579826,57316945,56158570,55850913,59157536,58118001,61468599,67624124,71367211
88663035,56863657,57787620,57127079,59569778,57664637,61636093,59349437,72829783
88836229,59402985,58041130,57138002,60507642,57899016,62365333,76712905,78659851
88896104,59179987,57498132,57372396,94228929,57538630,62117645,74456356,72127813
89073712,73317213,57604089,57047658,91633842,57977770,61799030,64556726,75651308
89296065,66195274,57221426,57073871,69102673,57767959,61671795,88688534,107277447
89525445,59569624,58328906,56852930,59642075,57606262,79613469,80606601,109513288
89398109,60802096,59229139,57276256,57612096,57772118,65980638,64996421,110639334
88752084,56863773,80576716,57118110,56552828,58378909,62349601,75147898,82979702
88711436,57655625,70999830,56862163,57068133,58484171,60129469,69905175,72474022
88467175,56157586,80702178,56884800,57557447,58741459,58344666,61899778,73062026
88791272,56648670,105371315,60291654,60237912,59103148,58864220,70838648,90019817
88987921,60040994,74730177,55716548,60315126,58329966,61916791,68766615,71583262
88605348,59340500,58049977,56013701,60407070,58444553,61526301,63187291,73256169
88832795,73122759,60173891,56485147,60679315,60402446,61540163,74046522,66095545
89203551,66474283,57717217,56697094,60429016,61273206,63017130,72154929,70632942
89333567,59090994,56897421,56455832,60210524,61304188,62230103,63755862,75880936
89265819,57761255,57027374,56291641,57122264,60762699,61784382,73027789,91367149
65654062,57834359,56952195,56527034,58272781,61111435,61843957,71403444,77666414
55087275,59077212,56770785,58270463,58494763,58964924,62185991,64329793,67764066
55250557,59800203,56670957,57003081,57575575,58830844,95388850,72538801,69717792
55184372,59782509,57845396,57133603,57185246,58272039,94383353,68798756,84285491
56676225,59501151,57039346,57280163,57341245,57597794,72590830,61520178,69886374
56444840,60319440,56766844,57978431,57602506,58034171,99179543,70420940,70323261
56570458,60579608,56559134,57792320,60227933,57725413,95148877,68136798,69969677
56981994,58890737,58885407,57566750,59546830,57725758,71505844,60075377,82189361
56723243,59609886,60064448,57886622,57311329,57582070,61600585,70423685,70467526
56285277,59000949,60210889,58084378,57383330,57987560,86518957,68852593,79586952
55438778,59773604,59587815,57840351,57708264,57596743,63949155,61215778,68949624
55180341,59178305,60053907,57992050,60393983,59298942,63521617,70384407,83377214
54824846,59553226,57419002,57685762,59500254,57604709,63394502,67798042,68903117
55409732,59400414,56612749,57907760,60384021,57640719,62558065,60912431,69381040
57460343,59167976,58605740,58031884,59817866,57655243,61736108,70342480,71323023
57496822,60197285,57093888,57739751,60487780,57476720,62131107,69027538,72301930
57287869,57730972,57221304,57611755,60844940,57884218,62007264,61318733,72267188
56272378,55559515,56713679,57853613,60881010,58391004,62282793,70242428,72413331
55410370,56009360,56438868,57550447,60936492,58258192,62606522,68990863,70815164
55288185,55874202,56704363,57151102,60395387,58477450,62246713,61685399,69433768
56709408,55758573,57512670,57124983,60228315,58569803,58888980,70391029,72505833
56748598,57434791,56850924,57558771,60753343,58299825,60789464,69877813,65259314
56760293,56300014,57764576,57526444,60745458,61339708,61913748,62081429,66163037
57961457,57319468,56862113,56962466,61678482,59382295,59950039,74751897,67233826
56425614,56888402,56054244,57660966,77582267,59227366,58407751,69786954,82607565
143571553,56834231,55733041,56201900,76822325,58565235,58774287,61298013,70333628
112662565,56578684,55926487,56338048,63081568,58635428,60680473,73475931,67233327
93712871,57009753,56909158,57026491,58332677,59615687,60841964,67300805,81382857
91501150,56911266,56543955,56688700,60100935,60117071,59723314,62443625,72054996
79502829,56204154,57626042,57435716,59517341,57679474,59096693,76562295,67916968
72663777,56737141,57064132,56720340,61360247,57098028,64671748,71352887,82197504
71751111,56511214,56825903,57444381,63719973,56951427,64092349,62843418,74816667
59596702,56593955,56357924,56434379,60811029,57026995,63342665,68827890,77224805
56853340,57251426,57643256,57619821,59740701,57358970,61208044,66841629,82030243
56863858,55963409,55887969,56515138,57491338,57014142,59432010,59661342,78133285
58882435,55528563,55950175,56952944,57212553,57159658,60917830,69014723,67737072
56287562,58481562,56410708,56927668,57551408,56600527,62018815,68445226,83305746
56904752,56855522,56991538,57283068,57048547,56164753,61121695,60848143,71443219
56567240,56101712,56668122,57099537,58176342,56321427,59492551,69871996,67925975
56602906,55805188,57644612,57382701,58364786,56304692,59727102,68635557,139073506
56499187,59275174,56706940,58124291,58417001,56195979,60224676,60549803,83663842
56902715,56769042,57264338,58100015,58434994,56866818,60293367,69604489,71790356
57058089,56060462,55996564,57764983,57444363,57003232,61466109,68787554,101753563
59777519,56567256,57691883,56486145,58302232,57251059,62512647,61012235,145951857
60514853,56671927,57085098,58276704,60089586,57162089,58783982,70308087,85631510
57628708,56699478,56688225,57801621,59324133,57139604,58970301,68963427,83067757
57406186,56501792,56786334,56416435,59166446,56566729,62170239,60854936,71651519
57129486,57210783,56317314,56169277,60240545,56169637,62199009,70301293,67871296
56675698,57156868,56582937,56052815,61701086,56008634,62128205,68355585,82700673
56541872,57278832,57207515,56867285,61519394,56281918,62010300,62069499,71680244
56695795,55623584,56812001,56875332,57141069,56247418,62827253,70532454,69131394
56371199,56791284,56637745,57183872,57458592,56110866,59923548,68194341,82085463
56650863,57633349,56512592,57255069,57274229,56277429,58640011,60867718,73844750
56590671,56903094,57368540,56996095,57063277,56001739,58782544,70517586,68533849
56442106,56691508,56881296,56704427,57434005,56886042,61410060,68713457,70318916
56331034,56250551,56333453,58512418,60503074,57405237,61664002,63519417,84931075
56668699,56377387,56513026,60691674,59745945,57101922,74609743,66873782,119739225
56587128,56535515,56139982,59477563,60141541,56996425,63045949,68684878,118648734
56412474,56387155,56700261,60408851,58631088,56892986,59758607,61180217,108248016
56214524,55934310,63054902,61569443,57149746,56644586,59335611,66216460,118124616
56227433,56266627,60305316,57547994,57560202,55936977,59498881,68521136,108351746
57255532,56765770,58114027,56011824,57691677,56132939,59586729,60780054,103639780
55576351,56729835,57541971,56474062,57371987,56321018,59759835,67072126,116890235
56862130,56561529,57552803,57239536,59530068,56068900,59689008,68522192,109012590
56581040,57187871,57601051,57796309,59392489,56130857,59292961,60582516,130321991
58991485,57091529,57834583,57370548,60277628,55985014,58626382,70507320,80798416
60042229,56771404,57520766,57234556,60081134,56101148,61049819,67636547,82441587
59387272,56766908,57368823,57118199,60211491,56140344,61676583,59966686,74824894
56457141,56496537,57302352,57365269,60453262,55876032,61930504,68230105,117700142
56491628,57284054,57093483,56924210,61718538,56136818,77723847,67201766,75293642
56626067,56777758,56550712,56929804,61663822,57044713,68684316,61087660,80642006
56257717,56186883,56715460,57129943,61568965,57162683,62691722,67607581,73399867
57432208,56598096,57538457,57299613,61432708,57046130,66608858,68854614,97207657
57146561,56422133,57204713,57215408,61130121,57117625,73961329,61125997,71479684
56576264,56222637,57375200,56886963,60746703,57055788,65456285,73698756,79722125
56339986,56290506,56543086,57123850,60338726,56258515,62752995,71747021,70300857
56195266,57308077,56502721,57490881,61650344,56273920,63250829,61103460,80131905
56511207,56736122,56493781,57129268,60516669,55867093,62862693,67049801,71908446
56405507,56624135,56898115,56935245,60033906,56391044,62256973,68829613,84964473
56181740,56160898,56546730,57764296,60600675,55815054,62463166,61190452,70506129
56551685,56707300,56796114,57457458,61104245,56071402,62518124,66640051,80873072
74237616,56437170,56735445,56885914,97030007,56421969,61487731,68187522,70169777
88624483,56501597,56612164,57025557,93517373,56630427,84831789,60276716,81754886
67476445,56240652,58099740,56687267,69860724,56194713,72936903,67892659,71217337
55894871,57232076,56660659,56804154,65482816,57949701,62406445,70465229,66568946
56377232,55322012,56508792,58850462,61903279,57370135,60581781,60199499,80642661
57347393,55991314,56671260,56222844,61646352,57294514,61252591,64646749,70455884
57117320,57488738,56681890,55797561,61677129,57121898,61622576,67188414,80545096
56320918,55676103,56501777,55793690,61679126,57481633,61924967,59115996,70428330
56868768,55560978,56498847,56034404,74439896,57361526,59427386,71053003,86178095
56635979,55327917,56318397,56583360,70076320,56424706,58127843,73931100,69689113
56661890,56238552,56598463,56556866,59851916,58361509,61321029,64291710,84462519
56584467,56760264,56750156,59651919,59238129,59820100,62183716,74299239,69429027
56531001,56428312,56554690,60140074,56737538,56357604,59593947,72057874,83802327
56410147,56392989,56766435,57496114,57170519,56114204,60615002,64516744,66317276
56534926,56366886,65412865,57150756,57311713,56369817,61953213,74237184,86723880
56354220,57227547,88649650,57131069,57234312,56737887,61628249,73124123,69952348
56362555,56733777,92344628,57280604,57043232,57416553,61757970,64504294,84521856
56727376,56236610,105466807,57375875,57227592,57764712,62406404,74331868,68542165
56105676,57257964,73910293,56987050,57215767,57308459,61526316,72189734,84529020
57052637,57971787,61637840,56985269,57629223,57597303,90898228,64243627,70801821
57643238,57140650,57652280,57116687,59152040,57454927,71047426,71181747,84159115
56880494,56922382,56097924,57288883,59792332,57635545,60179880,72671287,67510679
56641194,57939978,56359528,57098584,60810700,57615185,59516969,64745600,88195452
56381340,55951410,56024444,57066425,60237477,57581226,61068323,71059913,70463761
56873153,56804339,55581320,58271945,58911852,57661865,61333282,80213821,85709135
57417373,56922841,55047091,56191109,59306722,57708868,61699109,64273029,75336649
56919316,56809756,55088696,57162840,58061841,57463650,94517071,146370475,92460969
57057787,56725304,55280492,57172091,58114726,57622204,94482418,109440651,75306363
56619674,56915661,59520844,57204709,58288802,57701993,70657470,104160752,87324214
56245206,57005683,59669994,56917163,58294758,57541601,61848544,94779478,74742376
57968624,56786744,59368386,56736905,58489794,57455187,62657910,76449824,85582973
56724369,56387247,59208495,57227924,57557941,57440834,62290093,77475873,74026403
55982643,56771406,58637599,57250773,57406141,57407604,61617483,77335199,82702366
56116536,57566098,59186189,57080798,58879360,57427712,61866954,72431828,70426366
56207257,58237047,92677990,57078465,59613033,57661401,61674655,64641427,74967315
56356035,60760467,64378680,56956094,59366508,57415373,62153794,69841982,72790830
56430971,58408824,59013483,57219352,59946948,57601405,60459837,71721247,67786496
56769544,56797201,57278312,57450581,58477291,57592225,59064566,64384827,70446903
55911633,57754930,56846373,56876406,55829194,57452058,60850023,70366509,90586818
56398512,57205091,56739134,56882049,55869056,57606356,62109023,77667820,68532137
56511607,56766882,58505215,58047976,55971411,57496638,61908281,96183277,88125167
56447803,56700987,58739457,57972065,56161458,57665165,63964037,101394338,73871324
56702240,56769275,56464270,59293064,55895924,57385273,62274809,71361149,87610494
56556791,56889211,56754851,57858685,55956640,57726492,61551973,62469634,73745750
56527001,56512601,56764443,56790226,55783433,57480469,61965881,75468169,147083649
55712580,56752267,60680645,57937338,56627124,58808937,59407152,69414903,81434075
57730910,56455722,60594677,57750438,56576552,60719402,58726568,61330636,87374812
58826821,56821180,57914810,57087323,56395884,60301086,59509502,74521748,73096603
56046633,57518337,56579391,56900420,56603294,59506809,61719160,71843575,69211295
56371830,57892096,56562189,57250486,56513704,66088407,59052042,61699561,116834500
56260877,56188124,56952361,57001327,56703178,78350130,58507769,73413783,74643083
56296871,56666908,58956939,57113346,60298760,63659937,59645317,68567088,90904499
56420774,57000608,57265191,56947642,60621107,58781138,60888188,60254006,70220840
57606047,57398165,56979821,57373880,60168077,58500701,57907166,73793418,69698919
55692707,56790365,56586383,56973366,56857468,58607392,58551136,67397958,115561716
56544680,56672314,56501442,56813424,57894629,58459785,60066322,63070401,72232431
56626668,56672479,57550747,56988575,57064588,58206599,60346528,78932841,104737368
56646164,56638558,56931347,57231917,57058607,57259279,58635277,69775358,74328684
57227619,57376793,56609325,57394066,57225627,57168059,58876408,60813861,89988105
57779494,56957449,56524430,56855183,59916088,57394488,59753013,69963309,75099226
57454286,56547472,57555309,57033952,57369684,57212014,58451284,69098997,74112329
56994428,56445174,56778450,57919540,57340715,57058163,58690946,60939763,87921072
55680088,56296515,56507223,59202114,57474955,56934271,59820076,70698566,72355851
55969704,56457818,57193808,59658722,57719281,56940642,59927006,68104541,88014403
55743109,56901911,58692562,58639690,56971696,57142513,58354505,61667092,71829740
56021696,57079423,57683186,58106172,57230004,56864114,58659320,72485090,84573148
55621510,56755115,57844539,57406954,60071039,56939171,58622181,71988493,72368998
55731123,56820583,57093167,57329455,56957784,56850891,58786583,69272621,80790328
55831784,56550841,56722096,58479471,56782971,56865304,58652714,81723544,69100155
55920501,58325430,56743112,56732493,56427967,56510411,59755740,70704751,78770338
56502103,57118202,56652095,56885822,56188655,56179218,61024795,62740350,70202454
55704624,56728107,57790412,57180338,56247851,55983283,60969514,69329805,82035137
57575836,58044092,57811767,57218184,56171477,57458016,62939925,67239271,71914751
56928991,57717894,57357691,57306555,55945314,56303142,61181101,59337920,86712165
57296041,56931395,57707525,57278919,56166137,56643236,61107018,69928673,71166522
58088379,57611928,57052445,57693164,59237997,56137773,60427258,68593480,80518947
57219449,56507711,56716960,57173116,63759753,55767587,60463623,62205972,71973729
56707508,56530320,56732212,56992584,60485662,56492358,60538130,123497124,80322811
56778402,57386743,56668646,56750484,59283581,56300443,90511286,99235121,73164391
56640965,56729229,57599059,57836888,59066175,56101716,68745822,101535735,85033073
56668652,56957985,57106094,57934576,60221958,56823845,61069765,76697118,69929226
57095964,57023215,58010987,59206692,60468299,56797131,62519260,74417865,79693406
88858373,56681370,56585606,57350777,60188159,58529019,65200925,70127024,69050417
88686133,56657670,56795922,57297815,60255129,56859702,62008183,98814659,65770651
88969513,56506237,57458361,57198311,60108726,57135244,61387064,75249510,85413754
88839188,56789980,56423171,56950379,60095775,57083065,58565603,62261456,70045434
89218619,56985314,56531903,56715425,59892351,57063818,58448209,67114148,83338640
88801880,56616067,57096617,57166262,60715062,57245373,58587738,68539301,74209199
89600630,57396886,57434193,57126633,61410592,56866746,61831815,61086097,81214995
88505999,57004839,57142202,56933625,61513296,56460998,60058575,66017913,69948827
88448465,56649225,56770097,56761380,61409847,56212747,58575837,68037212,69045625
90898005,56585785,56567098,57975066,61542163,56222682,59610485,62078624,119845207
90132247,56409343,56515074,57173394,60886251,55989797,61929809,68932989,109823233
89130503,56585301,57152757,58536673,60206708,59794102,61084516,71776764,117155402
89163145,57671216,57100881,57848850,60277776,58848163,62425700,65024716,111259097
88852188,55590141,55899658,57211653,60605543,59805689,82575057,68595987,120575790
88704634,55772082,56524810,57192912,78278273,60523298,61196855,68626631,111550587
88731204,55757932,56432313,57245859,69345181,60079300,60976540,60847215,119997612
88781074,55773782,57526969,56377970,60799809,60250943,60859817,66937679,111409637
89066929,55798544,57206874,57145463,59036632,60802981,61119390,68124062,116531652
88368385,56649407,55892639,57470581,58088518,61020369,60610720,61463885,111337114
88989883,57185623,56498858,58654438,58364252,58041871,60374497,66730757,123624245
90367288,56553423,56773424,57076494,58248640,57446118,61157907,67905769,112634626
89260785,57691388,57595221,58237088,57694495,57654962,62311034,60692213,120046413
88858934,58083701,56915953,59107096,57358500,57359524,62409244,66381439,100554327
88611347,56999793,56647502,59715733,60708417,57699278,62245027,68023091,115394996
88643043,56911753,57209214,59708066,60747980,57269401,60961149,60922094,107494289
88696744,56892500,55770111,58103157,60552846,57761359,60773910,66727430,126639105
89870036,56571165,55840153,58065244,60585204,57440364,61762407,67813531,116343143
116954297,56350149,55793675,57855567,60174117,58694043,62183423,61011187,103639469
83961186,56582201,56581310,58109503,58287415,58089673,59916450,68207320,101724939
62949924,58113905,56779133,57910665,57187540,58342845,58623278,73334203,79180810
58937952,55806036,56634304,59750545,57509144,57454792,58513137,64515243,92326306
57826849,56095732,56625098,59371016,57740121,57625897,58343088,70759838,72865977
56905453,56487531,57447344,56539025,57597962,57491795,62108352,72185249,83991397
56923498,56382092,56847373,56180645,57529038,57704715,60363526,64187421,72750294
56885801,56778336,56544816,56457380,57938111,57408409,58687750,69496800,84139720
56623277,57336786,58123301,56177439,57188040,57637342,58881190,71618221,71851003
57522173,56927453,57551549,55985677,58255206,57255446,61080341,64535743,80724415
56937496,56407381,56139540,56901072,58504727,57748392,62274121,75616587,75539185
56739907,56850822,56854046,56656767,58050333,57309570,58457415,73953267,146174007
56627246,57099799,58608183,58028485,57747747,57654357,58518863,61872548,109118226
56507068,55846845,55686703,57620431,57345448,56505830,60149422,66625258,87069511
56638658,55658688,55800633,57827621,57582510,56399861,62849161,68534134,140197598
56125641,56727506,55915686,57631495,60373127,56772073,67127745,61269647,88813949
55823337,59738059,58886162,57302962,60756083,57642229,58395079,68145046,83902317
56966648,59687891,56830267,57049556,74150356,57455541,59186068,68902355,74108647
56942495,60151713,56706083,58073273,80473784,57787459,60343541,61196086,85570079
56405429,59747078,58538311,56162111,59818251,57355587,58501107,67058461,71449856
56687502,60073690,55949706,56172105,56802000,57433625,58249489,68023129,81950710
56343285,57654494,56762671,56331660,56922475,57743781,59081821,61240631,71277454
56268904,57766585,59363585,57068071,56530179,57419934,60642570,75144789,69957441
55668916,57111824,58104415,56498451,55929537,58332985,59812337,71885711,68028946
55883990,56878700,56085956,58354037,55943079,58573470,58361044,62713876,86457227
56545889,56507182,57783291,55697558,55881375,58603861,59102965,68984624,71894642
56344151,56709506,59767459,55780950,56678201,59358983,60525573,71136790,67637222
56412557,57199903,56724535,55798858,56971550,60296352,59889297,63102065,90723984
58591927,57018738,56703551,58178361,56882862,60240967,59457522,75917200,75798655
84988828,56673241,56662719,57463372,56745007,59223663,59676753,71547528,92258424
75998669,56648863,56779662,57395529,56038882,57994959,58736762,63134762,72515231
90338079,56682247,55961213,57276602,56263254,58270034,58898593,75125985,90665645
88831291,57436430,56053636,57330006,61177810,58021933,59274994,70105638,72813850
89209107,56795212,56761849,57201467,61104079,57595838,58626958,63364538,65340716
90097339,56705854,56586300,57182329,61747685,57814547,59669558,68806368,80806934
66371646,57215610,56758248,58074724,61227353,57575047,61372009,72110798,70368968
56030920,56918440,56623445,57988994,58901780,57470125,59347788,66348357,80181993
56887411,57466351,57004484,57721023,57556914,57722082,57355966,104025875,69995861
56702421,56966164,57737498,57743123,57523347,59816380,56939160,75563842,65247974
57030537,56539235,56918342,57933563,57695444,58463266,59907594,61838586,73444000
56581825,56426776,56897079,57631580,57387388,58541940,61712699,70437856,80979192
56539492,56189524,56893140,58419490,57306731,58473848,76898167,68344036,70529308
58454601,56311824,56772618,56189929,57603469,58406607,63145034,60869638,83653004
56386353,56477071,57142308,57259980,57432306,58162720,63408053,76481394,69524592
56559513,56802311,56870095,58116310,57392120,57629386,58669563,68917470,83716279
56244032,56919997,57508272,59751492,57697086,57773262,59293626,61370738,70653301
56611244,56461653,57183247,60122638,57282422,57596932,59281849,70571626,80761608
56309087,56461739,57770252,59753823,57134155,57698345,59290071,68100715,70709932
56679302,56372359,57738300,59806320,57605883,57686235,60268778,60278581,85900017
56274058,57342780,57841582,68972926,57366709,57573981,61510610,69334003,71318338
56315369,56796273,57814525,66733580,56975049,57618250,61026682,69956917,84664944
56396084,56564926,57213494,59382976,57365862,57608338,61985840,63237110,68633335
56610588,56513471,57054173,59735701,57188430,57414678,61976370,119571185,84700610
59224115,56335326,57090734,57123521,57167129,57502909,61749234,89755185,70269118
58032539,56311074,57448606,56275220,57634922,57639164,61403212,64390169,79135796
56695584,57611743,56845526,56771853,57228685,57679280,62172905,72260437,70697512
56700217,56921587,56874022,57294870,57235285,57559307,58285472,70679569,84418733
56569721,56666189,57039668,57063250,57226378,57393845,58869341,64633775,71289269
56281774,56598922,56979657,57017698,57534857,58374597,61286554,91882175,68287859
56635190,56270552,57288392,57870972,58252354,58318887,59677570,107122370,86442041
56198788,57238226,56913798,57934420,58607168,58601707,59429455,100224310,72623653
56347784,56843856,56813043,57680053,57452957,58488965,59161022,130558211,80352285
56383401,56363852,56706473,57561576,60378292,58406948,73704735,118868210,71551613
56359592,56464413,56398893,57511134,58095811,57727562,90772887,82705792,81762356
58509600,56691385,56855737,58575796,56973893,57631666,71099394,74668959,74205207
56605895,57346104,57017092,55989784,57662629,57473590,64554712,73640411,70512375
56622468,56863566,56769411,55570357,57809250,57348873,62791498,64896953,72549759
56986105,58192339,56608728,56109705,57347578,57713245,60969442,73873916,64727792
56971523,57583921,61016431,56547257,57530865,57895660,61186035,72052227,80994931
56490452,59099174,59201120,56443013,58223439,57432096,80818725,65679143,74479403
58892234,80132503,56300018,56311627,57725036,57373319,69869245,76898779,73567380
88676617,71506686,56073120,56118238,60100791,59579647,61295474,73686026,77016687
88583260,61175278,56966796,56342344,60227376,59311758,62094702,65774881,86120128
67911982,58317070,55978063,56329801,58357074,57474478,62900662,74374343,71323832
59224479,57689433,57371285,56254042,57383332,57544081,62321589,71941206,84853720
57090396,57491782,56119314,56457466,57443609,58507078,61126015,60708670,74893103
56782767,57147402,56682157,56439813,57528816,58317310,61399434,70085536,67363168
57439377,59063954,76591355,58488634,57931152,58185637,62626682,68055953,68969386
56272993,55692562,90386333,65666926,57507292,58588897,76770615,60590080,67671292
56358290,55863237,89383299,57083023,57974650,58289667,62301328,69704948,80540073
58107079,56627778,88958775,56953928,57704695,57803726,59684637,68907849,76113471
55604264,56845525,88485442,57085935,59310777,57568489,59377953,60918670,83354730
55855233,57406094,82027782,57134338,58205753,57688108,60182894,69537455,74019709
56467363,56468291,55803476,57168217,57594121,57638400,61524354,68533921,80386766
56218461,55682758,55941123,60332503,57485113,57631426,64102656,90955292,72431547
56579918,55596236,55640742,58397822,57651646,57523268,63903847,74069833,82716768
56355433,55326654,55721469,59947265,57424814,58359708,60156344,68350132,74455155
56408495,55759285,55922361,59270007,57310929,61071991,59646450,61742546,81033387
57869915,55754253,58637292,59487536,57350446,60736579,59603636,75273571,71441022
57563484,56708711,55877086,59340017,61111610,60748432,59452960,96525709,66680396
56300239,56758036,55801051,91705816,60879523,60359275,59820012,68361896,68089554
56270301,56568245,56030814,94713591,57939202,61170156,58304132,71660290,67452973
56567223,57682620,57825875,95343395,57309678,60448817,57704738,69323469,72360857
58192558,56624624,59874418,118885657,57458270,62286237,63087994,60680071,79570663
55539288,56530293,59835997,85910555,57396834,63451808,62731221,70369210,76454483
55374445,56772874,59980939,66413494,57373672,63542121,62736826,68694321,86363018
56616834,56310490,58711402,58801475,57307610,67841133,62968210,60239585,71301479
56627357,56511592,56690515,57954256,57430106,64827209,62725701,69869023,84663497
56477662,57706758,57570116,58355716,57378805,62137630,62210234,68226434,72159061
58722611,56847082,56876227,57842138,57723066,62737147,61925490,60051973,68347870
59124903,56526957,56560820,57404545,57297463,62819120,61161958,68599031,81020075
57365776,56627127,56598418,57347829,57108148,62241266,59120561,66476004,71085972
55572425,57196419,56417020,58139948,57566186,62156906,61572125,59566461,85047886
55742377,55847109,57795293,58028927,57235888,64716870,62259864,71165591,73323916
56034265,56118950,57409750,58095667,57316577,61812668,61363697,68046724,86564637
57291847,58036914,57291258,58248172,57715466,61555346,80841869,59964376,70655275
55934974,56796147,56704359,58006027,57450985,61503273,71551314,69722536,86835164
57053187,55706342,57114099,57791726,59293979,62124365,61542462,67279743,74014906
56405703,55535427,56820458,57465160,56543135,62282484,58937906,58989692,90788401
55990740,55517593,56628328,57077098,57228211,62099524,58348973,68126169,73964226
56340112,80558864,56969623,56892301,57637789,62437020,58082810,66226630,85667780
56411038,88904467,56182889,56870458,57390987,62406084,58069081,59183700,74405497
56368056,67472698,56690210,57278346,57229780,62616737,58705690,71056831,81645658
56401707,56974600,56922097,57043751,57482946,61520930,59483109,68969534,72777650
56315317,56704954,56733507,56928606,57233341,61543628,59850046,60606865,70862344
57258428,56432347,56524675,56947717,57154100,61134663,58796907,70822225,91354331
55538540,57052234,56721364,59317161,57484219,61293891,63767666,67144618,73879781
56104858,55675256,57764902,58014389,57257036,61128745,58145096,59130524,100625019
57741918,55835681,56840134,55932862,57542457,60646449,59941324,72130144,76409447
56317763,55682884,56633083,56540195,58049903,62086995,109313887,69379739,95856647
56368987,55637902,56358065,57089308,57020803,62540252,84381351,59873953,70478657
56480511,56483472,56423190,59840819,57435261,61776609,66484656,69169986,84583710
56218029,57511461,57403629,60392790,57317221,58575962,60495699,67828159,73135851
56082290,55680245,57145045,58905503,57272061,57384143,59715819,60922875,68518259
57952493,55657562,56618110,58121112,58163991,56908911,59344101,70559579,73288497
56475233,57607548,56474508,57510858,58031992,56981401,59085953,69219940,67635562
56395960,55597551,56478017,57796264,58228717,56975813,61054169,61278831,88189166
56353895,55647789,57393665,57115072,57445097,56811058,61260844,70430810,100635154
56718649,56331980,56714271,57206091,57005412,56891213,61291865,68471218,93122063
55636010,57486802,56350007,56791446,56914750,57288091,61468276,60765097,72771075
56631033,56983789,56464321,57058421,57012874,58128321,62049864,69361042,80420627
55694212,56386471,56523225,57141291,56661757,58100083,59912343,68445884,71712668
57359564,56634781,57162711,57789492,56540913,60619167,57732833,60837741,87159733
56252736,56483245,56786819,56293780,56032890,59224960,60326744,69174431,76576545
56027883,56561968,56496137,56121527,56191114,59067425,58257405,67659474,78311309
56406188,56792847,56557897,56086354,55943145,60975098,58542352,62071286,74083169
56794114,56399112,56577993,57001459,59317282,60912073,58592945,70170196,86952126
58591338,56540573,57306535,58695235,60580138,61328054,60100957,69268229,71251952
55547133,56423393,57075987,56959374,60441633,61570699,59405295,60978580,87946001
55699217,58363748,56451766,57037776,60594436,61111079,58685375,74159640,71095498
55454029,62571202,56852014,57206989,58391204,61615863,58524584,68556164,85537394
55227982,60455322,56648991,57026477,57540724,61093392,60334040,61899041,71456036
55446779,57832748,57452142,56935421,57656258,60790090,62188829,74175344,85357935
55448226,57566951,56874215,60359485,57539819,60765565,59254573,68785514,75973920
55204662,57434548,56529983,60243251,58052406,61337438,58233944,62640264,71341567
56594282,56540792,56492276,60032917,58041829,61324338,59423802,76602587,76312636
56450576,57045304,56514524,58319096,58236964,61337198,61776745,71431610,82270537
56085648,57250812,58043845,57361733,57789784,62138842,62240793,62927544,73558881
56035951,55637178,55590712,60048848,57231889,60963369,60474236,69572780,81588752
57020813,56555149,57142281,57204468,57227113,60722797,68162837,68612844,70374388
56237152,58491622,56951943,57412008,60195152,60574444,65022052,60475110,64210808
56618012,58748476,57670731,57151461,57356770,61349832,59545569,70139264,83000872
56623712,59540660,55966239,56834177,57442307,60575558,58898380,70082383,70852850
59147013,59608946,55871114,57589878,56668322,59164811,58618405,63489575,81312588
56751895,58630863,56250069,56197721,56722293,57862812,58623867,76805261,70013796
56528766,59105912,57109626,56529917,56397881,57986900,58936566,68581284,67053173
57560600,60124323,56856968,57833938,55666116,57434036,60484206,68376485,82166827
55460496,59956604,56148809,56454688,55622272,57699631,62005525,66907724,74819338
55554795,60263400,56234573,56571696,55948743,57777106,61807538,68422104,72906183
59555878,58915488,56758825,57320026,56743191,57796516,61468197,60725042,67216058
59037172,59008283,57536620,57185655,56497455,57779383,63527412,67019338,66631091
56660733,55689332,57591630,56917785,56484582,57650807,62980760,68593094,69122628
56474163,55440607,57302707,57384370,55764066,57731958,63223928,60749244,72466307
80489987,55589698,57312957,57095179,58361949,58663101,62292063,66616172,144126631
88418415,56482223,57969016,56913517,60173838,58531318,62815297,67754997,79755227
68149336,56596394,55678458,57174427,61349272,58411290,61204441,60233456,81509811
55789766,56399226,55611980,57387906,60490315,57990462,58835205,69649037,70722785
55458385,57398654,55438881,57115334,58046977,57746439,61510166,67831508,104749066
55547091,57069099,56421869,56904888,58153467,57726976,62235120,61421149,75281103
55492803,56540115,58254982,57074839,58073065,57381801,62223113,70436180,87342036
56053158,56838973,59727176,57456184,58103824,59581344,60267711,68533784,70675682
59469873,56446707,60059397,57056288,57320220,60527539,58447449,90347892,82299537
58989282,56360408,60814250,57246090,57234797,61124218,58142238,77869186,71446949
58784776,56762605,107180194,58015842,57186143,61080459,59140245,73156667,80267846
55221855,56351826,86412209,58111413,57721633,61099553,60968163,60395287,72139907
55083062,56460041,112140978,57902550,57091482,61443831,60990041,70840593,87322908
56732908,56717159,86709988,57829323,57372325,60769050,61309750,68681658,72674111
59848920,56389447,81162889,57873017,57703554,57811092,62663597,62857456,79580964
62319543,56187667,65060238,57903017,57788032,57907771,63001315,73388303,75629735
57857154,58686407,59249983,57876610,58165524,58462440,62247851,67357664,81757420
57350197,57467106,58521171,57513526,58124391,57218967,62200542,60354632,69792225
58611702,59458563,57978981,55956620,58083765,57339861,62768679,70229436,67433660
57083060,59903913,57974982,56179162,59967920,57050368,63130666,68279719,68902313
56543138,60184894,58242648,56468520,60527063,57293230,59477967,60130226,69808632
56541663,60126388,57874970,57050512,60331525,57256110,58282894,72397776,70065152
56370851,59772097,57303541,57220412,60971967,57225238,61694017,72011843,74254626
56778012,57543439,56974716,57163984,58395192,57293150,61456151,62093743,71876188
56475166,56324246,56890476,57951621,60647378,57001868,58900323,71028783,90109685
56496290,56504829,56788944,58010711,57353752,57006444,59852661,68644005,70629115
56397337,56567431,57453808,58096701,58330984,57064182,62299715,61060268,81799592
56334753,56324213,56735842,58015095,58175177,57518765,61863151,70920529,72955957
56530858,56656037,56509958,58060390,58060241,57519754,58809637,68665332,78432190
57374358,57412579,56482708,57705287,57447695,58191795,58630186,61000420,71586804
56672655,56868029,57684609,57785542,57156244,57912609,58981895,69647335,84000101
56284539,58104365,56608017,58978797,57248611,58048670,59282802,68574631,73219612
56312934,56561230,57055108,79073421,57512047,57836365,60118883,60362018,89023807
56215811,56682816,56916655,89309201,58817989,57830590,59557385,70036666,73524575
56291203,56885443,56331561,73866680,56463308,57753504,59611844,67709367,93120060
55969216,56439165,57050372,56590501,56247799,57936660,59552769,59930363,73023373
56454354,56519463,57835083,57295088,56381495,58525840,60625485,69793987,84839411
56573402,57321339,58399295,56935708,56586770,60929478,61671499,68576980,70868351
56289078,55531627,56833440,57374343,56280396,58393598,61475992,60750117,84593679
56135967,56395450,57075163,57796447,60447935,57733355,65405101,71977625,69985280
59878968,58062912,59323722,56118791,59085633,57965294,63084963,71837932,71120214
57462641,55919164,57716017,56134197,57173437,60248001,59521466,63982865,89679005
56627314,58099554,57483218,56939936,57174549,58713445,60802425,75087748,90422144
56512155,56834687,60521167,57432913,57705258,58037045,62767878,73269347,104546446
57081496,56539061,60629556,57025407,56985820,61458101,62717993,65569088,103771531
56843481,56713891,57697225,57151736,57044216,59088275,62700528,73297419,105221630
56140226,56162289,56862904,57601245,58838981,58689263,61986652,106185860,113112459
56509870,56650431,57659374,57120872,56810894,58827142,80571897,100066647,115888927
56470324,56703334,57103760,57134072,57369594,58178964,93203493,108287963,110065245
56052732,56444871,56741447,56950715,57623548,57664548,70967791,88978281,114351313
56237459,56719201,56755186,57489545,58953089,57814676,59064226,64054824,108665295
56587981,57583976,56955939,56989842,57546687,58037378,60677786,70994000,116700617
55412834,55540314,57201259,56842949,57564947,58586683,58958493,68991238,107491718
55327334,57222056,56509746,56981186,57277828,61107798,59441090,61295148,124022284
64401501,55751837,57679467,57490945,57161941,61185726,60496347,71027274,112584047
59051771,56727746,57109600,56839636,57499933,60662425,63019517,68705483,125571466
57371322,57389206,56923589,57749056,57599883,60677646,61708144,63121911,112072768
55458170,56965449,56749455,56810332,56815355,60860835,62188272,74785848,129119519
56371227,56687014,56504471,57151216,56701291,59434557,58003318,69109723,111805269
58248402,57324207,56462388,59170700,56622646,58878870,57428805,61576820,92375126
56212986,55546495,56685765,79624694,56989842,59150076,58819380,66814094,90390044
56435506,56503979,57484441,64331496,56667033,58785285,60056994,67931274,82906515
58515559,57816430,58512968,59245586,59763060,59883132,60112572,61139284,80854313
55278581,55842826,56387488,58669400,58886436,61293144,58630634,68981396,70633679
55751735,57594504,56444835,57110689,58267668,61169428,58719991,72593799,82067943
57135689,56643627,58247944,58866510,58204315,62126478,59099035,64600410,72243775
56429952,56566989,57307698,60308982,58074060,61384985,58997855,66988084,72260908
56489423,57465841,56522807,59091038,58095229,60802087,59309354,68191543,70111191
56539636,56592738,58868050,58970663,57263970,58796706,58565814,61100323,69037274
55896943,57151080,73627380,57271989,58109026,57812387,62020465,66548881,68487518
55841542,56713976,84741037,55751537,58188821,57299371,63747508,68285384,70912973
56197797,56563194,60300490,55686556,58251989,57875942,62991352,60835775,67098361
56246004,57326525,59465195,61042669,58346219,57229614,63070914,65539188,71285178
56431675,56901101,59359785,60972079,57448388,57129751,62211585,67662399,101820253
56262829,56642573,60119458,61031367,56674951,57803710,61875808,60852392,105083685
56260924,56603879,107261426,60697194,59249851,57914233,61468851,66196950,109232312
56481032,57227071,86996118,60774759,60777409,58119519,62529367,68873931,153810109
56483708,55574837,93085713,61082671,57869534,57804437,62889279,61998344,82521842
56536038,55823450,75960282,62005934,59552244,57824821,61805599,66798980,83780069
56547676,55662152,62621051,57564381,57889429,57877492,61821307,68466251,74396894
56422586,55936406,58912455,57010017,58047000,58060582,62602296,60622205,75088450
56168930,56723333,58151513,57275376,58314830,58368134,61802973,66233694,74434090
56360225,56694129,57712129,57518025,58435968,56775232,60114888,67797585,87814826
56763031,56410510,56931543,57067422,57738276,56412858,58850539,60613413,67879618
56282445,56479675,57493800,58746990,56979462,56463537,61020159,66355760,81042244
55961975,57661826,57147625,55968264,57570385,56515736,61927287,68444161,73285579
56316901,56849584,56877809,56300920,58139050,56509993,63157048,60964056,82572547
56311994,56537295,56909083,56290948,58176360,58299649,62320169,66127721,76994746
56317163,56507429,57431011,56437692,57372257,57784189,61763722,68551933,84575157
57701426,56645793,56388109,56449149,57599030,57731981,61210776,61089246,70863550
55299156,57855832,56123883,56286034,59093583,57737138,57734464,66192729,66048077
56904226,56696570,56541362,56302536,57329636,57895824,58585265,69660624,69981934
55787910,56045294,58419820,57031191,57600851,57686420,60344860,60541830,84300547
56447500,56564254,59454752,58588166,57470419,58002255,61590596,65528737,69437537
56259661,56770053,60731527,59735569,57393678,58032512,62293703,66880145,80393276
56348715,56628783,60756568,60557504,57223853,57861874,60628589,59462459,69990011
55996924,56588165,57801373,58978549,57454872,57905893,62631694,65423233,83570282
56163780,56358881,56600368,57092876,57341540,57938983,63399084,67129554,72469802
56250967,55672993,58048784,56905784,57177574,58018241,61063452,60956566,79690909
56285274,55599778,56861263,57252989,57468884,58905355,59011675,66260113,75168535
55963764,56004973,57260927,58360942,59721298,57988759,58906709,67937179,70836302
56305004,56696264,56992543,57067764,58312478,57975170,60539894,60969829,83175548
56413740,57779196,56548284,57126811,58766631,57737235,61394581,70200252,72162260
56490843,56133010,56481838,57569952,57813606,59717541,61721199,68532137,70093350
57556798,57932426,57337974,56916086,57253287,60956300,62079407,59956113,79168293
57261749,57333034,56107898,56865100,57540702,61117221,94254954,65868036,72682903
57708889,56554534,55837807,57245133,57899503,60924099,61791982,67876042,87554759
57116534,57256565,56244093,56407894,57316283,60669354,61063188,61171167,69992207
57143753,56499859,56484707,56239978,57368094,60872169,61599475,69597386,80605892
56384097,56908108,56472153,56691080,57531023,63415249,61563914,68550566,73530151
56346071,57089902,58583678,56453954,59092196,61360279,61563700,65678412,69160053
55706173,55605653,55870233,56057727,56137374,61496726,61711131,70708107,69332090
72421354,56638235,55896670,56139515,57445135,60682781,61581500,72717838,68559342
66607607,56498353,56316030,56154148,56604168,60667002,58176685,61564220,80632466
60006161,56550073,57577419,55953364,57309006,60624316,58887616,69545452,70432176
57607150,56811194,56193978,57984518,57465053,61585255,58944781,68955952,64650341
57350804,56255198,57107627,60050628,57032003,65258005,58376484,61262371,81971401
57829498,56826282,57199889,59751997,57180623,61639770,58007248,66403659,70991716
58235612,57625960,57835052,56061775,57150845,62250104,57254809,69764987,85158140
59232019,57246044,57540856,56128131,57136128,62962996,60128227,61713933,69560863
57262166,56842744,59050642,59066603,57894476,61402540,61367725,67185688,68789196
56743591,56776636,55865865,60309043,57189621,61210985,61379979,68664767,70096758
55710927,56391872,55820798,57300430,56966209,60292540,59981956,60825878,70230025
55437243,58357183,56484406,56975678,57411503,61512075,57251942,66818323,69054004
55618990,57427066,56592552,57191109,57166581,61133483,58016675,68699982,80790336
59491565,56481875,56871104,56888779,57016769,61313717,58637377,68036989,69674810
57242781,56799106,56822799,57023846,58572889,61154447,61657721,71273048,62969469
56334372,56746354,56574525,57209954,59559219,58780067,59285113,70113809,81781661
56458342,56861413,56660342,57260090,61402349,57147990,58517787,61481784,72599022
56933536,56698530,57079655,59929857,58847455,57125507,59401199,66904350,71296431
56181054,57511101,56968689,69177265,57834687,56803582,61429230,68509279,66869003
98125680,56914957,56778606,60249519,56971609,57167665,118368543,61308009,64830061
91510366,56673438,56468774,56478168,56654705,56769201,87027194,67887562,83604698
69079070,56707116,56647435,56569999,57650447,56996712,79437790,66652224,69247049
60353541,57290613,57068226,56246562,57200414,56808132,71428046,59014376,84422236
57996364,55827014,56823746,56774690,57490825,57099573,61083047,65080741,69906665
57533910,55819761,58333616,57815718,57234352,57011630,60078065,66692334,84512395
57391052,55716581,70482047,59983449,57988336,57059415,60788654,59322080,88499038
56649353,56216050,68627956,60662977,57703881,57021346,60097428,67317611,111234437
57158269,57375431,61340809,59579398,57417089,57054192,59368774,70913453,74048426
56800320,55670126,59426718,58020207,57117364,56692849,58845951,62724675,71664582
56326368,56381232,57923861,56979187,57257897,58075833,58973285,75914052,70504898
56591533,56981603,57124457,56704571,56702287,57553154,59633285,70490888,80818251
59750690,55749288,56902360,57157913,58379063,57803088,61349312,62559397,69899995
59704274,57028443,56549515,58994115,58392818,57540355,61227351,77521480,63358996
59257223,57426038,58535846,59717023,57482209,57657477,62272543,70480898,83955221
60553662,56933804,59210590,60284220,57252734,57757907,61838963,60762306,70749020
60461349,58260857,97472054,59883587,57294520,58002259,59224033,73705144,70728428
59410214,56884886,91866500,60908707,56759715,58339917,57949267,68546571,64513424
59170146,56802426,74898138,59583901,57155238,58857502,58539920,60867308,85024699
59994438,57983249,66961365,60160872,57177761,58187391,61766214,70283007,70051188
58830889,58130811,61883859,58835579,57264351,57826378,61975474,68220702,68607654
59715831,58040554,60633052,56825611,57179432,57469403,61651452,61035045,71387138
59574257,59356796,58772934,57096746,57569833,57442863,62060043,71025126,66772662
56699743,56696801,56478973,56856006,59182978,57418436,62030348,68862215,80745175
56913451,56605040,56411599,57137720,59054481,58042907,61435990,62608036,75030718
57368657,56011518,56423078,57467111,57799774,57375492,61578495,73253385,88554589
57309591,56276123,56148550,57935732,57420637,58210919,61543302,71827857,94754853
56757127,57514239,55483490,57301599,57227466,58104330,62463987,64242299,147773604
56345380,56557764,55843468,57381057,60388425,58177211,62082243,78117778,99001513
56116691,57879387,58197638,57526111,60364621,57774696,61879139,69752490,83198902
56186035,55762494,58452827,58384476,60303372,57895730,61280579,62149731,86286009
55416662,56675558,58638545,57329924,58265253,57784341,59516737,70353542,74393104
56295214,57811702,58264440,57201945,57469670,58136431,58452096,68820416,117045333
56446140,55765219,58537972,57038755,57037559,57638312,61629009,61665939,102617557
56388584,56452849,58281480,57019451,57922160,57954568,60017085,70256409,89525898
56234779,56269528,58331736,57437891,57967614,58055829,58562993,68331647,85433607
56461552,55627196,59194885,56950068,58087817,57839476,59178410,61057418,75802052
56391953,56557524,58704431,56533717,57505921,57652548,61257609,72762976,82550414
56528121,56537177,59108798,56959950,57080517,58074701,62156175,68068743,71638060
56554933,56597026,56989283,58911285,57088669,57543137,63539183,60836827,94864006
56391184,56470449,55974426,58325656,57810958,57890134,58670856,75327270,71346823
56238396,56980957,56134659,56945066,56985951,57725007,58264015,69728577,80633499
56301550,56431112,57655782,57219875,57303649,57940394,58957978,60169109,70067108
57345329,56443628,56231808,57386516,57328257,58713105,60383807,69135277,80952702
55537817,57022601,56117719,56537869,57309196,58615194,58241126,66750180,75004875
55451013,56647346,55540105,56385036,57477250,58696589,58623797,59574864,81198038
56958330,56775406,56144577,56316904,59908499,58407987,58735711,65796681,74920046
88613806,57017646,56945344,56241263,57426271,57875053,58461657,69899565,81937028
89335694,55872121,56680927,58147027,57537880,57893983,58703541,64866172,71640994
84089080,56755126,57919807,57515774,57210696,57444114,58917304,75396800,84848263
55354492,57229983,57549896,60225865,57956730,57602442,60520216,72136237,71261697
55494452,55749532,56878739,60094942,57988149,57652343,62386038,61068567,69084847
55607161,55729509,56512335,57213904,58070431,57634977,60485031,69651597,81663025
55505067,55865021,57967875,57272838,57735438,57759731,58617892,68282291,75160505
55475238,55829405,59428535,58309644,57594790,57620472,61116960,60295840,71177346
55657923,55812336,59615313,57671885,59490509,57649900,62101906,71966085,85876546
55441845,56472881,59646609,59315015,60535895,57682496,59795111,71230948,73826779
55584883,57738477,59640871,57446288,58490000,57793219,58537533,63491676,87714820
55563290,57155372,58136527,57174687,57009610,57568475,58657982,70063828,71240022
56129657,56814021,56640061,56927019,57278116,57790759,58520044,67529157,66501117
58446184,56626698,56286518,56625849,60112238,68020744,58567346,60098084,66921358
57777812,56527478,58071917,56530853,57532950,60232621,59370904,69408968,66473501
56299422,58744931,58998662,57684604,57388313,59713841,57597902,70082257,69044013
56273809,57495666,59578585,59273446,57284830,59454151,59990057,64032654,84983067
56414983,58495213,55969869,57402170,57784572,59933854,60459077,73480914,73751820
56298202,77348297,57180664,57067863,57630196,59476671,59870206,72519294,81405295
56053928,62957441,57512298,57260948,56987748,59583218,59303671,64982846,70403318
56361789,57658362,59433983,57204937,57145184,60093576,59220937,70733805,84066316
56482825,56227881,59998587,56750542,58756215,60825228,60867694,72023819,71106395
56062185,56463722,57729835,57064602,56693373,62151098,61664313,64267814,83598350
56297585,65677160,56616959,57301530,56334302,61971846,62597175,72915850,72510748
56371344,78259953,58262813,58488950,56138072,61491464,62487637,69060216,76373992
56418599,66182988,59686262,59976423,56722565,61464624,63264834,60632311,72258649
56735376,59011676,60115229,57630057,56099135,61269002,64513834,65835984,73327922
55807861,57499934,58065022,57836591,56088071,60823928,63661169,67560082,82856330
56512148,57113956,56583583,57676575,56584278,59297281,62576286,60436333,71091176
56925891,57497839,56838983,57499615,56421466,56982037,62584464,66220456,80170776
55658712,59569963,57839505,58389813,56150996,57004531,62994468,68052425,70156438
56361700,58379304,56619476,56135837,56247643,56842877,62792588,60732520,79000617
56255088,55477366,56509702,56371042,57057698,57178586,58641947,66323279,73268763
56134919,55841058,56568948,56186497,57148986,57131018,60068702,68033479,81332566
56198684,56548272,56418732,56213212,57721094,57128198,61122284,62242931,70847080
56542967,56712542,58120542,56009968,57971358,57146572,74822366,71975689,78709433
56786598,56908467,57562448,56161365,57545173,57082651,63443069,71096803,68691668
56355999,59000422,56401559,56004462,57693637,56990194,62914501,63249947,78789529
56403235,56514216,56638269,56780034,57352564,57048277,62643292,69038579,70061492
56140240,56578257,57174750,57040607,57003285,57032578,62334103,71357620,79452606
56278683,56288040,57013866,56829374,57444255,56986258,61597507,62980707,70195866
56756669,56514027,56735240,56798267,57224002,57136631,61933735,69327810,81129521
55545093,57348430,56810148,57262562,58858418,56690611,61884957,71593113,70714630
55675510,56790989,57456555,57038287,57853676,57115712,95735119,66415326,84207758
58407990,57406564,56941974,56636624,57450134,56891815,62149399,72684105,71696025
59013241,57280685,56824646,55455897,59695019,57288611,58237909,71257135,67840354
59396381,56575264,58001350,58026132,58935355,57165089,59396525,62832589,81763603
59003680,57460499,59779152,58889353,57623189,57461607,60225276,72149468,71304448
56306694,56991630,59510193,59705305,57464314,57727173,61932856,70997526,64573113
56876300,56631366,59586287,60239190,57549682,57679767,62474936,65015438,80765744
59280920,57399511,59544465,60108357,57322619,57693284,61815306,73262826,76324494
59743946,55952113,61326331,60518790,60317128,58967002,62400731,71395949,82338150
59305157,58159947,59739147,59239308,58796255,58533649,122950541,64150252,72948156
60778182,59263479,59251180,58868932,58567392,58360474,83959006,70167020,85673057
74654568,56734923,59812760,59366708,58172161,57882562,61553871,72259633,72660550
58865276,57639222,56844589,60290284,58252852,58210358,60934893,65118461,90072299
59871953,57088890,57183532,60138864,57781652,57710510,60889863,69615045,73174305
76103215,58036954,58932880,59519067,57429054,58689466,60826026,72033475,86821856
69422480,56497408,72124905,59995742,57681264,58552584,61059963,60747731,69759810
118304533,56673042,61786473,60268831,58844038,58841347,61029094,65416545,81135158
78642014,56806165,57652276,59795113,58434500,58067647,61359328,67805251,72408600
64222455,56242002,56860706,59793234,56514220,62142805,60732227,60479187,90160502
61356682,56770747,56770564,62243710,56097627,59849975,60714503,68305921,73713219
60800857,56814630,56502034,60451965,56756961,60279075,62309831,71105633,88727452
60954164,57799729,56390933,58476168,56258108,58664043,113049874,60971456,77069828
60125172,55849687,57716255,56804732,56129319,58322302,75210884,68676914,88259563
59679355,56417744,58718852,56509650,55882163,58539652,63905350,69269999,69385142
59914494,57447371,59592771,56271961,56783080,58529940,60065619,60854036,84106760
59476557,57543622,59153079,56381725,56711262,58720245,59978825,67836460,70934560
59541540,56987287,55976281,60837895,56963154,60983936,62332036,68861006,82787284
59658716,56763062,57246457,59112284,57041941,61228638,62256938,61371054,69277224
59683520,56699070,56695175,57297734,57993337,61384911,61855543,70564547,81447120
59989289,57108629,56562360,56969312,58915824,61379233,62743101,73338895,69472206
59388501,56903289,56530654,56766805,57654894,61363386,62038037,63625511,68457130
60041698,59685168,56674083,57244050,57475352,60912339,62227363,69826108,84187993
59637832,78978780,59087857,59455017,57470982,61108766,61946745,69094288,69220250
59862191,62343168,56621345,59953320,57979683,61214711,60713498,60968838,71376238
59255360,58315721,56692028,58725681,57456530,58434675,59291072,70343410,72095795
57276144,57674587,56621926,57440058,57644498,58156548,60463487,68879135,72781872
56595338,57721542,58078263,57056404,57589060,58273823,58859526,61041081,80068635
59145198,57186548,55843428,57190350,57024211,57776167,61293673,72151521,89814893
55580454,56751850,59431868,57296810,58108312,63351013,58949658,72106396,67117085
55603698,56594723,57551124,56902296,56759640,62196475,59789602,63742703,84558715
56669936,56613083,57118222,58274963,56679391,61682788,59010590,75613063,70170443
67406394,57633182,56485644,58558462,57855227,60017835,61237147,73365591,88025254
56406239,57748385,56391598,56589993,58229877,57661065,61456116,63932092,71080102
56268528,55740874,56596827,56994326,58349532,57627984,62103602,74392923,133417878
57015088,57668095,58806032,57153967,57484352,58117792,62436863,72550591,79114680
56302838,58141789,56598446,56932946,57563976,57798702,62032831,63878532,77986935
56152986,55954139,56492412,56478960,56900458,57822256,61669345,73036928,84373274
56519786,57503275,56232928,58185597,56869386,58835877,61474754,71850447,69666975
56376061,56376516,56428403,56380453,57586615,60662680,62155814,63474564,87677860
56484046,56670043,56434576,56125623,57595352,61081399,62102060,73663102,70970663
57302391,56545701,56356554,55904183,57993790,61433061,62697602,72617145,87493653
56925669,56765268,56195684,55665024,57208498,61394190,62265278,62748364,74942698
56449281,56485258,57299543,57504321,59560300,62111881,61903265,73644009,85446439
56506978,56463356,54892953,57665197,59969663,62111375,61659422,72845370,69846737
56298655,56605062,56188262,57347304,60403807,61866997,58445278,64202741,68375960
56483655,56622454,55969661,57168584,60384352,60766017,85546689,73706879,70759040
56319038,57386821,55937085,58239466,58268496,61202795,121773352,72692874,86679897
56422573,56994751,55808744,57363911,58272931,57654422,77995653,63665666,73212275
55998182,56774021,56480382,57132032,58308456,59419188,63170683,73410730,84686669
56405992,58312395,56539019,56951541,58530960,60970996,59891244,73889500,70886774
56551321,58617475,56861103,57243056,57624020,60726668,59706291,65652295,72669908
56344010,58936469,56644111,57413565,57511531,60943813,59727009,74181800,67436880
56845189,59541589,57339199,57278807,60581993,61530794,59030201,75757397,69687961
55913959,59060458,57001333,56507219,60305926,61405671,58845813,103322053,71315338
56533877,59061639,56687795,56985817,60307479,61237840,58407058,82155098,81356894
55900933,56786523,59174427,57222342,60401741,60894640,57894626,72601754,77203390
56444886,56677154,59272220,56769471,60436251,60810580,60737883,63740797,74596268
56464919,56745312,59814092,56843509,60843479,61245716,62426037,73109126,69338340
56415126,56771789,59479621,57033419,58421920,61116333,62059534,72055313,79856352
56479876,57165635,59297831,57356148,56737980,60454049,61782440,63191846,70124343
56455025,58357210,60413899,57083052,57674283,61412790,62694778,73077266,79224088
56436433,56774626,59799221,56915979,57643973,60743043,61131804,71189527,70960630
56416347,56780940,59868490,58319319,56966744,60776111,62075786,62916083,78914095
56256562,56680730,59446146,73868703,57305593,83247177,61771078,72166436,68762160
56256803,56667030,59046351,58390067,57743130,68313247,66386501,72545543,78591789
56379046,58146329,59926253,57724432,58523312,63828434,59235467,66473350,68449682
56027389,56548386,60668693,57489460,59823619,62903091,58491640,117920729,66934242
56218735,56524357,59147755,57348563,57493286,61860186,58735419,75058710,67120200
56221779,56750308,59590259,58096699,57869213,62053730,58808187,66511685,67082798
56458058,56932931,59569592,58006477,57325072,60482066,60315520,73805011,70074107
56188775,57526892,59225923,57739291,57344692,61482731,57786820,71897306,66478805
56589110,57070219,62150301,60391093,57124639,61487770,58692069,64140318,67487483
56394783,97685171,59301419,57660840,57520043,61459552,58218898,74046720,82932132
56209494,91784031,74756134,57272710,57447399,61334194,57677526,87638881,71118295
56782531,69145017,60534009,56730045,57035735,58386424,57946438,90433205,67822219
56615824,60537628,56839652,56969249,57485884,57672370,57556014,73783996,79537281
55952033,57989474,56773313,56275762,57549957,58135327,58917014,72224950,73366143
57786887,57796011,57296528,60536299,58276272,57527925,58103372,64413194,68527172
56339571,57414635,58321619,60403793,58113663,57871381,58970843,73522536,66755166
56414492,57322954,56808296,58089373,57646433,57654896,58752947,72167268,68980399
56449601,56818454,56859170,57426973,57871481,57707518,59344147,63168498,81187723
56405179,56593626,58169206,56383603,57441783,57881849,59165344,73503142,70093901
56251598,56831886,59424306,56541376,57639248,57536232,60220156,73122074,83193521
55934429,56291296,57491656,56146717,57451158,57210611,61777617,84569232,71543385
56494615,56516290,57524413,56514428,57375583,57289413,58821489,76370634,80198100
56068223,56687337,58375954,57127510,57544056,58239399,58998809,72431834,72501391
56362377,55502746,55821697,57411536,57320490,57820542,59323283,63826350,80733185
56299835,55838848,56632728,57022889,57620447,57732216,59190113,74217921,70609966
56135849,57533312,59620505,56945732,60616197,57995298,60902393,72425219,80695169
56061652,56918336,73239308,57062286,125965078,57231621,62515099,63700005,73698925
55764408,56711992,88638561,57662592,102597932,57304115,60641383,73596053,76783201
55615658,56512375,89965199,58705825,118516021,57830955,58587193,117202668,70803715
55633857,56483715,83601323,60079473,85787793,57874146,60030276,96085061,79829762
55635275,56375399,58775878,60077222,67214653,57783920,75407085,78882920,69929517
55391511,56214638,58161669,57739051,60510978,57605749,67373250,70361688,63817407
55247837,57382155,56981738,57064062,58525419,57913418,61902051,61015772,80374025
55497594,55539462,56773929,57621308,58425022,57799826,61094825,70766756,85222967
58480905,55644139,57469048,56039844,58522169,58829236,61909631,68848061,82255382
56407394,55552298,57398150,56438003,58248273,58698359,74003703,62144087,73148686
55662762,55764063,58264637,56622442,58304449,58326896,66082853,74413287,79972178
55615168,56323047,59412153,56352637,57689181,57774907,60363958,69150587,68526269
55627423,56561514,60194367,56110715,57331264,57959685,59125367,60725693,67227396
55541476,56866983,59650634,55914146,57314423,57731818,59662165,70567365,68374807
57871172,56649425,80677134,56646244,57370643,58669145,61487692,68883316,79623808
56005478,57361097,91145184,57195770,57262459,59055796,58737239,60970227,71673831
56500149,56043809,60020640,57035398,58197402,58698474,59276728,69527262,81589556
56371862,56659004,117500751,57092418,57748202,58225702,60484234,67998767,85923596
56573022,56611973,82515374,57815120,57214999,57769830,57867873,60452710,85853253
57399970,56823763,69208058,58025405,57194306,57118296,58390995,71803189,77727226
56954847,56230799,69486683,58693652,57487897,57328291,58695340,72407392,88577567
56136812,58031108,91239477,57415284,57590613,58114018,62820388,63211286,70722658
56470408,56690848,91448091,57067398,58350066,57767591,62471780,72699823,103494592
56252208,56167124,89782013,56991014,58411432,57944250,63787381,72232683,71847712
56300258,57377230,89700130,57148216,57260459,57913086,60922015,117840303,82102924
56137662,56910845,85192888,57304989,57830641,58025404,59817258,84809079,69953482
56085591,56495985,59725372,57026404,59388093,57443854,59355921,75349663,67186410
56256796,56616933,59222076,56949825,60302804,56724311,59499402,61048802,66170144
55966265,56547880,59904027,56870669,92530997,56248558,59622159,72360168,68848604
57177835,57287602,59387599,57258422,70181407,56618494,59449249,70893600,79703161
55697465,57080897,59817426,58600933,61991654,56708164,59389639,63136211,69045492
55405321,56755094,59748242,57036803,57836657,56405683,59027991,74975614,81374954
55572237,59541781,59928233,57590639,57651780,57667510,59988965,73052004,70743912
55942251,57360824,59364334,57305126,57678186,57856268,59660520,65767371,66641757
56294033,55659921,59484560,57170760,58110959,57518375,60933376,75346600,80172608
56526292,55772969,59746876,56957419,57558745,57372556,60398410,70128206,69682833
55639625,56458382,59415361,57433744,57475732,57330717,59552877,60707032,79308838
55894492,56465569,59135352,57264519,58616739,57412811,58734153,68116781,74485041
55983855,56388169,60069885,57039101,57400079,57361134,59905091,71639214,79138644
55418519,57207355,58792355,57958176,57647704,57294825,59593266,61671521,68455546
56965106,57328296,59742217,58061736,57466180,57210188,59661049,70836585,80373632
56731410,55714021,58793018,59491971,57561672,57439258,59381645,69165055,69873537
58089007,55623084,59602772,59031086,57792631,57169230,64277833,60904664,70037092
60192881,58397382,57127663,58241950,57451739,56808400,63043053,72158549,68823348
56518381,56603645,56499351,59364159,57551371,56164566,58603635,68940928,67694793
57757415,56586483,56460223,57911388,57763542,56382311,58307221,67303277,79855415
57652309,56300355,56262287,57132433,59070441,57239008,57779356,69403207,72891928
56406200,56506503,59169775,57354906,61943496,57208305,58710478,70046865,81228251
56291797,55830009,55759758,57969089,60812350,57427525,60064199,64271958,71428408
57030180,55430728,55960363,57860003,60387813,57345130,61891869,69933170,111243964
55458862,55906319,57866129,57806992,60495873,56739029,58354892,68834171,73934413
58077830,55713224,55869175,57980485,59855083,56609771,58533845,61169015,71063886
55750079,55796931,58348610,57681648,57746906,56283424,58281939,66309143,72640168
56241328,55656904,59682892,57979807,56153170,57043399,61898345,68224492,87833622
56519236,56640981,61056254,58025523,56434618,57166576,61241978,60044126,113585668
56758199,55357629,60107200,58120660,56247355,57599790,56987240,65700493,99669751
56244176,55610838,58538554,58220218,56985563,56923731,56941552,68557575,72987993
56244575,55585639,56455055,58057800,56818257,56723987,59002831,61098294,80467063
56401463,56016163,56535334,58131081,59270358,56108033,59978081,65860563,70009832
56349060,55730310,57281398,58270032,58624601,56842051,58579836,68585172,79165294
56057133,56624533,57073792,59527828,56373789,56797159,58118220,60477825,69163616
57188997,60155378,56596764,57677312,57054384,61860202,60627529,65986180,80677997
55345503,56954995,56426857,57320245,60978051,60638791,60453966,73610774,70250239
56149300,56294126,56675858,61051651,57011077,58431016,58603315,65342334,79477416
56034988,56352884,57448617,61213409,56868917,58083046,58483608,73504393,70187384
56127721,56405578,56953553,60770053,56867664,58201655,60338996,72859815,82153615
56264980,56559540,56688239,60526412,57090784,58460745,61526193,64463267,74891804
56251308,56479844,56370467,60178896,56033888,57854766,59204366,69644062,70915585
56012152,56070327,56621193,59408197,56128866,58281696,58385035,71676358,75940716
56322058,56391855,57576264,57050899,57026730,58801148,57979801,63052234,69789148
57051181,56445099,56922312,59502985,56719496,60202682,59085526,69760117,67125975
57839076,56665532,64689184,59439250,56806457,60920259,59121181,67838834,67985149
55545490,56388043,88985223,59276177,56248126,60145251,58560958,59569627,82933659
55484651,56395248,88664355,59322157,56431923,59675450,58644033,68638214,87441656
55732873,56355564,89408114,58197620,56596044,59841848,60566531,158754732,113537907
55463914,55770017,89603438,57890500,60578576,60451137,60419074,113999813,91569027
55580054,56130233,90966751,58187964,61072224,59910683,59174590,104645946,70093231
55351741,56822418,88972859,58124363,61110652,59884459,59549368,75320864,84141407
55274255,56834075,88757259,57289230,58901473,61009122,58977735,66656382,72356593
55654153,56658920,88729261,56566328,56728025,56522903,59134250,82617250,124084486
55615687,56548350,89767701,57098555,57393294,56754839,59900789,73568084,142343283
55527877,56492327,88868208,58288075,60249781,57306031,58859093,64399296,125560025
55471584,56167877,89165986,57735546,60678837,57211068,61121966,70104914,101868364
55515369,56472152,89526095,57050476,59244010,56805055,58842967,72198874,75186576
56396416,56659183,88632286,57454084,57669711,56308725,59446456,64138145,89427181
56309313,56995866,91326998,57869600,57302441,56523898,59109711,70006532,92363482
56269455,57197917,89865576,56986417,57259966,56319054,58752489,71629415,76947640
56144824,56892427,89787169,57357791,57863448,56445414,58977030,65659321,71667400
56301618,56591764,90851714,58102910,59426109,57371158,60242954,68859593,89529328
56245012,56625359,90403295,58117406,108300168,60722965,61144806,67017360,72241911
56410842,56807916,89872160,57893237,85620131,59508056,61183945,60317503,172245773
56578584,55620453,90384779,58091212,67621939,59554817,63648467,68820028,98131404
56784923,56277227,90330080,57483828,63485092,60867099,63414510,70422188,84247536
56331244,57435969,89849505,59282190,61140629,61178165,63068844,61960870,72015395
56541659,55667073,89199569,59343534,97224942,60965553,61910768,69192837,82419417
56321976,56506447,90323652,57874887,83791881,61379543,62072202,70601249,73471530
56279480,57117019,91041096,57866593,65245526,60964288,62000754,64071857,81213062
56519277,55682422,88807108,57345410,61925495,62185980,62580565,73433553,71111591
55825542,56642924,89056651,58183504,61593706,62136653,61054387,70777716,72559182
56353538,58096609,89105877,56077054,57255366,58122936,62579188,63526726,69226443
55977851,56376296,89528457,56601890,57759622,57397439,62745855,73001629,67417333
56499281,57091618,89283527,56421023,57295411,57819482,62133226,71484081,73338989
56398400,56379346,88877549,56352949,57563417,57692501,61511291,63667219,86159681
56160298,56249371,88545313,56226410,57649694,57622126,61049554,72691070,73679222
55964831,57267590,89019878,57815544,57348862,57576373,58946346,71258943,82492123
56061326,57033708,89023798,59738010,57761097,58017535,58555599,62715450,70726190
56273703,56764813,88833541,57563727,57431644,58682526,59428214,73102734,68485095
56273316,56309114,89874418,55755134,57341090,61009196,61929875,71167472,69437851
55681779,56317816,90403772,57461564,57559602,60733874,59617682,61574802,80458314
55878757,56488637,66483330,57070011,57250226,60104296,58489026,70456985,69500731
56335958,57231457,56069955,57407479,57474406,60139917,58789332,69604728,79018350
57394910,56793502,55802913,57061348,57763989,61541511,59260520,63381106,68558095
56351139,56631548,55924275,56843377,57392572,80201027,60951714,73997705,78789634
57142112,56214718,55874309,56998594,57192574,103993825,59500222,68942278,87032430
56289864,56397060,55831042,58501119,57705453,61583399,58970536,61037534,74842229
55977680,57237467,56993060,57102154,60290451,60288786,79454303,70218866,73796184
56283157,56730096,56766698,57151728,60140763,59458877,75873540,68321542,68525415
56034802,56447780,56256250,58099586,59485309,59338242,64917796,60380871,67982805
56294149,56369209,56572199,58014691,59347048,58497179,63936069,72282661,66631154
56346300,56512777,56775461,58587773,59569685,59105073,60300824,72142287,70831523
56500457,56604161,56610200,59134701,59308128,60753227,59574075,63641087,67542405
56280205,57496972,57448361,60193411,74137624,59945343,75772005,74509137,70148299
56286845,56741582,55771799,57709612,57405540,60689382,90626566,71802230,69899008
55925720,56428113,56066127,56757769,56997215,57166545,90730909,63808214,69281922
56433584,56479746,55598483,58009728,57003502,57444408,90455741,70911148,69523177
56205435,56289962,55916603,60004149,56637233,57490544,70162656,68684205,68402995
56072848,57089761,56007894,57916570,56713584,57544694,59883769,61250552,76063722
56472721,55494986,56327470,58025350,60482248,58289132,58483662,70190086,70454547
56507851,56273009,56039614,57153072,60133027,58026328,58579250,68865983,74587868
56309951,56190158,56372882,57980200,74525201,58724814,59126907,60504515,70604323
55886030,56403393,57112244,57428949,66762257,59781325,59450010,71429544,92500031
56098600,56324514,56829226,59274298,94483341,60483333,62240920,69341017,78032446
56278548,56536781,56713594,57039658,87232237,130290911,59187084,60954945,69151232
56345433,56378024,56780487,57056088,69214443,124132430,58639544,67387007,68018793
56316491,57458823,57685239,57887418,62110032,96763456,59009564,68403429,85639998
56531580,56849297,57692636,57750485,67401762,96275779,58882413,60942769,71451414
56334646,56421014,57556818,57879783,96141269,78745063,59834109,67331157,70515713
56243403,56647256,57469511,57714161,93952489,64183736,58188117,68190619,89362402
56128832,56525296,57850977,57832986,65471722,59633460,58630806,60219710,73960942
56567372,56252043,55866754,56110486,63304180,60578883,61586214,71050487,85686623
56476243,57249417,56227254,57847281,61207925,58440963,58577333,69242770,69977618
56310130,57090730,56834473,58095849,61910062,58617175,58842377,61195624,84603450
56466166,56949185,56466062,57897071,61609158,58459545,58866765,70358203,71632424
57145854,55438031,56968979,56346554,60839391,58415484,58775119,68900147,80627097
56518807,55315063,56716672,58517006,60253280,58359860,58723908,60903806,71925848
56576120,55161390,56972638,56985817,60305213,58283861,60189250,71776340,78880334
56564012,55641273,56667916,57388794,60206178,57361244,61644684,69513120,73368764
56366539,55957541,56676343,57083460,57933567,59283234,59538114,61630387,71243796
56318099,55849936,56866924,58136482,57403505,60683921,62043746,67060516,71217192
56032952,56026471,56533788,57525240,57357725,87621892,61247005,69238937,72362959
55697855,56955440,56389015,57088263,57772920,69428366,61872217,61389951,68027930
55445853,56531098,56576661,57175863,57315516,59932413,61261711,66620870,82639287
55424403,57057786,56855399,57200019,57668605,58554729,62124825,68227586,67494301
56230353,56799928,58386190,56789414,57284945,58406042,60986063,64526365,66530037
57799001,57843254,56003622,56738458,57439356,58696533,77910301,69973868,67919117
56281041,56053179,57687230,57708681,57531905,58665443,61650221,69436912,82597646
55977044,55819350,57300711,57120529,57287593,57939732,63128609,60769917,67328468
56255511,55806559,56088967,56995224,57407333,57870398,62126301,66742722,84587925
56779554,55622470,55593444,58194008,57645899,57744313,62725117,68344903,71101568
55678940,55300005,55286635,57596441,57463338,57957660,61396924,60641959,69931878
56067647,56074065,55210897,57070079,57433059,57681392,61147332,66664536,85936944
57592736,57265157,56212475,57875112,59259366,57974444,58846385,68138556,74098956
55829320,59449741,56840902,57280241,58542814,57901259,58408838,60638688,72497407
55861337,59417381,56650125,56916206,56095631,57869030,58840129,67681012,70560945
55687425,59449076,56538469,58855767,55895475,57643626,63456083,69641060,70723997
55533686,59604239,57179513,59072426,55948883,57713851,65814162,62520080,90197286
55678710,59384721,56788914,57628886,56730748,57028926,62891979,68842490,74801033
59413747,60231539,56757397,58035967,60780192,56329941,62926271,67519867,99281491
58100133,56810647,56759285,56968694,60335475,56575098,62780160,59348642,75982057
55505819,56718478,57473108,58398448,56865094,57265782,62543607,68010384,87685786
55591661,56470784,56946321,57404544,57449954,57069992,60191352,66550235,69412841
55517117,56416574,58658690,56019379,59229886,57196971,58820150,67857270,91140836
56862913,56318833,56142719,55544871,58402092,56581786,58793878,70129035,87013942
56196857,58786292,56265281,56398248,57322183,56454232,59502347,68604714,106722459
70416507,57725927,56652334,60617509,57544113,57094311,59909403,61681454,119855426
70690486,57260673,57278515,59400636,57883689,56950889,59799176,69524116,144332770
61907128,56626744,56944991,57905157,58842563,56968690,59583321,68569060,114477620
58809033,59331658,56281683,58046755,57646033,57009813,62278789,61338234,77670619
56075092,57179741,56645979,56843129,57363485,59178381,61769980,69792854,110041778
56369135,56439053,57462088,58124618,58828923,59495463,59800348,69955251,74185261
58127453,58402106,56690176,56341643,59069446,57367009,59045334,61768351,114172241
56910480,55615017,57126993,56253397,57990332,56099995,60604192,69746669,109845472
56680770,55563391,55428836,69683839,57406458,56204229,60146632,68371935,170360939
56627086,56436585,59823836,57785600,57046198,57024712,58130364,60155306,79125051
56685995,58070130,60474459,57181415,57090655,57342354,58756752,73348201,142684193
56538406,55847770,59973796,57257353,56218071,56819072,60068246,69663527,81125503
56416213,55470836,60152082,61604376,58609081,57770604,60774720,63363897,83251388
56426960,55904115,59456937,60126387,59114222,57934684,61911410,73015237,70735855
56604151,55673438,55689830,59584237,60027559,57653406,59524008,67863683,82069289
56639651,55725956,55826878,57041505,60893254,57510605,59931192,60394831,70949902
55937231,55994478,55914310,59042912,58257428,57724585,61503339,66642539,68371082
56028017,55755387,55977678,58521953,57848980,57518443,61799325,69447038,79924408
57006711,55599913,55866614,57003122,57309069,57600126,61901227,61789395,70001565
55759655,57332071,57225419,57110283,57122808,59537965,61063412,70712947,79337534
56797445,56657416,55678533,57179278,58034216,60969050,61664460,69299366,69720074
56808072,55497094,55527692,58036760,58775837,60894711,62390684,60413405,81419650
55459007,56483355,55438092,57833037,58630393,60677849,62023204,70840750,70034404
57034424,56429060,56176044,59003897,57759402,58208717,61919109,68403649,79985448
56285177,57244927,56096530,57921517,56307641,57805699,61676039,62621276,69673612
56600198,57281927,57574949,56407098,55994225,57697224,61987491,68749182,69203188
56181793,57310472,57247765,56057384,56073520,57789645,61606008,71479044,64305778
57689219,58286420,57515009,56212604,56173231,58303700,61483167,64238016,78992031
56905787,55688592,57992938,75310520,57124841,57667593,61260057,72547854,69881750
55717360,55982441,56929054,89115730,56917284,59598013,74811217,71684111,83547272
56589068,55856779,57007103,89138918,56595600,60803916,63181672,63544331,69183748
57495615,55607483,56585154,90807743,56599092,60886550,61509732,72304054,72974910
55732479,60709772,56619483,89697430,56440385,60578827,60658402,67634019,64533382
55475390,58721814,57239988,90641554,58517440,60490917,61263960,61281507,84043216
56489779,58206349,57129465,89632168,59860661,60638073,147373192,73182391,66079906
55889663,55731324,58140953,90674607,56823897,60455439,100239554,68455299,81465855
55487768,55933857,60096078,90418103,57243175,60472448,84796990,61075184,67984109
55699188,61999392,59255472,91314829,58138299,62217358,66026108,65885245,69118747
55634166,60809086,58981685,90181085,57223101,59449897,60343893,67812885,64427047
56885891,56544335,58579951,90055017,57383988,56857127,60426789,61276273,82214536
56145007,56628606,59081260,91237763,57683498,56575969,59944181,70205282,65640353
56569025,56590049,57659349,89789951,57392436,59189662,59569315,82393824,64776642
56096875,57293100,57431728,88961501,57433899,57501662,61036625,64979941,67921644
56009875,57236859,57392237,89442029,57636667,57603934,62224423,74894833,68753063
55748333,59446999,57480140,88899025,57142847,57924118,59430024,68585691,64606072
55974331,59251119,59311358,88503253,57421487,57370832,59417669,59961657,83218722
57457384,59117373,58511518,89738045,58029380,59059200,59601898,69837666,73065740
56756395,59222725,57676104,89135598,58021822,59916911,60824707,67221398,71307339
56626010,56655238,57870669,89169690,57406797,58824838,61485690,59775965,65292389
56485503,56602619,60147140,91902792,58354982,58447240,62191242,68557572,81042993
56423261,57378808,57670179,92130672,57086954,60675434,62106803,67849594,74918115
55918132,57358989,59422566,91947527,57402183,59398745,62212042,61180759,83096320
56294261,56937486,85263549,91068419,57525436,58140881,58112325,70526451,66518796
