SHIR FPGA 4096 no dequant,SHIR FPGA 8192 no dequant,SHIR FPGA 16384 no dequant,SHIR FPGA 32768 no dequant,SHIR FPGA 65536 no dequant,SHIR FPGA 131072 no dequant,SHIR FPGA 262144 no dequant
3404186597,4490196276,3578981212,3616142207,4437849333,4748264264,4342021843
8689624,17961639,33697428,64337360,130419960,291577685,582313582
8182269,16032293,33702919,63177444,130364257,292267211,582652352
8140713,20281451,33528496,65282462,130374552,294702237,581659905
7987527,16104316,34783196,64218723,130406337,291978302,581951296
8122226,15974321,33544156,63065249,130280716,291854989,581315922
8077428,15944463,33449863,63373333,130551540,291639248,581921296
7904228,16035022,34342306,63106214,130448159,291457220,582189440
7796647,16077317,33666575,65761077,130430418,292112815,582495095
7775857,16105107,33422429,64739752,130355041,291388199,581517210
7753022,16000558,33488689,64850685,130444051,297271212,581592843
7999322,16152296,33436768,64321069,130508497,292155108,581467788
7868685,15988490,33416362,63360810,130569112,292241851,581621585
7777035,16034315,33391408,63771683,130446266,294885675,581441829
7650334,16002541,33527950,65158579,130271134,294737031,581169020
7622099,16024639,33473896,64789872,130571829,294650470,581692281
7618715,15989052,33873747,63615529,130297094,294783134,581441159
7920155,16106290,33422659,64128608,130353503,294855257,582699796
7901458,16028647,34014806,62938309,130397642,315894357,615399513
7760057,16118427,34108411,65764795,141379655,293850178,581020308
7651438,16045045,33464850,65469351,130054054,294243084,580765107
7578431,15982520,33455864,65005674,129866518,293837824,581154054
7615229,18388779,33511731,65248383,129996084,293982434,605048933
7595579,16236394,33447915,65767658,130170136,293618270,580254104
9712415,23117894,33532698,64843796,130137642,293694443,580398837
8040553,16226597,33879567,64768790,130006081,295090407,580011316
7934530,16171890,33334965,63357587,129965584,293848319,580463822
7812748,16192647,33425023,63356740,130233622,293377510,580421112
7756054,16240182,33426018,63327781,129908575,293649608,579676638
7874220,16145951,33528633,65226042,129892437,293552367,580013872
7928944,16129179,34119452,64647295,130041899,293572375,579650582
7789722,16085310,33521760,64956487,130030502,293415238,579309371
7720347,16140570,33356336,64520866,130036672,293081575,580658441
7707911,16192853,33505743,63868721,131531519,293046816,579015209
7678258,16210774,37614603,62756413,130454219,293250469,579279622
7767810,16124314,33380144,65584301,130293353,293117935,579665471
8097357,16144611,33363036,64019384,130355803,293115391,579467067
7948693,16157953,32826884,65068156,130477568,293272004,579421277
7787909,16165452,33517120,64084383,130289716,293271024,579299076
7715995,16107198,33441664,68926560,130335192,293128706,579250305
7821423,16149845,33496572,62716081,132187734,293404056,579139163
7939971,16014046,33529931,70767873,130612315,293008533,579130674
8045731,16106991,33616051,64101512,130289835,298503554,579762176
8020867,16111245,33441577,63310024,130297016,293182383,579254491
7818837,16025516,33347545,62953811,130483669,293363567,579254927
7772629,16784576,33469175,62939409,130413991,293117898,579401397
7708656,16123067,35124949,62946315,130399037,293288924,579451464
7670445,16128575,33436323,63286184,130699545,291287704,579229004
7850651,16199947,33382858,63097501,131306340,290941121,579357732
7949161,15994993,33403215,68779093,132568121,291515959,579924452
7817763,16158505,33372090,63223806,129828379,291047471,579308865
7745388,16384772,33357845,66114877,129769783,291084962,579831290
7667608,16076514,33427368,64222464,129662231,292353865,589892227
7665413,16066489,34278947,62798697,130080101,294094157,579154047
7705317,16101615,34112412,65214125,130265539,292140504,581510286
7781440,16031409,33185128,65871479,130248284,291756338,581410388
7989821,16147609,33163924,64170470,130101669,291848599,581248940
7842277,16826120,33565866,62788991,130504735,291816472,581447009
7801464,16172775,33848254,62789869,130329573,292191375,581309093
7742790,16162628,33469552,62784713,130160064,292031348,581904767
8091209,16118089,33083077,63439120,130271837,291732769,581015234
7992155,16038233,33183791,62859950,130469672,291709712,581270198
7902545,16108935,33168557,65153098,130294546,291752283,581227741
7725148,16124002,33161569,64286940,130597770,292296791,581641144
7655790,16159474,33223906,62976026,130297609,291726036,581274224
7637042,16172782,33491431,62910696,130481144,292478901,581289426
7748933,16101490,33585157,62785655,130583278,291767551,581662012
7944635,16141455,33493290,62877472,130492730,291934800,581317578
7918060,16078900,33198298,62760921,130383722,291734798,583495750
7794510,16296143,33209846,62852024,130591543,291753157,581187995
7763275,16032900,33241334,62832662,130644480,293078622,580233414
7845442,16119436,33537357,65266767,130736418,291562843,584363617
7702530,16104728,33188431,64237239,130566434,292499610,583256885
7866293,16087922,33541860,63835593,130485360,299057440,581855401
7937049,16190226,33867725,65112295,130492618,293745744,582285854
7812334,16030502,33361919,64149150,130494047,293461748,588238236
7783206,17620272,33621846,62764331,130439871,294677772,582869146
7829943,16251360,33328253,64997097,130494332,292719062,582729232
7781656,16141992,33234513,64093677,130492250,293466523,591404628
8094765,16186317,33256015,65006369,130417493,293837547,582914994
7933659,16194945,33221334,64235042,130550181,294122486,583496941
7787820,16192226,33603730,62789230,130376382,294514877,580520641
7747118,16172917,33597184,62809368,130360494,293347324,583018017
7682100,16285024,33659461,62778800,130461822,293355317,622348990
7709749,16119835,33577379,62860947,130490218,294412584,592936886
7644787,16246797,33606814,62738112,130517184,295567707,621505536
9319725,16188307,33618666,65166839,130469673,293597285,619697025
7924967,16172700,33674850,64217896,130201083,293568636,629580777
7826531,16215089,33691893,63113131,130669310,296301843,609447603
7777295,16414736,33601404,63104636,129929691,293577423,648133687
7759175,16273134,33574318,64998316,130480695,293643233,610862147
7911808,16179945,33566116,65086394,130616880,294624323,618707466
8003794,16216824,33558298,63901241,130485429,293609128,627453287
7900448,16114404,33614412,63078134,130410293,293603701,623948326
7779603,16163363,33640644,63145919,130488660,294559213,625104514
7736382,16219427,33640888,63111564,130575412,295186154,627740284
7718846,16250440,33617871,63088851,130358486,293531790,628315347
7695440,16291867,34237945,63504085,130337282,293637587,627885391
8173143,16237192,33573363,63098267,130399916,294516010,628459497
7969630,16222520,33562588,65085650,130583594,293777023,626314462
7881149,16212615,33619962,64256545,130745700,294431499,620198422
11439352,16279788,33654115,63082519,130505824,293896444,616803665
7784548,18916685,33526619,63003917,130516200,296972632,621534564
7752839,16205514,33587071,63072726,130492833,293630150,629006461
8029726,17251259,33711189,72921262,130500052,293918769,621245913
7994287,16622797,33613630,62902304,130427566,294494047,584434911
7854634,16114064,33717022,63099213,130454488,293610680,585839208
7768099,16122098,33545206,66270543,130463360,294866560,621964445
7784271,16299267,33553755,68145453,130470029,295285031,583268610
7761866,16066571,33583535,63453037,130371292,293882562,618180245
7831442,16040464,33741373,62892328,130370957,294096080,587840285
7906948,16026549,33564538,65161845,130366292,294196619,678022265
7768113,17026118,33549948,63962534,130651322,293916511,596688825
7724663,16323320,33576495,63416441,130420237,294014874,628592557
7694131,16155370,34245285,62787442,130428163,293886978,596485447
7720053,16094720,33607847,62739404,130285011,293718496,628406553
7722707,16202061,33596956,62767850,130446053,293790226,609500884
7804514,16122693,33590652,65611904,130407019,293856638,629083493
7903581,16230719,33636015,65928123,130378590,294079325,624438755
8451987,16226967,33632569,65750328,130324928,293849759,661363801
7769427,16278037,33626942,65696787,130358132,293970616,611761902
7694564,16092320,33596631,69149199,130474702,294179991,632882871
7966055,16171387,33616145,66006323,130529610,294311003,663269806
7956527,16456335,33598789,66000044,130512053,294236362,633358138
7799872,16208962,33621904,65955639,130300104,294968982,612490840
7729108,16209067,33620090,66004285,130504297,299997437,634302725
7641024,16239498,33614589,66011986,130517628,293875787,622898740
7715150,16548877,33592636,65746705,130696495,294073613,634293725
7695846,16484306,33660247,66010555,130444654,293938993,629588017
8010593,16186720,33633092,65741141,130243915,293964410,634017702
7939765,16189452,33653146,66072820,130467356,294303956,631777944
7805244,16196413,33498919,65987119,130423208,293984499,633803887
7741187,16226624,33572358,65733271,130416872,294038477,629259185
7719933,16149627,33689346,66158563,130107164,290995474,634239526
7810081,16193636,33408047,66012137,129681483,290789546,629921127
7968549,16311575,33572924,65792357,129663931,291405741,634408712
7986458,16124882,33516331,66182554,130007426,290807413,629081884
7869397,16188612,33507569,65783828,129790311,291054496,633725239
7787206,16283464,33630908,65801471,129813530,290834530,638202112
7726052,16113919,33734373,66012940,130186614,290831550,634359788
7653353,16090960,33653036,65720946,130393199,292383920,629060655
8118737,17413613,33606600,66106024,130346080,290900901,690950283
7896472,17324337,33552223,66029340,130578662,291043010,628943333
7855382,16194318,33622724,66012379,130385247,291105133,633724714
7791308,16154837,33681431,66089149,130520463,290891914,658438499
7747459,16158094,35322302,66151202,130453668,291172160,636227435
7661702,21172653,33686852,65976038,130303086,290958599,635547666
7669050,16406492,33613165,65934286,130404591,291095919,636254842
7847026,16080851,33649433,66006453,130552910,290931514,630996206
7850850,16030343,33650198,65946751,130517342,291083917,691893367
7714572,16117537,33654676,65972777,130392956,291057436,629956268
7722835,16184372,33625701,65903867,130489837,290876262,632809715
7725916,16074983,33635397,66837987,130518123,290952163,630523427
7976416,16188198,34497732,66085132,130520016,290795116,633870179
7975087,16070893,33444807,65980543,130493788,297934967,635186424
7854378,16083686,33455548,65946348,130663763,290907030,633404393
7738996,16071335,33583344,66044697,130287632,293857749,630453895
7700360,16261481,33588616,65954349,132239886,293970332,691989926
7767782,16048962,33555660,66006264,130454337,293923246,629445194
7677918,16133625,33681999,65906394,130418443,294360561,633473266
8082467,16133057,33556827,66104983,130634961,293969582,685929543
7952645,16113929,33671481,66067294,130370901,293882027,633464766
7746652,16031368,33558120,65931407,130519832,294019808,629935055
7714365,16075757,33449249,65987318,130252176,293984168,633527742
7595684,16455484,33536395,66038648,130733650,294263276,656166551
9740941,16135090,33533655,65907200,130190902,294212258,637539655
8449612,16070008,33618480,66075893,129936616,294053390,628867779
7993112,16116613,33552464,65974906,130187112,293914144,633836816
7801734,16099040,37397707,65900228,130607252,293939404,641346007
7747694,16170652,33690981,65927194,130499839,294153902,634467335
7672368,16154656,33629807,66022684,130393548,294022940,629157135
7719540,16111681,33546585,65962704,130507815,294060810,635095617
8046195,16098500,33581217,66046902,130804213,294075393,628738191
7951484,15983671,33503693,66112273,130468746,294333184,635978188
7846292,16074586,33554268,66014160,130472425,294352534,627511837
7779470,16087051,33771592,66076382,130330489,294125809,661662120
7742627,16428529,33524139,65956129,130441457,293993839,652999224
7765890,16079390,33515568,65931462,130366402,294256331,632992068
7712584,16104965,33751977,66047461,130420087,294280898,627190533
8107297,16063311,33559579,66015132,130365222,294617256,633711253
7912113,16080060,33647974,66096088,130312316,294158119,628373382
7809986,16055415,33651933,66051925,130391567,294077328,633126958
7746964,16076997,33548336,66094700,130211469,294137725,628330284
7800193,16090630,33590825,65958280,130109419,294110353,633376194
7922733,16069569,33610075,66019179,130014488,294490548,643294255
7942836,16002319,33560831,66061396,129845818,294140751,632640135
7805714,16277284,33529509,66054619,129809753,294383930,635383983
7714023,16081126,33607318,66093673,129808514,294267853,634752311
7710525,16094836,33588645,66084032,130270479,294347110,630777865
7616287,16105397,33532728,66131521,130496806,295594933,634114195
7671250,16048529,33463715,66142391,130517382,294201934,651363014
7850655,16027959,33632842,66025113,130487997,294178524,633960352
8164180,15979998,33599601,65938569,130479984,294221728,630679981
7823390,16044582,33515482,66209248,130511714,293973137,665232102
7689887,17149570,33626707,66105374,130545235,294516315,633351773
7781349,15973731,33549228,66041928,130422605,294115240,677076443
7714486,16571209,33538861,65953886,130369513,294015734,633639354
7816662,16033661,36707640,66044955,130443756,294215505,636004605
7876981,15963374,33702928,66053920,130457976,294229053,631642507
7814665,15971852,33559161,66296456,130523685,294957609,636212328
7703751,15973316,36095592,66103117,130433463,294026168,639375370
7633915,16032046,33699367,66038717,130526447,294184865,644499512
7641826,16428349,33513535,66057611,130380948,294110226,663012019
8075985,16339642,33500406,66035498,130727975,297134131,593274562
7937945,15897898,33649362,66043135,130478053,294159890,593927591
7784250,16122333,33660259,66118591,130246517,293944398,597583450
7713596,16087954,33503871,66039666,130309854,299314821,592514246
7682978,15994078,33548408,66094403,130271686,294311848,591217259
7725126,16055840,33571036,66094491,130154938,294409844,593256932
7700273,16280058,33581023,66067947,130132141,294225896,594340153
7857997,16084758,33463808,66176476,130266881,294137508,593898829
7900569,16094810,33646439,66015686,130276292,294545506,592362573
7817249,16069548,33540987,66086519,130362479,293994548,632781179
7768255,16052482,33514325,66082760,130210855,295267933,583847286
7650925,16031661,33507915,65915862,130242321,294076296,623878566
8061795,16088425,33555104,66051152,130704824,294090547,581914036
11818164,16102730,33564254,66052227,130166022,293930673,621301166
8453307,16084846,33590310,66003455,130278886,293871056,581797867
7835494,16070429,33563784,66072977,130268088,295056153,622071568
7823071,16137449,33503770,65988047,130318942,293681788,581240354
7753881,16092195,33557211,66076974,130268543,293032372,621002626
7764698,16717216,33487803,66061733,130225067,292929494,581129211
8033507,16079456,33520356,66175963,130187429,293218761,620922164
8022176,16139464,33519736,65911160,130203212,293824277,581266666
7772198,16110009,33632616,66320644,130332131,293673204,620654719
7708458,16029688,33618299,65937758,130275820,293636038,581132095
7693003,16077600,33613559,65915385,130284897,293711880,620925345
7714661,16113895,33473926,66142452,130268024,293759364,593016941
7923475,16022900,33594937,65892289,130266283,294822580,627392045
7973664,16071824,33588060,66111489,130201213,294052286,592770635
7791857,16087414,33648682,66056457,130375062,293578339,635578834
7765226,15986437,33577837,66134695,130297252,293619616,595017882
7878387,16174686,33579118,67028051,130256176,292925808,634822609
11254802,16094460,33418190,66055738,130046799,293891045,614180220
8089632,16129915,33578954,66019928,129740661,293659071,674172257
8012682,16109341,33543543,66042664,129632477,293270807,607872013
7902148,16044737,33527897,66079970,129591690,294134754,636452460
7810726,16128962,33591616,66099832,129682604,292988960,602727971
7748734,16705094,33594435,65907892,129683993,293909742,635789768
7745840,16109554,38526873,66074479,130338048,293983274,620743714
7702927,16181881,33733009,65900145,130320585,293764023,636651582
7829843,16016132,33531691,66025493,130296712,292544642,607463292
8203031,16116742,33558194,65966758,130352906,294068754,684146016
7863883,16085410,33587279,66012324,130429668,294274425,610274509
7796095,16271188,33494591,66012069,130254545,293874770,635817325
7889559,16083535,33539948,66001243,130234507,292715113,610657218
7973317,16039216,33553240,66048614,130458858,293597419,637720816
7925927,16028240,33629313,65996940,130431808,293888601,610002492
7781165,16086128,33536440,66010290,130308936,292889190,635140994
7699906,16004226,33671836,65982703,130296764,293127151,609862929
7673641,16036590,33558552,66083291,130502568,293106915,637654017
7714922,16034222,33610526,66007027,130281403,293696491,609973697
7645594,15996383,33689549,66045595,130290546,292928898,634972432
7801086,16001139,33629511,66080322,130322996,297153560,630518849
8988862,16040041,33580971,66127648,130339143,293708961,636090482
7797292,16059645,33680959,65744115,130262906,293705724,610428632
7679959,16027562,33621252,66041430,130279898,292522374,636057425
7650326,16077692,33543410,66072180,130342880,293051421,610771578
7676465,16012023,33587509,66019277,130190662,294004789,638880853
8056212,16131705,33613688,65856536,130341714,292871511,610815769
8002632,16089194,33626997,66094891,130245445,292787423,635808193
7860887,15983050,33466067,66009328,130351371,293953115,660150116
7808139,16079039,33631173,66003366,130375661,293978909,636883723
7769298,16444250,33574390,66069389,130353867,291489025,610193775
7699641,15944802,33513678,65972853,130268505,290735765,638572776
7903980,16084415,33563541,65861572,130199257,291040368,610354975
8046831,16103900,33579276,66211340,130228954,290963934,636379627
7846519,16003331,33566585,65952192,130324722,290776601,610074851
7805554,16020825,33781980,66057049,130287295,290894725,636232424
7746388,15985092,33578307,65920850,130298144,290345042,660791864
7695459,15967241,33465558,65851032,130302772,290906046,634703576
7734771,15955734,33491874,66135240,130360287,290254595,611159297
8073318,16072728,33568069,65898276,130307600,291004588,635389831
7925476,16069460,33598249,65908593,130436312,292637515,611236725
8745372,16075526,33647276,66077618,130411120,289810843,641517948
9286431,16076427,33625667,66000096,130342628,289852749,611865864
10469561,16066462,33615921,66021404,130276015,290525844,635699610
8459234,16037818,33572393,66047876,130422681,290879929,676359050
7950747,16113609,33477573,66060355,130489049,298014921,656985039
7879516,16063086,33622660,66116793,130377446,291265459,630306991
7786091,16096385,33529717,66083506,130314922,290328127,677539309
7959584,16059957,33644816,66144275,130399575,290860071,647233117
7742088,18002165,33597426,66061405,130291355,289719595,659288848
7751604,18512733,33569786,66293129,130107562,291507880,640437720
7906711,16062284,33627030,66031586,129892341,290033726,649575177
7934325,16011177,33645121,66075263,129769075,290150817,648363952
7786374,16122475,33639576,66036823,129827849,292794253,649587779
7672520,15982149,33786501,66027561,129825000,292821517,650583201
7723374,16132539,33604310,65903969,129766896,294010175,651599530
7598002,16013050,33538788,65965278,130392137,293957319,646556917
7817444,16055885,33536147,66111240,130380611,294142158,646239993
7919243,16043934,33551045,66068256,130417466,294086085,650398832
7790987,16013554,33649743,66058775,130321133,293801249,636630272
7691963,16082299,33553534,65901405,130333586,294457428,624430816
7693416,16082524,33606825,66079242,132018315,293839205,633907358
7632501,16000224,33541619,66151508,130360720,294018925,655905037
7922692,16095021,33592555,66039839,130488090,294130493,633756555
8470521,16095586,33596625,66054338,130378063,294018559,644616023
7916251,16091037,33693065,66078317,130380106,294082539,635962672
7832494,15969915,33582297,66047658,130407161,293947453,642196274
7924488,16155368,33619984,66033133,130509911,294169671,635545934
7773286,16064775,33517993,65969235,130336948,295175073,636273227
7743021,16049459,33652524,66113171,130380553,291926513,633660398
8029058,16029380,33649212,66029458,130468690,292361743,633294392
7869704,15984644,33630719,65992120,130388485,291955226,641219887
8642211,16071372,33485596,66024682,130441398,292009555,633859831
9328027,16078865,33525563,70993373,130388333,291820031,633101407
9446642,16079136,33575102,66052746,130525992,292084533,634434570
8492818,16034543,33632515,66037275,130491007,295586177,632805401
7982672,16094290,33492438,66085021,130509328,292050641,634166952
7878163,16073501,33652362,66124802,130425616,291844387,634033864
7768351,16069049,33667395,66096898,130321564,292144814,634316938
7752751,16102397,33578001,66107840,130383732,291968838,637602565
7734700,16097239,33614374,65976282,130344467,291925756,634822122
7725344,16054144,33559989,66511574,130515596,292007763,634831327
8103793,15975090,33703078,66154360,130372723,292123646,660297161
7947536,16071882,33573265,65947101,130412246,291808839,629896589
7865785,16070857,33664566,66042720,130525455,291880486,631221284
7777227,16030751,33645050,66059487,130463258,291882335,630309011
7681693,16071628,33617803,66105107,130312543,291879485,630489481
7578787,16094180,33571707,66064859,130386242,291781935,632106853
9000731,16055327,33544749,65993822,130494512,292843925,631587746
9370207,16099267,33603224,65971513,130608253,291737806,631363064
9325065,16081567,33551790,66013816,130368462,291730543,633004425
9346651,16097926,33658253,66070458,130459637,291782005,617716723
9368449,16060776,33595625,65991001,130359331,291636835,618174438
9235693,15967697,33621503,66106561,130365766,291634847,618024449
9156362,16117563,33601737,66062836,130425763,292099590,618370489
9260840,16073657,33568720,66106382,130384129,291745002,624822148
9410415,16098754,33642271,66062629,130445837,291913986,618357355
9217783,15991770,33633783,66093479,130445542,291793826,617525084
9351889,16016757,33548608,66134822,130289776,291698493,646748262
9275910,16014444,33637990,66035192,130368981,307799402,617612692
9336784,16111519,33591390,66158235,130001502,291772300,618463429
9386275,16134544,33778145,66027316,129805907,291497432,643588664
9393622,16082374,33605499,66140752,129854441,291790282,619653492
9369813,16079673,33674329,66083626,129781254,291888896,626229408
9356422,16077630,33645138,66176253,129927746,291960114,622485729
9422040,16064321,33606313,66073153,129994946,291857417,622736887
9444286,16023960,33621964,66154806,130322859,293179423,677965477
9439451,16065974,33619510,66088700,130543685,293913518,615846589
9430667,15954008,33571241,66076533,130276458,292541511,617539448
13076436,16055077,33560184,66129361,130446828,293809628,616205098
9295529,16082207,33635142,65981593,129590733,294137087,631868839
9209206,16069729,33620644,66110441,129596466,294089101,634022294
9905389,16043135,33596104,66120868,129548008,294417916,631703851
9378875,16036490,33614948,65933116,129664540,294082192,629315166
9403036,16053272,33604795,66121897,129614058,293982705,693666112
9364810,16079477,33453548,65906563,129607351,293936360,631138097
9408268,16071534,33702792,66114460,129544520,294167622,633204436
9402938,16066169,33627861,66131724,129565166,294058951,631038037
13183251,16069179,33575637,66130305,129557743,294672648,633046489
9357644,15982142,33522324,66115525,129699991,293981634,634928796
9449451,16038566,33640126,66104827,129645155,294163613,633028583
9419942,16045166,33535341,66107373,129487147,293935208,631504045
9351383,16151615,33589492,66198035,129488644,293891852,722411146
9295859,16079527,33575496,66089278,129656579,293948185,631497734
9378665,16053081,33547578,66084440,129530681,297185573,634378085
9344120,16067059,33635106,66061973,129635395,295600083,660365961
9294973,16092712,33691421,66017550,129458806,294145527,642446242
9373473,16075492,33575096,65990446,129586396,294154459,632220994
9430742,16053790,33540430,65938738,129611087,294122098,633916443
9394607,16087433,33544605,65986577,129634640,294546598,636656192
9272209,16075812,33582266,65975290,129551769,294441122,634634646
9401765,15978826,33616530,66181668,129619001,294079561,631289045
9526037,16046303,33680632,66150023,129548785,294049486,634044442
9436523,16026448,33642636,66185366,130086448,293825287,663765888
9336207,16091238,33521245,66102675,129464919,294012039,633683573
9220744,16065644,33682270,66120832,129846536,294223272,659923189
9268574,15952019,33631205,66196012,129611373,294403090,635282581
9361464,16097542,33564580,66153541,129636978,294064973,633604498
9335567,15990977,33535596,66159018,129579422,294048365,669476316
9329178,16028839,33597983,66128622,129665038,294093472,635835006
9438047,15996118,33665131,66176679,129546269,294174908,671321287
9421191,16062683,33575338,66051972,132388838,294110759,689920080
9308218,16074353,33647003,66057677,129565491,294145425,635793441
9335053,16075421,33657408,66307569,129699701,294103348,633200396
9395246,16048680,33533490,66075054,129575668,294395901,660888940
9224867,15969920,33523180,66048713,129786491,293965552,664888035
9359555,16066854,33604718,65920441,129651631,294123792,653674678
9341726,16071245,33577823,66054325,129591464,294267742,648889198
9440395,15937665,33599076,66171739,129667602,295742814,652314314
9315121,16047955,33599800,65918952,129407600,293837101,640199453
9211866,16089937,33540926,65934897,129083576,294082173,633512070
9489229,16026359,33595964,66107308,129429138,294078447,636184695
9420297,15985888,33509857,66088903,129039444,293315820,647611063
9304292,16037376,33619439,66168057,129097469,291387558,594003296
9266584,16077561,33630799,65989927,129105434,291826049,596335736
9273464,16044192,33534414,66100769,129116538,291262776,592980606
9337159,16001398,33646389,65977352,129015254,291290785,595881618
9347599,16083017,33614261,66115967,129070389,291165681,604100169
9319408,16046300,33504349,65997332,129582901,291348244,591760112
9411165,16024756,33573105,65986340,129633585,291348359,588845310
9435757,15943990,33492660,66003271,129509130,291754881,585873297
9305587,16014519,33605990,65919860,129656439,291678682,583500253
9438545,15976920,33678740,66119591,129557970,291810349,581150135
9359097,16064869,33635144,66121846,129647716,291675170,634975765
9351710,16083965,33552000,66118512,129664532,291841688,583094302
9549131,16059310,33560519,66124403,129798902,293015789,635190846
9190983,16012009,33616681,66157410,129681643,293199958,581544884
9342423,16040696,33604807,66163510,129831090,293187709,589559343
9768486,15980791,33573338,66186214,129603655,293201783,629804999
9659226,16072541,33587735,66001168,129769848,293275633,585760125
9583287,16049147,33648961,65953416,129568817,293470665,628422941
9506168,15999533,33599707,66056174,129679430,293577453,598919951
9546673,16084187,33537795,66020633,129747718,293309349,636756778
9348355,16060554,33557935,66110304,129749401,293228705,609635435
9427296,15974913,33564054,66099938,129519859,293222822,628486219
9556549,16005117,33632789,65985620,129735840,293295446,619510794
9524221,16009004,33635701,65965884,129505572,293200374,632141353
9415280,16037659,33618125,65984678,129730373,294127950,611063365
9444964,16080356,33606565,66103633,129763909,293226909,632362591
9483653,16088109,33600651,66072118,129750136,293365644,611151970
9504044,16197301,33590947,66064677,129625071,293100941,638726099
9571431,16027837,33586141,66076228,129553081,293273556,618030137
9410709,16042014,33568823,66014315,129665803,293330044,634372469
9508063,16043317,33641827,66138439,129574559,293752701,617193862
9971366,16041137,33558304,66088572,129509136,293257104,635385676
9483896,16044351,33762136,65995035,129662653,293302565,622735727
9494625,16079666,33734114,66008665,129698961,293368402,635061917
9532719,16106648,33626458,66188671,129708603,293393283,623021690
9385139,16069744,33605776,66144874,129527579,293050516,635110637
9453409,16023284,33566899,66135357,129685382,293703322,623314579
9486412,16059344,33608609,66091123,129651557,293518477,632064395
9507287,16104237,33675732,66076387,129779589,293432834,623280971
9358456,16050415,33599039,66112340,129515427,293338236,632029267
9485105,16090846,33628311,66122066,129613517,294018167,622438633
9496090,15987158,33667782,65959501,129705232,293368361,631484124
9452218,16017680,33579808,66003832,130011652,293245807,624738277
9491478,16063636,33610764,66146771,129461976,293164834,631740924
9499075,16080172,33637943,65959554,129290644,293159485,623626355
9414900,16007120,33685296,66042017,129042070,293209229,631591792
9476246,16014590,33598674,66119268,129126281,293253924,634972207
9541777,16025980,33990743,66246630,129093482,292198539,631956979
9573328,16165554,33621258,66119165,129016943,291842424,624128405
9431493,16029660,33576386,66122702,129046939,291910502,630631691
9453493,16076252,33598790,66180581,129063929,292043359,614767933
9467200,16103416,33610621,66093087,128893036,291881921,631378364
9438482,16005968,33614568,66103865,129054130,291723684,624224278
9482843,16028631,33488923,66074907,129324027,291858432,633311173
9549209,16033603,33605906,65994568,129500941,291739517,628430923
9475214,15991864,33619289,66087851,129373971,291828437,631202485
9457451,16018596,33598854,66081828,129392767,291982421,624225981
9464060,16004816,33892975,66085252,129331742,291659761,631762386
10871372,16065813,33646659,65968733,129747411,291820580,624873864
9525177,16059101,33599803,66040623,130927190,292103171,632340323
9498035,16094466,33558553,66039433,129435943,291944990,627661715
9521515,16111467,33545745,66068180,129329729,291924681,632502082
9369019,15958059,33614582,66096857,129396750,291920227,624315583
9502372,16024462,33627363,66161006,129311068,291859558,631412541
9543004,16086364,33721649,65956465,129383879,291744102,624223597
9505271,16025057,33563951,66049154,129276896,291674419,689080817
9508298,16113298,33576755,66017302,129407993,291682199,624470331
9523214,16084480,33584917,66045750,129430648,291757619,631289723
9334186,16053915,33605688,65937915,129431578,291838698,623900350
9468305,16019558,33635145,66165547,129363674,291830480,631545723
9431600,16086205,33638959,66052745,129396052,291880838,628108962
9506505,16054879,33642057,66132656,129303265,291823361,631529205
9450394,16053499,33553664,66074092,129334345,291864875,624137836
9413225,15950469,33558256,66186199,129259380,291924042,696034458
9507655,16029652,33585684,66060628,129565018,291712175,623871355
9492823,16046833,33583907,66000869,129347644,291809319,631698136
9331378,16038249,33581609,66102501,129380429,291784081,638396530
9492099,16017267,33625636,65872302,129290079,291767056,631742505
9330131,16049711,33622092,66101899,129373187,291970792,627874019
9508109,16081338,33637764,66079161,129315992,291964218,631741127
9329895,16085540,33592954,66100715,129366168,291915023,638248014
9424602,16220713,33559391,66063387,129371632,291763476,660793205
9387046,16057237,33649422,66055839,129425930,291959625,615766503
9489999,16065902,33672776,66109822,129262448,291816238,635257083
12819963,16049876,33630377,66032818,129232769,291767677,717732153
9499941,16052694,33597389,66007819,129715126,291967445,630409883
9450948,16080192,33554923,66181982,130145880,291675403,620773243
9475230,16056782,33553222,65963410,129965383,291783824,659477817
9489415,16047389,33613073,66144112,130026965,291792030,648744392
9520779,16090643,33588000,66163081,129839631,292127197,636895777
9556860,15970593,33651443,66008727,130109519,292050365,623132262
9507284,16015695,33642473,66121518,129873905,291999236,639554723
9500139,15996285,33589936,66074274,129734033,291887803,688754334
9525016,16080861,33579004,66099934,129311013,291829464,629467075
9358890,16130050,33608009,66143208,129369790,291982702,624923067
9444953,15977673,33615867,66082065,129262056,291681594,632507431
9510720,15968723,33668820,66099593,129406472,292005562,651048962
9478783,16106008,33712854,66042302,129420634,292644402,662012270
9550611,16460978,33548028,66107273,129320428,291811205,628028654
9405387,18566544,33647639,66005815,129397212,291824840,635184814
9488334,16021374,33602068,66078597,129510297,291887622,720057297
9396092,16069143,33643026,66147211,129832625,291803037,658588983
9519632,15998145,33634625,66162650,129991028,303562651,648157121
9516172,16027807,33940641,66088157,129942439,300006512,656817409
9510351,16089262,33624527,66012192,129973983,293039162,637924699
9520855,16095872,33693829,65984227,130208938,292962331,635977194
9895604,16072732,33634601,66139056,130030893,292906080,628150316
9502652,16074492,33595898,66098785,129898294,292822568,635766652
9575186,16070702,33622704,65973087,129842502,292990761,661821967
9547116,16081647,33688649,66010538,129883679,293078377,673429484
9529389,16090567,33633723,66138815,129893572,292946359,667553688
9517748,15952346,33625291,66063313,129996945,292935687,669536832
9517210,16101296,33636648,66131568,129881946,293035405,650362656
9375464,16108056,33650374,66135122,129864694,293130888,680552089
9469469,15951793,33568118,67553765,130057094,293159449,637038107
9501391,16115917,33630376,66177608,129895663,292915529,628316029
9488334,16126501,33908170,66189780,129889914,292849056,635488688
9368964,16137077,33658037,66096165,129858129,292792605,659345574
9435698,16069620,33765112,65977600,129952068,292955197,636499672
9509257,16087880,33608240,66069026,130228392,293270835,650921403
9535371,16003950,33641500,66104923,129999752,297857402,674006781
9522094,16237744,33570173,66053057,129852165,292874292,653230811
9559395,16065471,33589255,66156051,129944962,292878072,636057674
9497610,16118409,33556178,66051866,129898187,292965633,683149020
9611091,16054620,33594228,66033260,129883033,293080929,683784726
9453900,16039958,33649112,66146448,129918431,292967750,677907641
9506248,16008209,33580257,65946092,129859636,293231187,677339472
9557472,16035562,33583887,65973316,129817799,292869477,667010510
9401163,16058307,33558489,65980530,129813362,292953816,677404070
9469876,16121590,33584531,66135540,129916523,292947821,645332369
9491160,16000789,33661879,66174905,129897159,293058149,635997733
9413947,16036391,36573549,66144341,129946230,293091064,668072761
9496040,16125658,33629340,66087193,129964113,293394561,645523379
9493481,15980188,34218465,66038049,129959407,292789567,635252852
9603736,16064733,33657483,66004070,129614321,292890632,643173687
9571024,16076351,33545194,66004732,129674509,292742664,643834612
9439955,16019730,33573272,65923758,129772988,293051453,636075580
9426544,16038804,33694316,66094473,129660662,292999221,636000422
9504394,16061980,33622360,65996044,129691716,293515740,637179466
9544418,16028470,33668798,66049843,129726118,293015812,635118544
9370263,16104350,33600470,65998323,129795726,293118325,620883172
9541766,16059127,33581078,66095897,129187064,293108243,634482187
9559710,16106033,33550007,66076463,129172629,292400500,691292498
9505038,16003191,33511248,66041909,129159928,292583889,635198002
9406729,16056464,33538613,66184896,129284559,292711087,636080162
9466915,16095986,33549508,67022262,129110029,292311994,726411850
10318380,16084154,33609450,65993150,129180222,292425786,636814613
9432569,16118829,33600966,66039134,129259702,292331599,635467809
9444172,16062802,33953244,66066178,129680672,292455236,643175544
9359738,16113843,33577363,66127722,129064647,292321802,635156462
9416056,16097063,33638950,66133453,129152258,292695453,636737935
9304708,16242366,34181906,66214087,129150260,292566685,635175082
9450036,16111374,33627163,66201657,129124712,292412831,636621996
9504523,16033612,33666690,70594526,129122314,292537047,645936396
9465624,16055644,33651245,66145474,129307913,292851904,635320363
9454744,16045982,33600167,66191859,129114779,294170660,635603586
9276136,16073042,33913609,66124633,129216970,293032398,635739929
9434075,16001282,33556725,66123381,129162805,293371953,635452284
9529955,15971103,33648676,66111122,129268944,293474005,699679276
9461235,16066526,33638708,70295203,129102272,293898386,637305521
9436587,16087377,33557346,65931485,129091389,293636366,635464886
9483015,16142111,33648822,66080534,129179278,293433539,635165581
9514889,16109697,33605020,66178760,129231756,293650870,634941228
9347549,16026936,33677143,66199839,129842234,293674380,635500192
9422379,15975441,33532598,66182234,129815296,294543578,638876649
9467645,16002117,37266474,66072177,129662314,293251163,633752430
9355785,16030030,33631676,66244707,129647495,293281609,619955548
9443357,16087923,33528774,66142550,129666479,293526877,637165047
9293360,16016139,33508055,66216636,129659178,293561454,635181545
9498063,16004202,33646981,66129710,129726672,293248948,635233651
9442987,15948718,33655743,66040393,129724572,293144972,634056365
9477292,16210727,33603152,66083128,129667764,293247077,634426657
9450182,16233522,33599024,66040695,129617890,293222317,635121744
9331477,16072417,33613240,66072803,129644362,293298315,634583724
9411418,16064696,33514665,65903375,129671357,293360262,701782393
9344631,16100784,33618078,66017084,129675255,293349285,633725686
9205084,16054256,33617603,66114694,129736171,293225767,634970334
9401054,16103695,33608878,66168979,129159625,293525298,691491217
9423071,16108787,33676207,66076935,129425275,293319619,635556894
9486689,16031446,33626169,66084123,129173297,293120440,663339675
9422516,16072747,33585233,66123132,129125841,293191728,643962739
9479776,19258420,33661906,66035807,129101277,293982994,635920875
9387584,16206945,33548999,66177925,129055539,293449933,635283889
9448128,16065632,33523767,66121753,129064082,293234123,635588848
9449875,16033794,33571081,66085976,129205372,293328529,636446950
9385376,16038589,35811309,66087143,129097881,293144492,657003373
9429317,16071318,33704965,66936816,129095926,293346846,636608708
10802919,16126841,33666382,65639865,129246173,293809412,635752116
9451591,16137194,33675962,66083907,129205855,293443388,636648585
10169718,16085637,33536087,66111996,129117568,293639468,635539958
9631355,16097304,33589148,66148264,128897944,293465237,636526125
9406183,16086580,33568779,66039556,129165516,293220560,635004257
9477785,16116731,33579081,66070321,129255752,293439866,635707673
9440533,16098306,35637948,66127602,129237125,293592340,635340523
9537266,16064912,33655336,66103826,129173708,293865085,636525518
12395644,16106065,33611183,66305178,129173745,295110205,634771701
12111538,16127418,33626647,66107953,129235808,293400961,716770754
10609355,16086826,33697051,66184950,129191681,293378318,653758124
9295065,16023821,33678088,66092615,129776576,293333540,643731725
9415082,16067823,33627096,66100412,129613545,293377361,694651814
9243119,16050368,35312283,66226811,129710425,293438713,635963599
13193010,16097566,33721773,66119143,129633279,293292127,656864124
9476541,16023592,33674856,66212916,129712832,293484870,681566916
9450190,16024098,33636970,66930250,129648719,293599972,658866091
9424384,16140113,33635240,65700531,129794093,293527961,676165470
9408758,16149501,33524585,66917007,129607588,294941911,666406262
10091240,16068635,33624190,66373540,129707612,293551772,639297667
9352581,16092992,33605287,66618376,129649552,293331732,677021950
9416926,16112036,33524038,66420456,129946059,293373556,665844419
9305363,16047154,33520341,66668491,129657870,293318836,653003734
9389132,16044693,33561765,66439029,129599575,293529320,656581720
9227401,16082756,33546100,66416696,129746886,293540896,664929000
9313477,16078198,33610702,66479696,129144280,293808659,660037987
9632369,16159679,33622429,66292649,129165630,293390317,665937430
9427814,16091153,33630417,66681805,129174296,293415990,657952590
9421102,16118738,33586264,66432739,129065502,293824214,657868313
9363489,16071925,33579004,65734625,129204789,294544025,656594103
9432874,16046332,33561339,66147851,129082063,294097185,675594873
9454241,16065210,33631849,66186495,129240375,293712407,667362798
9420357,16112482,33619574,66193321,129201980,293649061,653567913
9514118,16088031,33616434,66184741,129200071,293748020,650714234
9261812,16099107,33527381,66127892,131394181,293400350,658584339
9432754,16067667,33475595,66272447,129248182,293392637,679936121
9492727,16104897,33607165,66118660,129238320,294381917,643908399
9394385,16089902,33566226,66222793,129144321,295762264,634677746
9407662,16048724,33640876,66201911,129098720,296048089,696848055
9415893,16133436,33692616,66253010,129205039,295856886,638346170
9349113,16075612,33644796,66177818,129213936,296524621,634301192
9458492,16075514,33500641,66175255,129149224,296151873,637225182
9184314,16057816,33539683,66175408,129193361,297064720,635044439
9207224,16081714,33533008,66198732,129192305,295754180,640459234
9292026,16097071,33635978,66153261,129120276,298146018,634807994
9379136,16127854,33635370,66136851,129218255,293521416,636530987
9253714,16103694,33630622,66164540,129093808,293177569,635758868
9364866,16074137,33545246,66170687,129153648,293406668,637154411
9192419,16064069,33530962,66132493,129158595,293815162,634871361
9318220,16093383,33505270,66240745,129824719,293620168,637226299
9341641,16120939,33638058,66211387,129162510,293575551,635726114
9261179,15998784,33558555,66215680,129127280,293275865,641549566
9402928,16102684,33940226,71389415,129165094,293320514,636409525
9230340,16151222,33653386,66199508,129197685,304895984,635447356
9313769,16026958,33565985,66041753,129092992,296041859,636435642
9397202,16116956,33538501,66191853,129206852,295880894,636400915
9240047,16026254,33662684,66165705,129116729,295807196,635566207
9281646,16108146,33634987,66230753,129117075,296082689,636082186
9381888,16270848,33550099,66097027,129146812,295956842,644950736
9365632,16258820,33668129,66199690,129217260,295722521,642154900
9242294,16022450,33547700,66200588,129078247,295860658,635146206
9350290,16025458,33595011,66195619,129204635,295700330,634324219
9333651,16032976,33600931,66198644,129191563,296063264,704644728
9478147,16103593,33559195,66130773,129193029,295870408,634289048
9607025,16028573,33588878,66283398,129254574,295937879,635934097
9408351,16112964,33623660,66173682,129256329,295563112,634553263
9425252,16134053,33601240,66366443,129204543,296024094,635711505
9454783,16090439,33467824,66880422,129192279,295886576,634552823
9329297,16105178,33426094,66599648,129201931,296069202,635678591
9471490,16056990,33493471,66381303,129768260,295963611,635117967
9446188,16031346,33589851,66588729,129025627,295880588,697040391
9524002,16068660,33483642,66424040,129006442,295867437,633503383
9499156,16089942,33432408,66684600,129138628,296505163,632561704
9458706,16071966,33619798,66396812,128991224,295089081,632690196
9306318,16099588,33452490,66677004,129218765,294408793,632345426
9406581,16097261,33479681,66565840,128919181,295173441,634349252
9444467,16102545,33508862,66438475,129094169,295704307,632876862
9406646,16039584,33496517,66478584,129020932,295707984,665603129
9409915,16114214,33549568,66504998,129028904,296311123,696045262
9492947,16061905,33578774,66666873,129017062,295852221,633754505
9389726,15987358,33577570,65665621,129756300,295878226,662636611
9407370,16103174,33449636,66190184,129157796,295898256,633121276
9454560,16107983,33521945,66177552,129123413,295780591,642854043
9455073,16118692,33574774,66122036,128980400,295836714,639551628
9416058,16053107,33544022,66162771,129099568,296286062,635942058
9429995,16161012,33571380,66167400,129048021,295920004,635461283
9399240,16094793,33541315,66099518,129055254,295872927,662585103
9431453,16047239,33552026,66159985,129050536,295999230,634331738
9425852,16096106,33552878,66111259,128977224,295742159,635598161
9462043,16077033,33544304,66155068,129044815,295867754,692716533
9340184,16107292,33604488,66153907,129077257,296447412,634841392
9410164,16119145,33581288,66092534,129023417,296249431,635018120
9476677,16105474,33545227,66151273,129092225,295876134,635173400
9374862,16022333,33524703,66510077,128921947,296021866,634597816
9470258,16096043,33539725,66102169,129059308,295912688,655439057
9501614,16116462,33529540,66234671,129729817,295943531,635072839
9456943,16077824,33528262,66156681,128991712,296339956,664055615
9442461,16088420,33583937,66177400,128950825,295787994,691553762
9311367,16046886,33516679,66135039,129085419,295834486,635792041
9405187,16103552,33581547,66196215,128936467,295758104,633480505
9415397,16050591,33682250,66178701,129070496,295927470,635802785
9510579,16112127,33531151,66194222,129019031,296029712,633611364
9461329,16108473,33568160,66122539,129106871,301067379,670399559
9474727,16075488,33593316,66088647,129072594,295737638,634419911
9334541,16113805,33629237,66145672,129530177,295933817,634620641
9361961,16126313,33590664,66153847,129084803,295912166,689423587
9346817,16116734,33499936,65878359,129074018,295825725,635132886
9427403,16137919,33511104,66168108,128963099,294901920,635440339
9441342,16080084,33532111,66076873,129004411,295651958,658153901
9358829,17019748,33658841,66094851,128987352,294997152,659747386
9463544,16102545,33548167,66122599,129140212,295742118,657012970
9503051,16042361,33607088,65854701,129349390,295907207,668566391
9281963,16041734,33559109,66200169,129133228,295769101,643809675
9439866,16075041,33537800,66174339,128959883,295726511,642887626
9429097,16044460,33608541,66198292,129027168,295902201,635534119
9465489,16102823,33497222,66166202,129038475,295969837,645828063
9464276,16119936,33639402,66364846,129039664,296064817,635964621
9439168,16109614,33570951,66085496,128943532,295636266,635437394
9432266,16100460,33625843,66132289,129131003,295804372,636920746
9200374,16116555,33554375,66176168,128935373,295784333,636488425
9350908,16015225,33432025,66813038,129164128,295720403,636269889
9285021,16040296,33525043,66575099,129051485,297282402,643669613
9227680,16085297,33591325,66539556,129082036,295717799,636979880
9268432,16066109,33480332,66502601,128991867,295749693,656108379
9309006,16032775,33604445,66525080,129081585,295873571,651609017
9273391,15998268,33567908,66446681,129057362,296171180,635479886
9363393,16087731,33506931,66457408,129179658,308919612,677780943
9340881,16125863,33507255,66657762,129702768,296031202,635960945
9347078,16106687,33572425,66454103,129182620,298002924,637453986
9270786,16117712,33679796,66474445,129067941,295992739,638621242
9321159,16089247,33962215,66226438,129060987,296347371,635299262
9320567,16114828,33613716,66704655,129204821,296057027,677489711
9311378,16111515,33523820,66231863,129018336,296015052,666998227
9303167,16099147,33563354,66050887,129059357,296011457,669542805
9296006,16053642,33555101,66204619,128967567,295889663,669869327
9404667,16179299,33647611,66081379,129143081,296023805,666195768
9353079,16103869,33641926,66123773,128998270,295791102,669679872
9394989,16112920,33596160,66121347,129106259,295746117,645118713
9289176,16064624,33566910,66132202,129046154,296609688,633921039
9313334,16060544,33636990,66108072,129437427,295850047,633074406
9343794,16099816,33536908,66136418,129412716,295923439,644020581
9350590,16094371,33646576,66072549,129066040,295779276,632181200
9364763,16029673,33629847,66118001,129027837,295788068,686796971
9273816,16123600,33518112,66091517,128995544,295649942,634504035
9366457,16103950,33669787,66038880,129067063,295862443,625552087
9295527,16124369,33569602,66152439,129017389,295773061,634229762
9215270,16131870,33494462,66415798,128936857,295699478,655496901
9195951,16086427,33508648,66196554,129110933,296060098,641204799
9023540,16133144,33567897,66310680,129016561,296029360,630052048
9002633,16115981,33560935,66192378,129149734,294621373,633292759
9061528,16123822,33607860,66347147,129019413,294754876,629885914
9182577,15989689,33562863,66185951,129060854,295662054,648672985
9310231,16071811,33568549,66175546,129054667,295690472,630516702
9285998,16119872,33531122,66139786,129090352,295801886,691272122
9248222,16068111,33534201,66108211,129003410,295742669,631891825
9337630,16069504,33656556,66137311,129159130,295815550,633521210
9270445,16010682,33624469,66156388,129624874,295998727,663452894
9289903,16125193,33660090,66076649,128965097,295755182,632873763
9342738,16119648,33508613,66102146,128976126,295893958,631448956
9305509,16012282,33510024,66141011,129057103,295969566,637303320
9328709,16129578,33554724,66119500,129024933,295747846,631512455
9322017,16024582,33572449,66158513,129225833,295653690,633594388
9266986,16118406,33543478,66228617,128990609,296577752,631916047
9342810,16113143,33670406,66203424,129099777,295826120,633710170
9346474,16064073,33475595,66119282,129037524,295496303,631497931
9346705,16073019,33549096,66129948,129274036,295751005,634101006
9329071,16156330,33516493,66292909,128904340,295687651,632343803
9128233,16016822,33496703,66204684,128947122,295672792,633128065
9291628,16041999,33630312,66052282,128999937,296263998,632086576
9237677,16012465,33665904,66125004,129060899,296067994,725420446
9340865,16047784,33631027,66203976,129008439,295749610,639259283
9279809,16116858,33546466,70099650,129357332,295548596,633470575
9383142,16126355,33701885,66448173,129454159,295809641,633162727
9344148,16008661,33633008,66505101,129072707,295767591,634693993
9306262,16116537,33528123,66439248,128940551,296255858,633093167
9211345,16058021,33576200,66402164,129036926,294463870,633766405
9145811,16098508,33507037,66491070,128999863,295845365,633574695
9313215,16030357,33566916,66518040,129095418,296002955,634805484
9398918,16028235,33515704,66552537,129095643,296065269,637279792
9208479,16126111,33631817,66528571,129047748,299986440,634467063
9268355,16096167,33614766,66493720,129005780,294203120,633613624
9367075,16141025,33523534,66432816,129066712,293859111,634676557
9299426,16111995,33534670,65568189,129016157,293600764,639148955
9335626,16104239,33501611,66089208,129079988,293647282,632872316
9380017,16114214,33468889,66147599,128953760,293779322,631989932
9355951,16020573,33816861,66079580,129074435,293612643,693469566
9356796,16097942,33532617,66045319,129143190,294031689,633967829
9284215,15986008,33538762,66015540,129519304,293553553,634458723
9396888,16090357,33623804,66054883,128988399,293371366,696720435
9181525,16111193,33987206,66089004,128984104,293553584,634778618
9341569,16091554,33568997,66129953,128902540,293590262,633651360
9314197,16064295,33513212,66034870,129073552,293500725,636273231
9111218,16027879,33545588,66014840,128992193,294172580,633956858
9294502,16112388,33581700,65939454,129068479,306093189,634077532
9405394,15994106,33693450,66117800,129118401,293863923,641073854
9352047,16030132,33638903,66059562,129238781,302289070,634465578
9293544,16104499,33604139,66107524,129107637,293764812,634250559
9338895,16124051,33599202,66178401,129048228,293826395,635022701
9262436,16129279,33544786,66006049,129082834,294611123,633721137
9337545,16108603,33503591,66166871,129106516,293683929,643303255
9384472,16095423,33682308,66037768,128939003,293697987,634468051
9384792,16013905,33549690,66116521,129069761,293680951,635321781
9166675,16021772,33651669,66118697,129349532,293596274,634378713
9289759,16034896,33582716,65968660,129416284,293578605,639089654
9298362,16035489,33571811,65982279,128964960,293639718,633090297
9360612,16062600,33669428,66072219,129030061,293428989,634556900
9388530,16083456,33537866,65828516,128961385,293811165,633569080
9336270,16063681,33753861,66083468,129022397,293874380,634667534
9341661,16103718,33547236,65995011,129110875,293595116,665210277
9339047,16085338,33615957,66020729,129077025,293637341,663972673
9193908,16098600,33606914,66013029,129036341,293921828,645844044
9198425,16308209,33563064,66080184,129104857,293426429,663805715
9151177,16045324,33535579,66057312,129075595,293513522,659131126
9631541,16036816,33555806,66117668,129026711,293509559,636371587
9602528,16854111,33497571,66076667,129035876,293660229,629350400
9546000,16088843,33941169,66056559,129102688,295522573,628996388
9393060,16139534,33565917,66080548,129069071,294434563,628448015
9518763,16049811,33444570,66038265,129167194,293885715,631365203
9550875,16147785,33541523,66079332,129101482,293730631,628382795
9903725,16073716,33549361,66123953,129467190,293780051,627459036
10378322,16100929,33558659,66105667,129313967,293981121,627846775
9351853,16035471,33918741,66264492,129182284,293862848,628624544
9595971,21034806,33664500,66875061,129029370,294118497,627407398
9502239,16064487,33592970,66536658,128995657,293886709,628163501
9839097,16139013,33617963,66428819,129102130,293907355,629199844
9432566,16059542,33517777,66583887,129135962,293737039,628116848
9562730,19097317,33617203,66455048,129095207,293770235,629498978
9480720,16684287,33601238,66522133,129167789,294042219,627904358
9527063,16079122,33568602,66540965,129167940,294172725,629104261
9559063,16070366,33553697,66445374,129037168,293984790,627827387
12017976,16022783,33523898,66434780,129007441,293694186,646776329
9554903,16078490,33530142,66784295,129159504,293878361,644465143
9546463,16102978,33557497,66475202,129088306,293754594,629670829
9586621,16027696,33616637,66460523,129299894,294135072,625225982
9546799,16055997,33627586,66523683,129373129,293770475,626800484
9582784,16145911,33696457,65531589,129101648,294142937,625684737
10050248,16077493,33568463,66115375,129011487,293734254,629304829
19639615,16161969,33774098,66087699,129056771,293861358,625495946
9468523,16056068,33531237,66128830,129104502,293714399,627933132
9507326,15969916,33878570,66024299,129085116,293722856,625566174
9585822,16031928,33544606,66149376,129105276,293733374,628102644
18009365,16075222,33831197,66073245,129218184,293767832,624962772
9514436,16093685,33601173,66075949,129068398,293579456,626766892
9632238,20071190,33567973,65951968,129138059,293580770,625729953
9595831,16419994,33591667,66047912,129018538,294194588,627809760
9480564,16102565,33535420,66156330,128990351,293682767,691246898
9541350,16155170,33798670,66045332,129193624,293950273,626986937
10586857,16241576,33774825,66084961,129235174,293731535,626105722
9484723,16184770,33652010,66020415,129969855,293701849,700911687
9482649,16138532,33521053,66066166,129371890,293878390,627371703
9825931,16128640,33577741,66090584,129156894,294009617,657919577
9523457,16127130,33566561,66039182,129099241,294027331,668142488
9406937,16042584,33636682,66189463,129145652,294229891,632709186
9584344,16111752,33531542,66139422,129316591,294014905,632019113
9430574,16131123,33544794,66086461,129123672,294016580,633913979
9526126,16292093,33520767,66139915,129337056,294001679,632918316
15452267,16310620,33592525,66012767,129323667,294323345,632719941
9561841,16097823,33544254,66100536,129237055,294215861,631468209
9528589,16096056,33536683,66030660,129201565,294371829,633097877
9550227,16044140,33599012,66008315,129354077,293751988,631320383
9760148,16178177,33682578,66104365,129175016,293961648,632667881
9374771,19445908,33595837,66047843,129140841,293547569,631853884
9468579,16503185,33508044,66154112,129183799,293773924,632672714
10313863,16122820,33548566,66063112,129707909,294066977,631270326
9269680,16071216,33503582,66049925,130781353,294321776,632332126
9439783,16138454,33575730,65986254,129031953,294101999,632308091
9364621,16145738,33498239,66036001,129222102,293984426,658950109
17840367,16137900,33628370,66011552,129213425,294024502,635961631
9526813,16218059,33484577,66035089,129096287,295506437,635283265
9525333,16178977,33536686,66110128,129224437,295072995,661363688
9572318,16093360,33529971,66097668,129179451,296417497,638048517
9561548,16140990,33594926,66011377,129310177,300238647,632099708
9591063,16095187,33649809,66079986,129191461,295142363,635624531
44126483,16149546,33601716,66046346,129411958,295868464,633383972
27445335,16307484,33654768,66880164,129179235,295173464,634972992
11295087,16122109,33548317,66448074,129308546,296060470,632492980
13635653,16132305,33468099,66637885,129139968,300496981,635681686
10869681,16121110,33563798,66512601,129358614,295905654,690078506
9382363,16196405,33639868,66583048,129245079,295810971,635129184
9662785,16089506,33512900,66407058,129651354,295917283,632709464
10499618,16058986,33532556,66503388,129246112,295755993,724486421
16375008,16145817,33539559,66602902,129315109,294495614,641327563
11416795,16082890,33470842,66490961,129141128,295435145,634584392
9461338,16125992,33450404,66680888,129321929,295527127,635749048
9394657,16737871,33543171,66463726,129192912,294762862,634628129
9497990,16111568,33666829,66644610,129204160,295671256,633364854
9450405,16125519,33612057,65609291,129180605,294876129,642003415
9455500,16167420,33704844,66114429,129349764,294668192,634605742
9463296,16164112,33521208,66046969,129257471,296364450,633920664
9465925,16047405,33483828,66048879,129406189,295881577,633466938
9545764,16073192,33566682,66113302,129130347,295938232,634735497
9518044,16047786,33646177,66093428,129224306,295786042,633877362
9482687,16067393,33553362,66098567,129236085,295925036,634080080
9562029,16053934,33609336,66064888,129201265,299945471,689816283
9504777,16084046,33617751,66098424,129297906,296231093,634744764
9477573,16174463,33577066,66085184,130336771,295869937,633769426
9538293,16119137,33583217,66076005,129223557,295945162,692843321
9499500,16039881,33611794,66003375,129245201,295709037,633228658
9520826,16059050,33637015,66112369,129173595,294847766,634911246
9493528,16108797,33696472,66044267,129258279,295913785,639944115
9567312,16243503,33732223,65935493,129195160,296301168,634194194
9523069,16298038,33553307,66072051,129349170,296021401,634269525
9498925,16028669,33540288,66123529,129258115,295851815,634751377
9416261,16141299,33600236,66054472,129084132,295868956,634500159
9453381,16032420,33570392,66107668,129364893,294561272,635332064
9344513,16104997,33543806,66069842,129267248,295744561,637802603
9467488,16116808,33502122,66013967,129080372,300029361,634356376
13855848,16130348,33580513,66095299,129316164,295600720,633533952
9354267,16378876,33582111,66199955,129257080,295653447,653623666
9448163,17809026,33545997,66054823,128983092,295749521,643691464
9462817,16077188,33528589,66112332,129793321,295666328,645025431
9408422,16107459,33640360,66058307,129323324,295767989,644668699
9514423,16036261,33638465,66141605,129214950,296033900,634452290
9486054,16144185,33630309,66051660,129351199,295602479,625552721
9485479,16192272,33544436,66103355,129182895,296018434,635977681
9506667,16134523,33594309,66206961,129326661,295739341,630223639
9458888,16104320,33604682,66176854,128926995,295772584,682029836
9564167,16043991,33707405,66114640,129308001,295527793,655169587
12189905,16077287,33514117,66098045,129177675,296329462,655496826
9851336,16027718,33625259,66026359,129207327,298652715,666249897
14231051,16078579,33535756,66221587,129235377,295782811,662168006
9604532,16110828,33549907,66086291,129730295,295989160,658940390
9359742,16140559,33564196,66052932,129027276,295951417,656625513
9572187,16068269,33563613,66102431,129339579,295879884,738570454
9514667,16002452,33626269,66068374,129179959,296386763,669980506
9621425,16029774,33978020,66045632,129226270,295664501,656076073
10677200,16030291,33698398,66853918,129760476,294749106,665229578
9511349,16064417,33555480,66453437,128623110,295756299,645501960
11132133,16088258,33480423,66488088,128829670,295739836,644733926
11260957,16083244,33615064,66449736,128943285,295996160,637806509
9226291,16026790,33680751,66531046,128891699,295810849,660499268
9224269,16116879,33525888,66553835,128942132,295800068,662366761
9517329,16079638,33729447,66671962,128826866,295895835,642626709
9393549,16019536,33639680,66504919,129031697,296232903,645638343
9872066,16062348,33592318,66558055,128956946,295717363,632003565
9556836,16126569,33710294,66527684,128898044,295947626,633435777
9532146,16100565,33589584,66413225,129438037,296142225,614506750
9621609,16135141,33626082,66493202,129514472,296013820,609556290
9394752,16116793,33997468,65643212,130129736,296020710,608494550
9326171,16162647,33697384,66057165,129699431,295953305,610888458
9451718,16159443,33601617,66009542,129632390,295863856,605285011
10282976,16139673,33753646,66102783,129598160,294870936,606514841
9408428,16096088,33560255,66022687,129501025,295913216,626841618
9473057,16096704,33648066,66160488,129673403,295593248,608248726
9477734,16138079,33564890,66053930,129555749,295727792,603428669
9386073,16032552,33666948,66090551,129774247,295661743,629836333
9376233,16049770,33528339,66045757,129659378,295842581,604624227
9424360,16097232,33576765,65979398,129662152,295827914,606807532
12100288,16136753,33571463,66040896,129614175,294834272,606104932
9716822,16049434,33597619,66078129,129131285,294237164,606392587
12069806,16060113,33719026,66076011,129158998,295779379,606117449
9826611,16135335,33624559,65986684,129184963,295772977,606348248
10690508,16119683,33753103,66174817,129057891,295877105,606155640
13494260,16043979,33544112,66046203,129102032,295742525,615545638
9878563,16143285,33591183,66064622,129428759,295310693,606352535
9593200,16098750,33660565,66104372,129440662,294887623,606554249
9492306,16094269,33604808,66125588,129136933,295024001,617413980
9559901,16129465,33668149,66040949,129518168,295759163,606155521
9953060,16095835,33515802,66017135,128789987,295730313,606085693
9743219,16048289,33596946,66097106,129033900,295630382,631888231
9432611,16006962,33558299,66084237,128997335,296060084,605904443
13070058,16015209,33513935,66083060,129086805,296023489,615024325
13348750,16066633,33563807,66009699,129008341,300756472,606154122
9364113,16112483,33519910,66003541,129023251,295824780,606591118
9494024,16176787,33639822,66057280,128910343,296012197,639465971
9427400,16086365,33710792,66053445,129280436,295879416,606743557
9335470,16157347,33592721,65984551,128989472,295976371,606673599
9530255,16079068,33605347,66125189,129134107,295892430,666937176
16173934,16145758,33546196,66164821,129033403,295699387,607228971
10898713,16072993,33662502,66032057,130069312,295880102,606981581
9406279,16127047,33717394,66147897,129290441,295893066,607229689
9490289,16066934,33540749,65900025,129434165,296124568,606668510
9360102,16096976,33516216,66170244,129240764,299278409,616325060
12714260,16088499,33629704,66469208,129485459,295872499,606344924
9455443,16050952,33487956,66071667,129304961,295660960,607263632
9495638,16167464,33540702,66056709,129795537,295886195,606677778
10782400,16084834,33631152,66033223,129265008,294932718,607404041
9299174,16148724,33545074,66036007,129481575,294339820,606812254
10106546,16133416,33637326,65955310,129344367,296045980,607389761
9680378,16154119,33561823,65991743,129465480,296070688,606771057
15155705,16067466,33559879,66021280,129215248,295984966,607391622
14969442,16075823,33534193,66096211,129405227,295923737,606739472
9419940,16133152,33647354,65953239,128802434,295733547,607243146
12394834,16120545,33571830,66012149,128769450,295720453,628798294
9637800,16129852,33573070,66024745,128882798,295725816,608335534
15357979,16048683,33539256,66026002,130168126,297103328,608175898
13463613,16122606,33537650,66028626,128789094,295720532,668249114
9376920,16109600,33515964,66088209,128978054,295976469,608789877
9430154,16128628,33525845,66111427,128779387,295855971,608961178
9495445,16102899,33570902,66022220,128927255,295702574,663135945
9735195,16115229,33963545,66038417,128773804,295583600,608548310
9467951,16122284,33696700,66022832,128933644,296327931,609009084
9242841,16108208,33608985,65996558,128793155,295547928,608995374
11199714,16116224,33630001,65966713,128981819,294602764,608753259
10349996,16039096,33550095,66005050,128828714,294810312,610443072
9363997,16156844,33515878,66037083,128784670,295678819,608579349
9417532,16189539,33546367,65977011,128546504,295728259,608774519
15941929,16146493,33468880,66058356,128789475,295863702,619533154
9008644,16097874,33651455,65964121,128819404,295762003,608881130
10595696,16093903,33576482,66205489,128940905,295701044,608748771
9865880,16107654,33920407,66112547,128884084,294794286,608966455
9157113,16158276,33663870,66008820,129536954,295840084,615859467
9222309,16127673,33515146,66308334,128896780,294722203,608751212
9776526,16188710,33581457,66049365,128591519,295722650,606573320
9450726,16143813,33559768,67997090,129434380,294689475,609420755
9384494,16179767,33619983,66083786,129382882,295817895,609383365
9234549,16115899,33574928,66043729,129310825,295783438,610085442
8939710,16139345,33616071,66098936,129482926,295707410,609054638
9090036,16158374,33605025,65965782,129288980,295610475,674629284
9123684,16145471,33638550,66076864,129475834,295702849,617818424
9121791,16097361,33535993,66026978,129407384,296120201,611636526
9346836,16144972,33625867,66038128,129374299,295801173,610820000
9559355,16097972,33571624,70591280,129268995,295890711,611371919
9424878,16128228,33541769,66119278,129574372,295955448,613779703
9482338,16115849,33585215,66041741,129506757,296090911,625822507
9808624,16079660,33719601,66029288,129450823,295707828,614755389
9448953,16024953,33528992,66031493,128895956,297246934,638045334
10885684,16054377,33652163,66086112,129624071,295630856,632829106
9024332,16067618,33513954,66112007,128774707,294495343,635306813
9331672,16022527,33547091,66025880,128937319,294974785,633622262
9715503,16074409,33540802,66038104,128864524,295297530,633192861
9540060,16129329,33553862,66056607,129009405,295800910,633389671
9477855,15975448,33570560,66055130,128954482,295901955,632345473
9307362,15991790,33670628,66093496,128688645,294948287,640367380
9397056,15993463,33592953,66011348,128811234,294887047,629924393
9365314,16001988,33565948,66130646,128875479,295093678,646226802
9243778,16087759,33579468,66104120,128937239,294201533,625850142
