SHIR FPGA 4096,SHIR FPGA 8192,SHIR FPGA 16384,SHIR FPGA 32768
4493232122,4162271489,4642448085,3786823757
9395672,18174816,34233852,64859877
8208467,16128956,34260655,63698645
8111182,16164431,34013391,63579952
8178649,16112479,33921207,63361179
8246810,16094127,34087314,63478729
8142981,16065638,34126865,63565361
8190020,16083879,34183824,63652532
8206779,16135729,34195442,65897402
8172130,16052430,34068314,63558578
8186963,16085141,33928691,65637194
8219423,16003000,34531193,63462302
35342567,15895078,33811831,70700025
12325429,16072501,34231230,63600927
8301244,16033735,34196746,68986203
8247276,24812410,34013882,63830036
11559248,15919668,34080111,63716379
8299972,15886617,34068869,63529510
8301136,15860889,33761848,63736625
8176011,15845654,33950047,63377640
8145701,15803735,34112140,63704538
8026690,16051890,33966271,63927289
7936850,15965413,34203898,63406572
7900546,15812670,34110111,63739733
8077895,15852477,34113584,65379992
8128292,15935596,34078213,66615840
8009799,15790179,33960354,64638246
7987001,15896576,33908992,64979030
7985467,15850567,33909534,63444857
8047101,15872382,33993575,63857487
8222707,15911894,33952445,66532579
8124668,27826855,34112170,63763629
8532827,16043875,33922186,65084324
8982647,15869873,33829358,64653828
7996269,16007231,34097107,74705376
8058392,15854666,34112014,65339917
8218418,15977105,33958149,64894417
8112026,15937090,33922244,63803827
8034330,15991092,33993469,64196988
7996801,16040738,33657961,63683947
8003151,20950049,34110338,63952099
7957534,16036159,33964897,63127535
8211500,18870464,34191312,64545385
8145379,16013458,34079510,63751726
8065933,16068925,34079152,63523509
7944150,16028007,33958899,70730286
8028399,15987447,34072608,63682044
8151842,15911845,34031876,63702140
9275916,16022764,58126244,63823670
8252224,15948601,34074875,72310797
8076220,15990800,34060390,64847566
8156803,16248063,34124001,64095377
8079438,15889104,34196863,64979716
9255057,15926331,34124318,65606477
8059749,15933034,34426087,64092799
8347371,15958673,34287062,63234799
11390834,15849315,34221991,63411846
8062333,15897003,34260310,64758964
9748586,15937188,34480773,65172662
8053415,15980129,34231723,63858315
8223171,15959661,34649535,65481808
8270374,16001586,37861928,63101493
8166980,15952542,34345943,63557263
8072182,15997383,34159984,63480938
8130429,15854198,34034233,63575379
26418976,15996491,51020392,63711142
10256698,15993674,33831609,63612022
8232374,15994682,34262021,63024341
8213017,16014797,34013664,63631174
12104958,16065782,34219067,63697601
8315704,15923180,43715584,64733996
9962925,15985257,34650477,64011070
8182827,15934348,34566583,65311376
8284744,15990020,34368179,64073144
8268330,15924510,34761922,66676487
8146905,15833198,34415695,63617381
8085052,15833491,34276701,63289112
8078027,15983846,34071615,63232941
8127036,15958383,34422599,63724296
8181537,15919996,34251051,63141961
8265330,15972152,34085603,63308002
8220588,16042661,34310477,63326055
8155212,16008768,34565074,63527756
8073345,15887351,34136677,64676581
8643891,15909434,34352266,65650399
8147142,15831040,34456239,64411436
8218602,15934509,34384465,65196214
8220179,15845320,34523227,65426882
8379794,15941558,34267841,64874269
8621955,16384266,34378701,65001787
8137932,15916917,34363131,63899417
8890177,15766687,34422288,63513646
8209164,15951971,39085255,63419229
8146141,16013606,34449346,63323759
8063269,18302389,34305144,63857348
11160975,16247944,34307507,67322755
9547313,16124123,34049351,65472056
7990318,16198415,34194834,64267082
8293998,23194104,34261785,63385083
8193337,16224622,34340918,66496630
8090946,16115818,34353894,64624213
8054865,17321514,34959658,63432024
8441236,16185491,34381691,63289145
8271668,16274393,34431671,63504579
8103251,17106796,42031961,63844767
8398193,16134597,34447164,63272831
8126946,16102897,34290816,63526960
8086302,15977055,35304024,64002188
8103702,16037366,34212602,63612568
8141990,16065964,39737826,63520111
8184249,34853604,34675398,65526762
8305273,16151061,34739557,64565777
8201357,16082635,34418320,63803521
8179756,16109845,34333863,63906490
8122669,25289913,33932316,63796353
8118715,16085115,34472027,63891593
8055143,15992473,40145649,63872996
8160645,15944189,42389191,63752060
8148007,15955148,34216633,63743765
7989049,15986717,34385745,63837289
7915095,15891040,34440330,63522075
8120035,15879902,34329331,63425360
8028502,15972499,33950693,63493044
8173414,16160883,37933680,63304025
8046326,16123678,37998460,63326344
7968752,16149216,34444532,64873284
8632755,16193816,34297608,71833955
7964899,16383110,37712793,63609431
7997961,16310118,34170595,63672964
8204442,16265994,34304738,66665322
9020754,16277438,34127830,63411639
8646369,16604089,34436902,63334952
11718213,16232500,34291205,64595621
7935506,16045456,34305587,63421830
8108675,15961308,35642783,63510769
8269994,15948730,34374985,63367826
8185713,15964607,38387712,63391022
8113302,16171640,34285751,63401657
8083066,16117364,34394158,63538995
10694428,16273764,34632362,65503187
7928803,16327373,34339660,64526396
8316271,16159356,34130109,65182983
8239871,16187158,35632589,75923992
8156273,16193527,34405003,66347197
8073573,16197479,34337145,64525595
7960422,20627218,64620032,65360536
7847160,16902393,34222169,64766715
7888200,16126735,34307228,63279727
8085534,16042791,34330571,63392655
8180909,16062950,39956129,63236981
8164970,16152258,50650661,63697395
8041063,16259376,34401765,64965440
11870026,16223316,34244714,63601863
12805832,16279279,34370395,63322686
8194935,16280357,34206157,65510593
8096114,16196623,51896616,64469718
8042484,16199087,34385104,63283332
8013607,16343852,34369685,63384027
8011106,16364746,34367040,63407410
8023971,16162995,34184214,65515452
8064100,16141049,34224452,65161703
8200656,16033309,34907698,63195724
8038098,16165415,34223656,63356185
7983796,16182088,34320696,63118086
7954127,16099060,34148112,65311014
9147220,16510998,39001392,65256402
8062930,16002382,39210621,64595904
8155498,16146691,34183148,63216428
8150791,16023890,41661145,63333270
7969451,16038738,34390344,63232047
7936030,16161482,34276706,65607748
8085298,16127045,64054827,66067300
8225833,16013164,34256568,64285189
8146848,16077166,37969105,65244439
8089238,16027431,34134957,64801411
8042469,16457372,34229186,69654071
8613647,16618888,34245764,66313332
7903517,16344259,55645466,64600416
7826790,16317168,44498939,63387765
8077521,16239689,34348840,63049174
8087164,16280118,34251031,65447777
8027838,16342573,34242355,64715558
10470856,16245207,34275453,63345647
11561342,16057532,34338531,65343676
8237733,16039576,34220485,64277786
8765710,16052416,34198028,62926577
8074771,16015659,34149912,63002462
7986458,16030884,34111813,63071531
7953848,16130878,34234845,64158586
7871289,16015586,34749729,63052686
8142970,16081367,34067936,63460893
8333135,16047334,34128948,63468585
8134421,16047545,34134355,63112572
43555937,16086837,34359240,63149086
8032642,16009805,34143375,63024238
8144689,16080249,34177359,64904725
8109822,16151435,34168820,65773653
8211659,16092353,42607654,66131199
8050643,28854970,34251639,66200013
7996359,16015969,34203926,64534218
8045471,16127748,34350897,66585747
8221541,16125385,34159857,66992149
8256801,16188890,34224977,64821248
8227301,16141551,34239329,63277234
8236717,16178301,34070204,63321273
8119512,16207332,34159513,65837942
13134553,16123679,34022762,65431294
12797627,16137470,34960752,65196075
8261540,16164305,35149813,66628871
8212077,16148353,34818184,65004105
16480434,16074861,34730879,65212617
8179650,16122748,34332767,64478147
12016052,16190893,33982130,63544283
8064594,16191563,34207995,64911775
8206583,16071175,34500008,64560314
8684072,15999151,34229450,63620040
8345361,16139519,34429480,63693514
8226806,19103408,35448516,64847560
8129377,16119134,42239027,65354670
8142281,16141083,33925890,64607435
8275802,15918479,34139629,63558221
7993940,16109372,58379939,63674584
8298837,16140935,57592140,63642351
8279239,15988936,44681497,63556205
40491199,16171925,36899581,63585887
8422977,21933314,33671457,65015802
14261260,16035148,34130029,64898595
8437849,15943691,34111504,64977657
8514689,16041480,47211088,67319840
8494960,16124551,37590272,63753802
8567569,16166957,37090983,64847474
8514951,16700464,33991631,63896688
9929366,16125847,34167247,63438843
8298654,16182439,34211454,66541578
8394814,16146749,34397860,63221655
8353939,16067743,39601311,63394418
8507486,16085019,33880185,63609740
23003779,16027399,34018047,63565620
8474870,16066224,34170340,63588109
8401524,39025600,33945534,63694704
8431063,16166399,36909911,63602107
8334431,16084664,34106509,63838986
14257480,16016904,34189947,64030274
8396477,16039578,34061595,63968301
8244317,15964392,34079260,65198167
8291778,16098343,34960272,65970134
8550481,16106849,34343972,65081427
8548831,16097309,34357103,70449207
14994121,16103843,38032268,63742680
8153961,15986247,34266753,67438525
8038424,16078715,34114696,66165226
7981921,16592105,34184121,63418307
7919841,16020681,34377729,63635659
8257741,15972657,33877496,65578887
8305672,16244228,33960300,66267350
8201209,15948954,33954622,64673596
8064687,36443888,39378822,65044428
8094634,16262504,34150073,64401060
8069889,16249907,47512835,70464195
8331278,16969417,33871258,65490625
8232108,16144562,33930273,63379483
8041778,16045568,33985679,64501884
8099633,16331074,34180589,64347072
8454878,17964322,34567192,64712094
8200331,16106906,33881770,62836171
8263796,16147730,34683838,62907798
8247468,16134566,34309171,62841642
8372305,16129605,34006084,62840041
8246588,16120776,34297773,70628496
8206728,16115424,33816786,64484989
12561549,16131445,34056101,64801910
11911421,16122294,33867259,66217977
8205615,16080508,33878832,72719366
8128643,16071111,35071147,64855542
8154301,16136538,33925398,66771293
8037411,16238163,33852198,65039862
8106672,18406194,33723655,64556694
8053732,16143833,33787076,64942471
8202108,16118860,33791367,64317346
8218319,16138002,33954216,75422339
8144458,16249503,33923497,65490466
8133234,16030015,33863620,72291636
8116656,21747151,33848730,70693655
8094872,16710213,33853787,62553705
8112825,16161667,33916085,62691570
8131927,16141296,33692171,62697430
9583301,16125949,33778099,62706752
8601405,16136710,35009561,62591087
8221448,16656029,33935452,64444120
8034486,16341127,33416114,63964703
8253233,16221322,33688007,62590486
8170614,16137785,33727583,62629605
8008136,16209887,33869393,64574792
7964592,16122091,33885490,63840881
7984716,16267629,33562449,62690522
8002134,16083591,33953691,65630736
8247262,16156308,34322978,64364567
8051514,16173037,33748793,66766077
8053912,16203882,33767643,66781606
8070989,16086271,33778821,65268596
7937940,16031197,33835330,66694238
8758331,16028538,33881336,63878142
8005872,15960367,33858847,62661829
8280556,15957342,33859955,70515919
8218440,23979982,33733907,68799895
8150085,16033571,33768980,65577405
8091641,16155392,33739169,66064555
8036975,16120233,33795533,70142163
8008931,16155408,33911798,67189785
8041106,16129080,33688261,67235273
8029079,16071818,33774865,62579499
7925692,16072241,33857567,63040798
7872395,16109568,33924663,65841079
7793394,16214470,33766948,66471928
7828409,16194274,37079175,64393403
7899055,16446509,33883620,85818389
8110487,16151861,33728058,84400916
7999835,18426049,33747839,62402930
7929695,16151382,33751766,62449733
7901786,16166373,33757711,67432078
7877893,16189232,33775312,67624524
8196636,16161719,33851331,65226003
8130627,16057292,33646019,64225569
18586138,16148730,33774117,62602555
16434736,16142933,33917814,63481374
8419325,16135675,33779999,62808269
8334713,17076289,33766542,62336083
8445626,16205773,33730549,62576044
8410565,16065439,33747544,62710918
8388215,16081246,33798791,62658232
8395798,16023331,33896010,62956585
8402793,16134852,33677780,62709289
8390880,16153144,33941532,62726167
12389807,16081239,33870701,62762819
25732421,16080027,33865583,62850611
8188727,16067111,33730131,74888787
8420604,16140677,33926238,62897902
8319761,16083306,33734953,65024970
8224732,15994475,33679891,62852916
8220071,16061410,33919502,62722829
8143655,16152328,33720601,62775829
8122876,16127876,33793121,62602351
8130099,15949045,34238717,64759781
8120459,16095136,34340308,65785692
8051587,16221015,33918421,66367250
8027981,16071805,34172338,66100306
8323933,16030825,33989590,65914750
8198066,16068673,33892387,65930332
8164493,16175085,33947267,65687528
8075587,16205619,33837424,65820606
8097573,17489920,35047761,66215801
8061559,16107912,34029007,65855855
8094970,16116695,33955616,66147249
16042164,16108924,33891824,69140526
8204685,16093440,34039068,66251871
8209497,16096520,34013963,65953787
10703081,18120697,38514892,67921264
8078594,16144729,33899163,66205330
8436410,16046487,34180368,65753042
8374073,16161428,34023820,65677658
8153349,16104352,33982903,81820159
8083126,16157056,33903554,65913380
8212927,16095740,62120839,68379946
8114557,16041019,33900073,65750585
8089020,16026345,34184021,65575863
8212246,16116079,46182545,74318245
8253505,15920122,33843307,76685881
8208463,16114837,34235975,65695625
8070193,23747217,34259622,65819579
8358308,15993807,34313188,65690179
8323878,15935616,34194678,65861097
8219913,33836128,34564832,65994006
8766463,16062531,34553349,66180226
8107146,15994451,34754839,65856562
8051787,19685744,34347075,65906969
8074681,16008330,36756663,65796213
8136058,16219580,34365380,66352624
8241995,16160256,34212729,65731563
8165892,16116682,35457586,77418597
25355954,16077855,34003500,67049234
8053327,16594902,34521249,66419996
8012881,34550310,34120206,66740695
8003489,16174038,34523862,66560233
8274650,16052566,41878192,66474007
8225435,15920209,34506082,66637392
8227561,16140012,34403275,66422684
8092286,16040952,34156666,66802379
7990103,16076416,34158809,66753145
8088705,15964443,34090946,66700205
8118197,15926749,34204300,70981692
8279299,16192467,34173524,66897094
8234340,16162383,35001623,66908335
12188478,16173025,34690325,66458402
8281096,38555399,34142079,67003236
8247168,15967367,34108909,69735927
8075190,16043739,34205469,66933149
8100919,16045252,34172863,66840522
8184881,15907026,34243044,66900539
8052899,15953063,34222479,66728387
7904503,35116234,34187493,67114199
7907227,16037030,34196858,66975808
8191522,16149296,34047475,67022436
8026129,16066995,34124657,67029416
7959394,15995802,34286184,69323950
7909080,16836314,34472608,66583692
7983059,16049300,34120717,67095683
8640385,16003141,34196609,66928894
7953209,16112175,34219432,66506533
8276541,18350952,39547910,66586990
8217799,16051217,34238191,71152999
8086107,16123614,34347975,72108478
9752817,16117914,34197205,66722339
7984876,16193132,34428698,66774388
11071513,24558393,34205947,70569509
8250113,16025825,42317763,66752785
8394294,15927383,34008596,65969610
12944319,15999854,34204412,66457640
21790124,16108180,34006179,66462794
8181112,22178833,34228164,66412007
11231200,16039348,34227506,66392282
8323062,16049968,37976708,66554547
8204590,16006624,34200354,66446504
8116308,16121343,34201863,68160155
8033610,16091630,35804751,66108643
7963251,16078221,40056348,66046718
7883269,16092888,34242293,66085942
7981939,16113282,34611601,66086498
8165463,16235892,36297433,67223679
8146837,16117793,35980897,66103309
7988676,16123333,34044757,65918517
7934558,37444290,33978526,65975458
7891651,16036388,34111562,66096375
8104085,15978667,33992336,65993593
8060557,16046540,34204226,66217014
8017062,16107583,34127612,66025044
7829800,16154164,34989464,66055573
7858659,16118307,34137519,65869989
8180825,16249517,34116693,66010082
7861693,16034964,33947749,66946781
8198522,15927159,34262239,66171835
8029834,16035868,33960838,66019425
7926819,16043354,35207936,65787485
7890442,16004879,34033416,66093094
7902253,15978122,34133972,66315947
7905902,15976641,34203338,66143336
8179315,16279581,34142252,91777544
8113274,16164731,34204603,66047961
8034677,16152492,34176299,71159993
7968285,16079684,34160538,66535745
7975810,16005996,34263445,66333477
7999906,16426610,36076029,66157267
8204782,16255229,34231442,66124161
8050426,16001837,34161298,69587371
7979015,16051727,34310882,66144415
7923757,16001917,34291584,66047735
7860502,16102712,34069068,66195912
7869379,16033137,34272204,66008540
7928296,16046307,34234107,66126729
8250306,15948042,34235638,65790373
8389499,15978370,34351886,65745162
9235739,16049561,33994581,73146181
8201229,16066374,34238101,66223973
8045304,16154419,34199340,66395869
8095706,16123737,34190981,66280582
8106613,16141254,33935250,66049457
8003033,16063856,34158813,66379058
7909050,16123725,33947778,97067992
7849054,16126580,33861460,102460265
7790942,16147236,34076938,66052748
7773793,16153093,34126874,66278873
8003246,16134115,33870122,66122299
8166727,16022976,34235608,66277120
8099120,16165944,34230640,66208036
8061230,15980358,34147998,66004462
7985156,19293913,34200848,66260054
8414565,16052825,34227287,66179758
8112827,15964509,33939725,67126106
8242037,16030427,34174540,66216404
8110706,16003397,34153816,66316299
8641683,16110316,34235670,66202523
8059452,19520900,34232505,66185468
8074363,17904640,34280445,66285300
8292603,16015855,35455897,66232642
10382747,16820494,34122225,66205902
8196400,16133714,34119872,66222272
8109951,16069105,34101347,66461971
8051862,16206723,34181555,66246476
8042149,16136603,34086716,66335278
7944942,16114233,34128886,66206281
17426815,16093703,34168308,66272522
9483213,16032597,33991527,66271050
15411170,16104788,33902825,66709761
8103384,16117119,33859954,72769960
8181407,16860843,33975689,66127693
8419882,16177434,34458846,73642345
9272795,27602731,34425193,90972839
8036989,16209778,33753910,81983799
8023388,16166440,34498325,71087171
8324591,16197712,34419419,73298053
7996743,16166829,34300286,71974347
8069732,16138225,34097039,69882715
11323974,16243173,34276376,76841728
8176163,16259949,34095286,65738499
8161646,16239813,34385955,65719672
8015745,16171542,34227505,66131484
7918887,16063781,34377628,99080216
7841113,16000991,34457088,74744698
8142184,22778237,33930190,65393352
8138805,16106367,33880503,66025372
14317356,16172534,35588678,67401998
9816051,16195706,34342026,72183032
7980586,16189677,34359757,66454764
7991626,16724453,34000756,70979426
8294349,16113065,34293611,82838422
8207335,16182825,38117694,67029008
8069188,16295294,34507935,66369074
7975168,16153569,33950583,67303600
7933213,16110013,34796426,67317091
10996246,16132606,40611594,66169322
8405187,16142818,34387769,66236688
8011346,16061347,35385422,66033778
8152199,16293737,33766736,67294125
53287324,16125593,33883244,66437141
8296457,16041555,36220558,66533554
8215068,16063006,34425267,66573505
8152208,16067002,34162391,65818135
8166281,16088408,34143999,66064199
8143334,16449756,34223063,66042495
8096029,16343745,34080361,65988000
8029511,16011778,34529321,66198638
8143703,16008633,34496188,66153703
8033443,16641347,34487646,66281685
8227806,16244659,34127921,66547585
8228505,16066934,34017376,66122366
8152543,16231144,34157192,66022098
8089432,16817015,34456531,66153029
8073205,28872153,37402340,65974032
7988826,16301874,34369014,89857890
7993319,16125002,34360962,66058825
8050562,16154348,33996539,66651063
7963198,16214491,34374495,67234173
7976474,30862417,34321057,66347358
7915241,16261248,34276702,66272274
7931110,16249046,34360210,70910276
7948872,16194864,34169782,66314509
8008235,16255444,34163333,66179992
7900640,16127014,33953518,66747889
7831770,17366579,34415378,66339757
7780839,18876728,34361038,66236466
7764907,16125998,34380939,66209132
8670916,16056429,34472148,66268662
8198255,16221475,34429121,66055284
8102125,15975736,34330036,65996272
8018126,20462088,34389822,66537061
8101460,15971354,35020181,66067213
11424286,15983029,34208873,65986170
8654608,16013413,34522926,70105027
8095222,23593874,34205502,66115001
7976571,16155358,34509382,66178208
7904849,16078398,42860993,66444590
7870143,16138677,34539900,66637502
9499650,16085478,67212967,73128180
7920905,16909106,34494056,66105080
8156483,17984775,34235396,66387816
8158232,19483032,34511999,66150980
8052984,16065410,34517953,66557812
8050291,16058610,34477953,66524937
10693826,16134133,34534075,66379770
7943010,16089749,34482768,66610712
8034458,27752661,34572212,66507631
8164192,17455249,34500823,66486203
8096826,16047589,34455443,76323384
8071091,16084200,40283721,66404705
7996728,16026731,34584196,75590398
7953860,15951366,34479058,66234052
37232442,34768939,34518152,65884206
8128449,16079858,34510149,69340750
20090672,15934454,34623749,66473763
33451565,16003484,34472003,66213892
19423443,16140575,34312983,65929623
12349960,16067941,34530043,66397641
17781223,16082136,34490477,66148839
8190153,16057122,34701527,65778320
8103647,16089189,34478395,66005395
8005352,16008530,39122674,66022532
8006669,16374780,34527902,79341729
9262032,16043329,34560819,68211249
11091710,16010472,34581900,66258215
8836382,16029956,34531176,83325321
16463333,16210284,34657226,69374390
8167542,16154881,36688335,66648201
8141147,56845391,34883989,65949596
8073561,15839023,34551983,66081992
8168876,16137646,34565032,70016193
8367397,16114220,34462012,66075776
8247319,16082852,35141427,66477582
8199232,16175683,35227854,65756516
8198728,16124648,35002421,85145024
8151533,16065831,34990429,66534490
8574926,16096045,34923377,66403358
8371880,16043136,34973984,67152895
8415715,15989125,34908006,67249394
8196539,15935213,34985672,70095023
10810736,15992362,35043429,67325079
8141002,16026197,37805624,67716666
8857061,15956228,35070686,67322244
8234981,16052304,35103587,68474948
8168946,15977485,35093686,66890381
8135612,16011239,35023027,67578896
8193074,16029204,34169129,66498551
11809587,16023264,34414239,66629635
8065074,15997147,34425423,66759163
8150922,15991274,34409073,70103605
8265868,16087860,34334787,71411033
8127810,16116577,34440376,67541099
8154819,16021556,34430670,67565303
8214743,15967986,34487285,67249179
7984177,16070844,34396463,67305547
8524374,15990724,75759402,67323687
8119651,15962188,34374987,67207075
8134095,15930895,34400300,67211624
10058800,15963506,34334666,67219284
28568504,16002528,39308931,67274945
8199922,41046308,34525362,67282701
8231879,15881158,34500059,67048189
8247308,16054188,34504202,67213494
8219394,15999032,34518341,67296993
10745258,15987097,34543742,67227728
9484723,16074809,34496653,67343681
9443787,16095784,34506129,67421788
9795838,16015399,34582672,67357138
9374818,16097220,34507114,67512432
8363246,17865574,34487127,67410333
8361012,15990919,34407608,67439231
8318606,16117685,34512743,67479221
8331945,16101083,34525197,67457258
8240566,16036144,34586911,74692852
11801220,16043877,34409062,67438506
8320284,16056552,34586629,67561143
8317126,16068172,34495643,75171588
8238860,16118102,34974690,66536724
8310949,22614929,38396447,66686430
9297506,16139463,34452715,66798704
8191610,16075985,34457175,66844502
8847743,16054985,34439450,67002537
8173906,16062328,34475506,67168024
8540539,16040260,62589172,66924130
8440210,16064826,60189726,66544105
8242153,16083167,43990461,66795528
8241889,16053767,34342175,66787768
8176029,16132185,34491034,66685662
9020685,17372871,34471814,69550946
9082577,33973006,34426737,66579478
8157021,16086618,34537299,66662044
8038818,16069625,36620287,67081873
7942729,16088904,35163972,66758986
8430802,16099108,35184987,77778538
8489937,16080911,35107625,66457910
9156826,16085012,35113142,66507269
8232259,16130099,34807377,66611720
8198413,16044956,35103854,69300143
8198349,17206652,35099896,66185269
8161442,16179573,35111976,66450994
8081768,16210380,35006182,66842629
8122625,16096491,35073693,66694832
8056551,16147238,35045367,71365325
8058323,16164729,35072352,68608980
8079244,16089823,35100110,66787886
35432412,16107669,35079247,66798536
8098848,16151769,36782757,67656861
8085640,16102459,34664412,66735278
8251732,16181914,34240787,74519790
24965333,16090245,34638469,66762003
8547355,16079091,34569602,72194251
15494009,16156905,34651112,67538216
8212734,16141756,34561015,66572857
8101964,16115704,34525999,66334547
8066825,16165274,34705984,66642140
10527063,16184048,36279058,66531236
7925628,16084683,34734068,66968748
8202463,16127568,34826310,84784969
8081639,16132972,35713798,65742206
8001669,16058758,34996599,66106905
7987255,16201205,34694419,65914942
7939204,16105280,34569697,65543821
8617893,16140502,34622833,65666989
9450289,16108399,34423511,65977082
9439065,16125753,34664006,65923024
8005249,16096472,34593010,82073243
7912667,16442472,34772474,65892406
7890060,16125290,34636415,65906189
7913738,16052818,34567413,82191579
7795882,16121132,34517354,79175413
8085014,16119756,34545101,65774819
8068970,16091408,34627209,65998949
10811220,16161055,34657933,66003807
7974434,16044064,34621700,66619881
8035308,16066497,34860434,66173814
7981356,16172536,34638788,66150053
24527293,16250696,34890898,66093764
9206788,16062540,34361469,66229699
18448089,16141946,34717136,66367820
9801001,16379319,34578671,67834224
16361190,16075050,34587539,66415798
8369610,16131951,46032263,78614030
8321146,16084195,34630635,66601218
8226600,16417549,34702162,69870869
8091973,16107431,34477246,66498672
8370825,16207691,34672186,68334273
9558428,16157907,36028284,66343147
9475909,16046500,34660213,67472235
9169485,15967250,34851378,82997502
8122781,16125775,35453521,72953863
8180846,16123933,35276517,67713418
8210723,16097444,35323022,72149141
8179344,16276976,35357339,67446850
8174524,16200638,35244812,67319325
8162339,16060554,35159450,67606727
8246835,16107528,35327601,67904873
8210306,16019654,35290559,66600203
8146933,16073979,35279521,83080114
32848974,16094394,35223071,66686648
13457118,16002387,35366294,66627030
8228364,16011285,35246440,66277536
11525419,16020312,35362290,83355513
35996688,16107521,35356222,68516882
8304132,16123109,35229219,67042327
8138014,16072757,39327921,70688560
8219707,16086362,54692988,67704228
8104950,15999169,60825755,69930695
8145782,16849794,42884856,70929485
8083490,16037576,34763075,68077422
8187973,17143851,33952917,66665337
9380376,79783183,34155834,74670034
9349667,17488566,34209203,67601189
9414345,16095036,33971523,66682372
9546359,21902547,34864184,68080398
14729819,37368348,34204690,66491578
30776027,15979145,34077388,66198768
9463158,15961776,34277813,66426466
9478319,15893861,34182753,68103302
9524453,41730468,33885082,66644076
9539172,15819586,34216533,81204751
9575542,15972426,34256501,66805638
9470978,16346575,34278878,66895240
9460417,16014045,34431529,66774563
9482022,15919759,34272010,66809572
9478392,16022022,34260432,66958708
9597181,16029331,34293992,67189792
9540424,15952118,34336880,82416540
9442303,16045491,44586393,96859931
9508312,16015082,34337001,69394772
9488487,16010852,34311096,66450568
9579834,16031355,34298113,66275686
9599166,15997548,34314860,66413580
9499289,15994911,34259089,66635441
9528063,15997137,34310044,66533895
9585770,15947121,34292381,66693231
9430866,15979323,34285480,68240260
9432972,16013157,36213245,69988644
9439082,16015742,34262984,65771854
9471231,15950291,34258715,65869856
9573672,15965235,34245855,65861988
9611422,16063361,34326516,65677282
9600630,38138024,34442553,65729944
9604360,16074663,34235904,65776455
9536546,16073105,34300202,65777543
9511191,16062814,34200600,65722871
9515656,16078619,39895706,66809387
9626130,16037530,34042839,69050706
9549680,16163461,34009410,67190373
9272604,16034749,34067753,67106373
24582655,16036072,34024135,67233911
11885285,16162360,34714469,69074819
9340964,19931345,34622116,67010519
9390801,21941879,35222670,66205646
9352517,16099510,34574089,66502880
9399569,16049644,34656725,70172825
9248515,16028088,37328454,68334601
9420959,16070730,34534585,66315893
9387790,16120691,34517936,66062924
9419555,15991304,34645685,85203210
9365221,17482229,34511021,66376546
9352851,16041362,34518864,66749097
9380794,16007301,34606514,70089358
9352182,15956925,34656450,66628084
9386615,15900988,34573959,73243624
9381950,15942880,34588788,66629655
9384879,16064737,34567616,76377077
10826668,15903262,34599010,65472639
9342822,16000434,33863696,66134635
9484659,15971192,36963325,66066699
9459056,21746215,34033899,66016712
9475949,15977666,34013442,65923810
9488397,16037450,34043438,65953096
14964222,16067229,34003258,65977300
9608094,16025678,33883862,66704540
9515040,16016508,34096806,78682355
9451146,16081097,34008882,73667426
9468777,16075367,34040510,66430320
9454285,16056591,37777770,66436224
9431863,16034697,33952869,75778857
9394469,16045676,34071060,66243735
9351245,16040172,34006636,66303879
9518662,16022049,33702956,66278168
9889852,16076046,34112564,66273690
9361811,15989300,34018961,75763612
9558952,16070178,34017439,66196819
9480556,16001300,34509892,71586980
9666511,16070629,33964295,66253373
11053544,15938726,33943906,66806722
9577852,16086890,33949468,66298729
9448499,16023803,33990349,66279834
9458591,16018980,33976262,66346827
9484549,16049761,34067875,67372783
9409428,16096516,34038143,66457538
9435165,15998383,34018672,66289892
22622212,16071344,34119635,70571624
9536940,15999796,34011823,66151125
9423885,16140639,33970028,73113317
9465248,16003887,34066602,76428135
9365406,16102042,34024928,65989182
9398916,16067770,34041355,65923646
10025372,16013441,34422975,68222367
9488084,16016193,33992955,66805604
9407204,16018443,34011989,66698864
9408132,16027867,34178949,66623277
9646726,15972871,34000538,66561396
9407870,16020412,33963943,66766748
9486007,19736373,34048694,66651313
12223920,22605015,33962502,66802560
9437209,22177065,33970035,66594383
9548839,17343580,33968299,65834127
9527993,16024452,34728949,66879976
9441273,16076851,34629132,67831251
9454891,16033123,34507246,66681688
9513282,16011109,34650342,67511050
9523464,34355459,34694721,66417685
9370747,15992658,34641105,66505618
9501441,15994095,34717781,66250891
9386608,16040952,34636696,66404273
9334150,15984777,34641079,66054355
9392077,16022323,34670949,66523740
14304977,32738102,34552797,77270408
9672549,16077010,34658847,66178456
9558082,16052013,34598599,72501467
9423468,16040009,34672145,66353233
9483606,16061603,34667416,71696201
9409974,16077833,34731368,66301795
9693750,16073059,34627127,66338444
9521361,16033296,34408241,81272014
9480625,16090110,34806035,68137477
9490366,16185687,34599471,72071396
9521773,16122912,34527807,66563391
9530247,15952695,34610944,66471379
11464472,16055920,34628597,67029255
9539236,16033206,34654348,66753582
9476400,21640275,34773836,66270140
9485531,16016086,34730005,92208690
9449685,19570796,34622396,66727447
9491663,16205011,34498893,72943530
9530028,16220838,36008062,67213890
9538376,16002510,34537677,66656827
9536344,16063620,41891595,72886226
9512893,18624276,34588339,66866054
9326820,15961932,34542380,66351829
9445589,16060243,34698350,68181046
9814802,16019908,34527347,65968463
9467006,19985038,34673026,66069635
13499240,16011840,34487563,66044677
9430127,27399821,34608679,66839700
9534278,16007319,34544069,66080695
9451326,35448163,34576547,66040263
10618599,15944830,34452725,69107580
9435133,16017740,34601257,67312913
9534825,16075393,34598038,66561651
9493846,16006712,34666504,66364746
9838517,17486661,34625493,66141737
9519341,16086399,34578995,66477502
9480572,15927576,34722026,66212971
9430709,16061189,60406901,66353252
16494102,16115622,34613230,73645280
22136754,16055633,34578118,68841063
9691180,16085952,34575549,66868745
9566346,19920225,34537170,67251592
9543545,16021633,34518791,67040634
9546922,16067582,34534442,74023043
9489595,16034054,34605673,67303398
9639095,16005547,34538114,67212522
11290491,16013509,34554845,67122373
12855416,15990363,34542575,66048035
9455088,16019356,41353227,70801757
9450287,16035839,34592703,66766503
9412575,15978143,34568372,66271455
10046452,16024839,34556134,80697208
9447422,16106704,34478382,66362450
9365430,16063918,35907268,66624735
12293423,15944174,34522047,66451557
9453742,16047871,34443349,66688968
9446845,16058841,34529091,66549258
9508135,16045338,34509815,66161700
9405628,16069937,33728386,68040394
9470919,16055901,33908820,66254357
9440237,15977858,34000638,70629716
9534040,16059880,33912778,66472337
9463815,22217622,33905554,66489180
9528906,19118901,33866402,66397425
12787316,16059054,33945070,66356955
9349603,16019841,33891543,66381458
9484111,16022742,33940081,66397761
9538297,16014733,33875067,66426406
9329924,15991299,33984347,66562829
9400201,15973628,33969503,67431513
9447011,15978989,33780747,66483600
9407467,15966126,33891301,66362830
9449949,16561379,33913559,75052893
9477088,16069958,33939128,66077518
9368272,15949262,34023348,66121425
9456997,16062462,33962215,66007734
9349181,16052680,33912047,68024208
9389293,16014987,33934794,66345288
27367425,16018304,33955952,66192552
12429402,16049090,33885825,66342959
9390721,16023409,33963855,69697200
9418656,15936850,33822812,66451741
10508460,16210388,34697385,67239733
9477910,16014621,34940002,66494269
9438191,15967522,34861657,66379426
9356877,15955809,34835238,66457905
9409785,16046578,35019692,66419687
9451350,16054878,34904398,66389696
9427877,15957446,34628750,66198364
9467022,16032177,34891753,76262331
9406664,16010601,34749852,66282399
9409862,16090381,34581621,66475516
9362856,16088203,35332862,66456869
9411747,16048345,34828485,66587472
9372313,15963387,35029685,66486350
9360720,15969962,34961113,66642408
9467937,15951984,35018975,72159567
9382432,16048271,34916818,66521464
9394239,16028898,35151543,66682715
9486139,16038905,34853705,66357347
9461100,15976406,35183571,66807465
9438556,16396676,35081529,66254676
9380153,16030566,35153079,68942747
9498909,16045929,34881984,66642788
9417363,47901559,34841541,66582529
9394953,35667531,34988998,66418527
9442521,16004987,35164080,66746266
12141038,45489953,35119844,66607439
9478126,15983553,34932826,78038113
9433548,18561174,35066843,66386063
9346055,16027630,35102315,66401673
9427275,16120682,35413447,66403158
11526724,15994620,36185567,67643925
9388552,16312176,53812786,65835042
9481089,15997164,35277050,66618120
9396340,15906853,35122625,67664465
9381763,16045610,35911906,82086127
9342005,16033765,35066971,73468639
9399799,16003366,35507632,70641927
9410698,16008933,35325656,76161308
9381236,16036235,35516492,73642381
9361083,16010164,35405352,66530790
9339931,16018725,38174459,66535834
9414528,15981503,35285708,66363097
9379307,15960101,35405486,66564450
9373949,16014225,35380467,66724998
9582928,15927778,35360232,66953959
9509660,15982763,35061665,66980683
9400297,28345823,35313348,65740185
9451859,18144179,35347540,66602719
32354590,15929508,35216338,68249281
9452784,16431915,35204803,95931475
9352869,15968056,35338205,66274494
9364837,16010913,35314956,66587646
9325683,28188980,35406379,66371825
9333586,29878349,35341646,72066982
9352611,16040668,35003219,70135158
9383872,21715356,35364546,66160215
9341844,16171387,35167966,66532418
9758080,16010124,35136873,70735635
9422958,29348199,35328525,66639447
9442104,16069948,35316982,67857904
9390391,15996260,35386059,66826802
9321905,16007315,35422179,67872755
9338693,15921558,35384681,66290191
9362849,16057600,35229450,66248148
9350738,18274662,35182897,66664848
9369237,16166634,35305614,66123841
9350999,16016099,35383763,66342126
9339888,16011545,35518249,66177355
9332757,15991895,35226400,68005541
9341839,16040063,35387080,69089953
9330314,15951888,35367941,71095013
9402484,16001769,35424935,66446959
9365604,15963886,35440932,66398118
9329302,16603666,35646322,71882571
9404468,21503880,35530419,66676111
