x86 inductor 4096 no dequant,x86 inductor 8192 no dequant,x86 inductor 16384 no dequant,x86 inductor 32768 no dequant,x86 inductor 65536 no dequant,x86 inductor 131072 no dequant,x86 inductor 262144 no dequant
6863402906,6719087353,7226018132,7256826904,6805178360,6713898288,6893942288
16144495,29131290,51526647,89079624,160558575,290234466,431003926
16340664,29328629,49679784,88637591,161039991,276221496,412254546
16361799,27178884,49498852,90570021,166594578,270343672,449409372
16314178,27438949,49896612,89259652,158660320,273461499,375092930
16232639,27268373,49718697,88840781,157103426,284026229,395193297
16075665,27506324,49971156,88647090,151105661,280088048,452856702
16004521,27836929,38077394,89092431,163956300,291358299,513107313
16028036,27401545,48732823,89827099,164843847,290063196,410146387
16028319,27244932,49491468,89408505,158330906,287509078,473248962
16009258,27487415,49526549,88810772,170712881,279886560,443482270
16187638,27277554,50300525,88740789,163401013,263715257,413986720
15828231,27266777,49886868,88665455,158593139,261751431,444828887
15753599,27622878,56709647,89286411,159074297,296191889,436481289
15825711,27418037,49707616,89416245,167576035,270191395,471585782
15792752,27418372,49804243,88485913,162094767,286191712,374436048
15805401,27404121,53983987,94670415,151953824,273754964,467192643
15825274,27501018,49651099,88942104,167452616,295193044,376564980
15812570,27887040,49602700,88784445,158797348,290674257,483903007
15837880,27244934,50263631,88939220,164346074,286741483,383064461
15852184,27476527,29915213,88732765,150923916,233240508,498031595
15887641,27452764,49644961,88892911,168948947,287868581,422160402
15843021,28486746,49862181,89199747,168395309,277975417,405297368
15876391,27291428,49693367,90999060,161574223,275789662,418882616
15880389,27569145,52138022,88809372,150107380,273379527,387370083
15851480,27589916,50816464,89196735,158249108,272679067,455324039
15878604,28635946,51372247,89090604,160792475,275018791,428009662
15967908,27334337,50983031,89002560,154842121,294168140,378586299
15898889,27387766,49991393,95746780,164200262,268494809,415994619
15839038,27387792,49954531,89884636,161356768,287509445,495027739
15940907,27501769,56950917,89086445,160900963,288401983,458028391
15907012,27469958,50200634,88900215,166295129,280290192,486508303
15834440,27337733,52651273,89241511,153399882,294735359,433374266
15934764,27443099,49692500,90816676,160929787,285368507,499137611
15854063,27536391,50145581,88651368,160035749,289980891,400244389
15812926,29638935,49703540,88170252,168434481,273766784,541686206
15800715,27470769,49500879,81441708,166116382,296043498,523174300
15902826,27497211,49791092,89394422,165061467,303296787,446747751
15897491,27496548,49437240,91024299,158327602,292592656,511739226
15884970,27403673,50204976,90929009,163931122,297654845,512191622
15929114,27455233,48100274,88467428,150623282,266316609,578534378
15915376,27389552,51136504,88582589,160761906,289486555,571854073
15884791,27543721,49534701,89093689,149605754,287748377,518013901
15850873,27541725,49459904,88862311,165548910,278744400,579447876
15756096,27908014,49553322,90710377,155180278,266390898,613883433
15815320,27810015,49689383,88617072,154955956,250780688,586391705
16102525,27485707,49306349,89386259,161486443,264323183,688828713
15842477,27364123,50113037,88533070,153977606,259004822,596293669
15817627,27297002,50290086,88957858,166893193,266992095,674484333
15444576,27189165,50112763,89017818,160610277,263502722,574651563
15550466,28357698,49549933,88625614,160468947,260093456,720396587
15809022,29701650,49589551,88899141,163248518,286307978,622627322
15928441,27544991,49553955,88351522,162763460,274014711,626431362
15866938,27404895,49687369,88845453,163251806,256912713,656758985
15821141,27433646,49603852,88861242,158072438,269314814,652632859
15820145,27413665,51839901,89315542,158511014,269440902,616450456
15902831,27515082,49907309,88568046,163159899,274560224,623314415
15873781,27449328,49585357,88554214,160761033,280760667,638682414
15822348,27485975,49587871,88585726,164656816,266779228,663279917
15883464,27457278,49897972,88729845,160878097,273458992,608412547
15902181,28991647,49496541,88746870,158661308,271498644,665443011
15846822,27372072,49536812,88508185,158404498,287407918,638935128
15851575,27396874,49788858,88510743,163896475,286713636,703728493
15896659,27409547,50208066,88451525,163680534,279007895,586048803
18685618,27472087,49513599,88550960,159329651,274472745,652688468
15897077,27500169,49321058,88668237,157950387,285287957,812477213
15831752,27387454,49477862,88605961,169224033,296595944,730828517
15954760,27427541,53208239,88728070,154710589,293070165,669255860
15858229,27176793,49493419,88429586,166043541,289955478,744557136
15832752,27225413,49724339,88802779,167118318,285971937,657324483
15864286,27217279,49576311,88401661,149978432,288880340,556775781
15973822,27349448,49643503,88511739,161069748,275429152,730491969
15886052,27217286,49701842,88793120,161819123,288246325,744785524
15861120,27348808,49674734,88559220,158635347,285069609,799676176
15836761,27356712,49871146,88106847,164552545,289849355,875594934
15801257,27304787,51472733,89350669,160496878,293060950,687584483
15828337,27195397,49677631,88604949,150633935,265195801,717893185
15911799,27454330,52211874,88944098,153032985,292320791,731197887
15797576,27349322,49469062,90375771,158227163,295597618,738672578
15921152,27324542,49765190,88660167,163423545,289771471,718692290
15842586,27124921,49722498,88660421,149697013,274423743,737562304
15986423,27103737,49864874,88483930,163725728,289964745,752224982
15938254,27240012,51209311,88707200,152772912,278176588,728393477
15951698,27380533,49776441,88542774,167146545,267874696,707014507
15922802,27222337,49480127,88468322,164820285,279169657,730921901
16647519,28080562,49617031,88673568,160254856,282724374,751195432
15881500,27234466,49646599,89715590,163545079,286929254,727990242
15957670,27328344,49676774,88546566,151291410,268237657,722339147
15801211,27330170,49538701,88713826,165490112,266557297,723453764
15945035,25494544,49397704,88666439,150615502,296607647,718992725
15962839,27105965,49456610,88737786,164039203,273365365,652244837
16429377,27330567,49482300,88927317,163912994,264730265,699857234
15583160,27381057,49951600,88542176,161240977,276871823,720647777
15905727,27306284,49791218,88775500,164075143,268438306,751100891
15838320,27051638,51181456,91501965,164046868,277212217,720938423
16025945,27284119,49730276,88689831,164443501,276225863,673852245
15997888,27285664,49768126,88686001,161600438,287935069,704409879
16003600,27207545,49717628,88747378,161742756,278389399,715313717
15978091,27252565,49696444,89316015,162825317,282442659,705363986
15979324,27506467,49666620,88431321,164283620,278729104,811579838
16014158,27334280,50017668,74471587,172473889,271296897,706415896
16442179,27150971,49507030,88711020,162700412,270679447,673425525
16252977,27789604,49551724,88446475,164350374,290402281,741030378
15592265,27743052,50369068,88677328,164724104,275191243,722588751
15660930,28893678,49765901,88701220,155591219,283221393,728039509
15616687,21648590,49506732,88502965,155170316,289388885,724381883
15510660,27309693,50283290,88877103,160346441,290544714,741783583
13619738,27184218,49641312,88822940,166741190,273056831,687927263
11734534,26625967,50003685,88317324,165355826,273427127,886032210
16582610,27356847,49602268,88420548,163975604,292692090,714976356
15534172,27350540,49346762,88713887,163482107,275561601,686116337
16084140,27311048,49565162,88857549,166168209,274821929,724143165
16185898,27334194,49753826,88505008,163409582,279957517,719423580
16086887,32412145,49339695,88847294,159057998,278209733,710339033
16078539,27368425,49671151,88870034,165642177,264879899,689873132
18637272,27380810,50048977,88625641,163478453,299894069,745824360
16554322,27411954,49616858,88468634,167342171,289053388,745376182
16525694,27360788,49625107,88549875,165684008,291342729,707226787
15899411,27291465,50159324,88776674,153558255,294668429,740273029
16322794,27258588,49519245,88900729,164486561,275165277,681977550
16455752,27352707,52279036,88573446,166280113,287856616,721934338
16403685,27280097,49809276,88672205,157144158,269615330,693683339
13069612,27389270,49553214,88418045,152442841,288486775,743784453
16472658,27304134,49711915,88639578,150362973,277785027,704265226
16014216,27365116,49642654,88714412,156464181,295813717,693299289
16436718,30241277,49596720,88766053,160930197,268223621,677571179
16345012,27429432,49696509,88685739,166617479,292697208,719627291
16308764,27341201,49595929,89338411,169784086,277927612,697290815
14599833,27388169,49670082,88637472,163561540,289812351,640360843
16602393,27479121,49625775,89630462,154965857,251592361,652744528
15755823,27358724,50402015,89013592,165268017,274675784,794825394
13271617,27496915,49489668,88570847,161228946,277430685,690830724
13803951,27371892,49743015,88906951,162673700,276953573,580856194
15529504,27246707,49468912,88668565,163445385,262594958,799539046
16363660,27428513,49705530,91060804,158356027,311427132,649454586
16310975,27414851,49535831,88682699,158323629,285937550,681379167
15720660,27343706,49695126,88562482,158673112,280804546,719373168
15498364,27326766,49654327,88647109,160749925,269566416,700520586
12611428,27281138,49771058,89450503,158340510,268903646,700461949
15493369,27324006,49520013,88968433,157367885,275012604,740569152
15528771,27307200,49656475,88676336,166618008,279722859,724587428
15757988,27420181,49527673,88540045,160458028,289751428,638106348
13361254,27379768,49703618,88689865,154333441,292017904,662798921
14321779,28818700,49725691,88754474,151999556,271585789,689894877
15595339,27354894,49329233,88805840,150255339,268495823,682106684
16045545,27303428,50239926,88850928,168753943,260807506,723767303
16591683,27186656,49658980,88798255,164576153,287919864,747657489
16266225,27333446,49543139,88396602,156683905,275493584,709550845
16207168,27281903,50413973,88914986,153835094,279248703,679610386
15587104,27437833,49785375,88679719,166109500,286900639,959116338
15550723,27423430,49432434,88854729,163603638,292982875,741378420
15562146,27515108,49599367,88353551,161331901,297876366,771001667
15499861,27389851,49469616,88444973,99264278,278172476,853820679
12933048,27369732,49601487,88252697,163861917,261756570,674315696
12800658,27324088,49822340,88782952,164566874,267152527,726181847
15889136,27239000,49488370,88597821,163419187,271959743,710782491
15461524,27479614,49492746,88654394,161279336,275809202,704736478
16515608,27284726,49587161,88377676,163559657,288805970,690517902
15694490,27437868,49626612,88823653,158840393,289574917,762894216
15642456,27370676,49565659,88856298,164038259,286742799,720410113
13099536,27332289,49647037,88781919,150443905,289836191,731890227
16453276,27404977,50429822,89016511,161131329,290080006,705128032
15656947,27384330,49686430,88698308,158455658,286402109,681698580
15482030,27306569,49564938,88603178,158990161,292833782,697468982
15550151,27282422,50283809,88923841,164777035,262917250,703223667
13062754,27370626,49683931,88882155,165638947,277874118,630031259
13618619,27330509,49783067,88630694,151450645,271169450,644125391
10921012,27339649,49628030,88706102,163187567,284051365,720298595
15578810,27295879,49807532,88654636,158406839,289239492,718375330
15702173,27240241,49629985,88720717,163135005,266307483,715760445
12494624,27395138,49505098,88632579,163109673,289444337,711090928
16080318,27437645,49713716,88963595,160606640,288658576,694153918
16466975,27274353,49597595,88713012,164371866,284656535,690137399
16574767,27303488,49417797,89007861,164296336,273895979,713074360
16606032,27348153,49617585,89677002,163264004,278576695,729422020
16516823,27297130,49686271,88701350,159133839,276098112,702525682
16509720,27383532,49821387,92691520,164078818,287662880,696869148
16463458,27410228,49742449,88521802,160881463,296299227,702461957
16636872,27198140,49756391,88871464,157173237,301541328,725284849
16511686,27353402,49522340,88309209,163748376,291892287,671849042
16611827,27429388,49679599,88368948,161364347,291755766,879209808
16634440,27300227,49545806,88748537,161424941,277601155,700224479
16458360,27314408,49678677,88519991,160764426,289011439,721474973
16631548,27353738,49515268,88815332,163864049,290509125,777127568
16628912,27382127,49531341,88414428,161207183,287576591,717162239
16617357,27426206,53436678,88613783,158487500,285849770,725511766
15735495,27260127,49842519,88638664,160876335,287044716,692716937
14119148,27262263,49702209,88635050,161455451,270780153,747464327
16467533,27287690,49548059,88384350,161005374,292413986,727334316
16477829,27350861,49707872,88483028,163115056,271671639,759700252
20343036,27346114,49781244,88510333,165042864,287381894,764301066
16752986,28924178,49821523,88582032,149840131,293000161,718857440
16522752,27316798,49632031,88392704,163607010,288997924,721660725
16643621,27273591,49647341,88538355,163771139,279380007,712799998
16531058,27309032,49507837,88645088,163794974,277234943,720332520
16577426,27335604,49915431,88449298,163157791,259711749,660137523
16597023,27293963,49729648,88653685,160656196,293719160,691990366
16473018,27390814,49621647,88452001,149905437,286661956,688016937
16486596,27351655,49639264,90448352,160054078,295192559,730592521
16436789,27387085,49743226,88780239,149540269,197356708,699326452
16523408,27357988,49605084,88756148,163060752,287277369,686704270
16462151,27311351,49707881,88786327,150290300,275011059,684208996
16597946,27314051,49392309,88248044,161665559,292880910,720934340
16511401,27313937,49699100,88706548,158292957,276403862,662083292
16502895,27268170,49526928,88822633,170455553,270845200,680206318
16545933,27289217,49388003,88672659,166476346,293711766,604297431
16534787,27371761,49726826,88421917,165253258,281193656,700533857
16526026,27315966,49655426,88648985,152815046,230193175,669332625
16521031,27365291,49583010,88592337,157620427,274481078,662310062
16477650,27339820,49593005,88691649,150621306,280712548,707146138
16566236,27348876,49860320,88786129,161123843,295988450,704783002
17198335,27322818,49635829,88627260,154949292,286288382,728617864
16614947,27333956,49825836,88591576,160660427,288956612,625005768
16374812,27351542,49591630,88369672,163617470,289869086,719157926
16453927,27363224,51938369,88811247,164008724,286425308,655104249
16468840,27229140,49740771,88628636,161447644,273644016,738140784
16369878,27287055,49778925,88393775,159863609,291946808,683179211
16736285,27297187,49739642,88563572,165027336,289810838,711732155
16230452,27313503,49765824,88657907,164220372,287175934,622749560
16247142,27296317,49439984,88890404,166258198,293245276,691642007
16216614,27312855,49710041,88882936,158970319,291906908,798821804
16342705,27228388,49581024,88745193,153729990,291656749,632165999
16533587,27357252,49772457,95371137,163320932,291243205,687025613
16506949,27343506,49592821,89258880,150725101,275516645,775680799
15463297,27177860,49765709,88357883,155471006,269062821,655603813
16305441,27336138,49886083,88651443,162816903,288000647,674046620
16529376,27375592,49658034,88451966,160382285,298520881,723923162
16444683,27330310,49618826,88587589,155710016,294437526,724276802
15478156,27308910,49884473,89792868,164436706,287768262,670951192
13746928,27345468,49528838,88860566,166514468,285986524,737288251
16274589,27265137,49634411,89055110,150214662,291625977,667702169
16335488,27241379,49638640,88650713,162532915,292360201,628885627
14514383,27295850,49549553,88748679,161064240,278815116,676598119
13153189,27433425,49665105,88734962,163965313,292437557,698554729
16336546,27394417,50129636,93628395,163624062,287416324,729239726
16503762,27289005,49867756,88513821,156614505,294027487,619115794
16550720,27259973,49779271,89351058,163938663,272930736,673061062
16406671,27267282,49611081,88624559,159655163,273820168,706011286
16480786,27361005,49575719,89050206,161510986,274376409,689322648
15943021,27269882,49663206,90682436,158771965,287336445,656235814
16438777,27305688,49699889,89895913,152441795,263782472,698728701
14611453,27291368,49771006,88701999,156848979,288237103,687368341
12629837,27353073,49690035,89660126,156484047,265717450,744811606
16395434,27349178,50712080,88599526,163296774,279356062,641640170
15952479,27341572,49749757,84839026,164034934,280049993,625826136
16443800,27262146,49641105,88743389,161593912,263218562,828107105
16537024,27333530,49672636,88858191,157724620,291371941,580441080
16484854,27255752,49465782,88780497,164333675,288826534,606946619
16431280,27280395,49870550,88935217,160936124,300046991,650370461
19931832,27322010,49629977,88958085,160388830,266360499,668532511
16593337,27373378,49485690,88853920,163806666,281357349,699768314
16356893,27315333,49665394,88680358,161404151,298518296,599190994
13928198,27379682,49684149,88806713,162339010,287739322,645896209
12534182,27301569,49832425,88793332,161768969,294488218,604385801
16221971,27301721,49735215,88479842,159410137,292237215,607757927
13818547,27258392,49557677,88575542,163967546,280823636,679751742
12644937,27296271,49730989,88527948,167967007,272224777,697202140
16305493,27291065,49788770,88976073,163473641,276038448,667282555
16236676,27385967,49650622,88553451,162080788,267776499,722377083
16173031,27261543,49832008,88837070,165039173,260995495,658978892
16806135,27258787,49711844,88999934,165132980,281014695,669684910
16394659,27325334,49562264,88755101,162693425,280807743,687798768
14453861,27560436,49520546,88880384,166807667,276840349,632698103
13330724,27522368,49701689,88562993,163181354,286239539,665049089
11569393,27543157,50144603,89480550,164971691,287883988,810578910
16292611,27763787,49581841,88547551,161117967,263701249,597841608
16361070,27434876,49675531,88823762,164591748,267629397,745427479
14543289,27675754,49584871,88949604,165469519,280774593,748709310
12672709,29232229,49577060,89577004,163838320,291156917,668996268
16362868,27492141,50379948,88884533,165837842,287068910,697346105
14494107,27507551,49744981,89521179,149505937,281110434,687905006
13141852,28496391,49742961,90556005,144628023,275936366,666142614
15413621,27740134,49693882,89065379,151513101,275468618,686611447
13652479,27582103,49921342,89011549,160856874,274978593,632537949
16266135,27666281,49550685,88686315,162856672,271401811,692335615
16396481,27597632,49824258,88637401,151267301,274247956,688744522
14004805,27495754,49833691,88581196,158200650,286999403,732821952
12577526,27749453,49638722,88876039,161665973,269562599,572776429
16514408,27392466,49801353,88924082,159869758,289939854,645501258
14080344,27459385,49825702,88578919,149295145,266861055,735638580
16379962,27479670,49692773,88871761,163838395,263298483,710441954
16328106,27484066,49631968,88454870,150112170,293608957,712218685
14049174,27980393,49773928,88667814,158580033,271535915,717275286
12659908,27355199,49888147,88652780,163621527,275441076,637277128
16277160,27404067,49741459,88514506,162538291,290651034,698321711
16380936,27298530,49589603,88755901,164108502,267665320,717452241
13910940,28679279,49844625,88823177,160827251,272507736,653550452
12739981,27330128,49734229,88641299,162068854,284004563,634875876
16368551,27200187,49753998,88722953,156535736,290411604,679666366
14550202,27632170,49853328,89021017,150001368,292256673,783759928
13236815,27631333,49624546,88817514,163083794,274983011,627101460
16466599,27401820,49724496,88657659,158575606,296202596,726794495
15536861,28886144,49795833,88932085,150396290,295206019,622293331
16158321,31444957,49822142,88723414,163223597,276647718,676172952
16443495,27226615,49783143,88726836,149044887,296495729,630414487
16528053,27187767,49829030,88260144,153603208,288346252,762922556
19147485,33359360,49707579,88693654,158737920,275742272,677223809
16607713,27480274,49885683,88869718,149824852,290566656,724199058
16590458,27386055,49682858,89042305,162215738,263675348,672290166
14700672,27408032,49654186,88890992,149679333,261335369,679264632
13164317,27697219,49724122,90446473,165443512,286701719,682851561
16408443,27321574,49943318,88687011,144662984,286575931,614431017
16533895,27278550,49787769,88926600,166149547,281880979,673434183
16466546,27628372,49911756,88776436,148857993,306115888,627967340
16558653,27387194,49754662,89012539,160417852,290037946,703217162
16597407,27465441,49746430,88780971,163339805,288764752,665535243
14688700,28295755,49633408,88811544,162960416,290740731,669641169
13154587,27384447,49538395,88644710,163897214,288449791,637959233
15506907,27250539,49733424,90327307,163246676,271694781,668645862
13025369,27432570,49736840,88936867,160569797,283218296,628412377
16307733,27479628,49740025,88509327,152422466,291581361,699363160
16420623,27763752,49750335,89897252,159876831,284686763,567183308
15398411,27314776,49691859,88561383,167735777,284878177,650766258
16227741,27516262,49706530,90329450,165510475,289694786,692259666
16359556,27380516,49735654,91236365,164375304,304144124,627478894
17197052,27237673,49835432,88624755,163346434,285419723,701204572
16529230,27363255,49972828,89125425,160162341,283183848,655805178
13919040,27328190,50066620,88549863,168448413,290309784,713313025
12699428,27405819,49704334,88811351,152626052,288093365,623362100
16301472,27440561,49862700,88568250,168261333,291602279,675739110
14605733,27256885,49796156,88639198,160270465,278004883,652617831
13202726,31532415,49741857,88956893,163900418,291197320,713593161
11659319,27502590,49776273,88533709,165602429,297250648,743270776
16272219,27443409,49636193,88447430,158227277,292088107,683647634
16397172,27404462,49961053,88641464,164539358,283552572,663521801
16436746,27335003,49701223,88602161,159688382,282667094,828168380
16448524,27235628,49953463,88539800,160986007,290797115,661954384
14076753,27353963,49695806,88496504,154684204,278008757,617025347
12718461,26721214,49574366,88571909,162716484,266956541,854449685
16416183,27389440,49681401,88930202,150961166,276153382,539660195
14667569,27168489,49669892,88769300,159064140,282389745,614371752
15504391,27691602,49711175,88522022,164825121,292336449,672197472
13713266,27459457,49664075,88727576,166313551,277269240,623100591
16413362,27740647,49935368,88575619,163523158,289208846,671676235
14576343,27525073,49660912,88500172,164267138,292395517,648237083
16385470,27721160,49719142,88878224,164124988,293451907,640753594
16534455,27743099,49591631,88638887,159070984,270045259,648924930
16518771,27490108,50279236,88517745,161420225,285406778,532154129
14613751,27542782,49945913,88549393,166884256,294831699,578869930
13277457,27562540,50379372,88658062,166480072,285479964,591101936
16383118,29663053,49844944,89051949,169192659,282306917,593612141
16443941,27535201,49915501,88553534,159101243,269478472,622162554
16461057,27466100,49900939,88473226,165123699,285532020,668879809
13957481,27408654,49730934,88621576,161158678,268211487,688265941
12741170,27615567,49382318,88648227,158305274,292251350,680488360
16338660,27388480,49713957,88690365,165173010,279231678,687385148
16339937,27266444,49903532,88887789,163925058,283130290,713936262
16479367,27365524,49786123,88765227,161906106,262276538,677932199
16480162,27482657,49842160,88890440,163605762,279748747,648262858
17619503,32396185,49627320,88616906,156583296,289699948,729509704
16503509,27550237,49920347,88392685,161908023,260286901,630185928
16529160,27419151,49818983,88868209,163664880,273847853,694390092
16539343,27502947,49920804,88591548,159634549,289752984,624282053
14757459,27474311,49661720,88547514,161238051,270695008,539830502
13207713,27592870,49725920,88559221,166541738,289605235,638808185
11745582,27519765,49677237,88795715,156101672,238565144,626880547
16414077,27442251,49914928,88763011,164253124,283027630,637420550
16424069,27403802,49707293,88402041,165592045,288997801,602169558
16573835,27431995,49871587,88188548,162192946,272891087,680880550
16561347,27610756,49879172,88487863,165302860,290024367,715177563
16468237,27806868,49735909,88911502,158740374,295951600,699164567
16565447,27282222,49718653,88684321,163549103,274991321,569652020
13993877,27194622,49734591,88557936,160889879,293495840,674388572
12691596,27325905,49832646,91293689,150178868,280304777,671889268
16544515,27348234,49702523,88800094,162938834,292448088,620344298
14108587,27215413,49724397,88986169,149967687,295542257,851578521
12843830,27269645,49812919,88624893,162637527,299194490,622050458
16467398,27249223,49814107,88733353,150247075,286444774,722492184
16459635,27298827,49571018,88734321,163922433,295661886,541801224
16523905,27213623,49758841,88489214,161193338,299228021,626557514
16503344,27195527,49687536,88580970,149911088,298470864,637055591
13976417,27267527,49728628,88736205,159983388,288188036,708889411
16691465,27524786,49994255,88849030,163734815,303867844,649337842
14578465,29375797,49799599,88532275,156678504,265116981,728104612
12648009,27438588,49875408,88548569,165254452,292141080,749276884
16315764,27200413,49648237,88731375,155093834,297643417,688032562
16438604,27195451,46959643,88610720,164422923,290859943,652568768
16446524,27618996,49820159,88492086,150083668,289426781,663062756
16339075,27214793,49545666,88742151,162407884,265605748,649024891
18444520,27588944,49734589,88730837,155561430,287318443,702407131
16513430,27358446,49808790,88720665,153551860,263016885,734586753
16305526,27215391,49841305,88892522,164007747,289238745,566315880
13878391,27314791,49747112,88645572,161757677,291452769,695418103
12702748,27347887,49936916,88600366,165303822,254347888,718496341
16360047,27184483,49796935,88570506,165343353,270038262,653240032
14536653,27167143,49640673,88998142,160391284,294650198,675238786
13188961,27289108,49737540,89063547,164532980,270530744,652027963
16332007,30112534,49537372,88570317,153151231,295561125,681551352
16295379,27401739,49832472,88535626,160819352,291049616,680311283
16634113,27522576,49794542,88897266,159993002,292681383,652853054
16064985,27375719,49905351,91314829,168440819,292510948,715930323
13561398,27316865,49738285,88675041,160999981,290778461,649395654
12380209,27444578,49922896,89053546,165181155,270977882,645322118
15914302,27278394,49653542,88678694,150654891,292346137,799653958
14905344,27961378,49814312,88886154,160614046,288134867,656821798
12468001,27552206,49851708,88519075,160752683,299592252,639690518
15995489,27476622,49699457,88607953,161123530,271930085,786960186
15989689,27415162,49642753,89309511,164825945,289818331,721751568
14165840,27679810,49755009,89356338,149895258,267782252,627821884
12812867,27483102,48352485,88773074,158006272,265890381,592048279
15706215,27304679,49885654,88846791,161235893,273601510,652113966
15732598,27309587,49874168,88461601,166254969,265772438,717993740
13319331,27380215,50224334,88668356,150379945,269254452,743531152
12345246,27222360,49724257,88898259,161077029,273350995,719079348
15794555,27470855,49891226,89033745,154998961,269677176,679754950
14973384,27334425,49855207,88528818,150334818,270936407,613144435
12508551,27420828,50400134,88859707,160525096,291575457,678747575
16177759,27379590,49935669,88712191,155838173,291194718,616015079
15199501,28714708,50097230,88797785,169622338,261881089,676159831
15250270,27582891,49848184,88733176,167194047,272567913,700405602
16258299,27644656,49894070,88534436,144476719,280623409,741246792
16955752,27236694,49793392,88495022,163886377,290693148,773419960
17116858,27345908,49825693,88996784,159010872,268210136,729741506
18157500,27383819,49718771,88639496,153948753,293990079,744179913
15596962,27370828,49725521,88700137,149659074,294572430,762588739
13577466,27341136,49736953,88592361,162138557,277532696,737463945
15772271,27367102,49946358,88767747,169779522,293607710,747188122
13784102,27427917,49833593,88804928,153346996,278625246,690473650
15400282,27560513,49719402,88747992,169585539,289633271,705152104
16039270,27349612,49721440,88737528,156431475,273993027,684757692
13289321,27345859,49669506,88442605,167090564,280014945,714465887
15869904,27635910,49764581,88811926,161550959,295393442,692323185
14057048,27311855,47638416,88632594,169125615,293292740,696743560
16198127,27325838,49855702,88649658,161470621,291592831,693658799
16044133,27403297,49708211,88634039,164841862,289106859,725484711
15983161,27366267,49852500,88602022,153491601,291303252,651792860
15940750,32539808,49811736,88461323,165787603,279159369,714303388
14124737,27531809,49677251,88479446,169811084,275670294,672991483
12731119,27312146,49772498,88525922,160847491,274435508,706162672
15853761,27256109,49737155,88809274,159034821,290791305,728952854
15939582,27426395,49850479,88825211,168641680,296781236,669794130
14203008,27571954,49854331,88780981,157959729,286387163,684038435
12814250,27696395,49981101,88578659,163795945,285093150,732735496
16030210,27353913,49687291,88475635,164737709,287755022,891736005
16026021,27346021,49896217,88821243,158755866,293504478,709161773
15956676,27318524,50188823,88545178,154970232,273401694,638777672
13656145,29786661,49853567,88630602,163685317,275230838,727749316
12196749,27706788,50523228,88295214,148816951,282303396,718345756
15905363,27427024,50104476,88878639,163703644,278665542,714774043
13756629,27411104,49817629,88892213,165045820,264601052,826386118
12315120,29614376,49711034,88667753,156033938,273682692,736878296
15995491,27290247,50136443,88613598,164512754,267533756,663302661
14223348,27371576,49972240,88642894,161576613,279027306,684331273
12774232,27413485,49784946,88312364,149996806,273143068,677776366
15388032,27342904,49870177,89070745,166281806,290784217,690943217
16022249,27407865,49820110,88673476,151399155,291608071,752142648
13668604,27401391,49853363,89684159,152643765,289531500,693718801
12600243,27417472,49906901,88483983,167716598,292147691,705167084
16021590,27400218,49824755,88951823,150083159,293444556,683834850
16068913,27373749,49718278,88893835,155482711,281524119,577096557
18508849,28928300,49810387,88620295,161142728,278313833,683718332
16038776,27312301,49674667,88681644,165781972,270989863,684173976
16024227,30204385,50013180,89037138,162714608,253499179,664620002
14254081,27487071,49779279,88490058,163620405,261608662,684542834
12796304,27380383,49805187,88712803,166136090,268634547,659743639
12845978,27447998,49781061,88922765,149781479,273655797,718377514
15910184,27276167,49680537,88461340,149466776,254473754,584148483
15223911,27321625,49748791,88519150,163127022,273901928,725475305
13373837,27411295,49916692,88604578,164219590,293735904,826705212
12133645,29147996,49784917,88723400,156422150,277885563,669966671
15770782,27381721,49828287,88975854,157748390,284301733,686360673
14132764,27394602,49848369,88654988,162994816,264186709,556779625
12853138,29689000,49729282,88493066,156957555,226282623,710269130
15531714,27467310,49712537,88877436,158591843,256690742,698714017
15026859,27366138,49767050,88766248,163506411,293692840,716843768
16426306,27248843,49869267,88729767,166386500,281418495,709847806
15927141,27532342,49741538,88436449,151427880,287321831,665480416
15848798,27364090,49911507,88608000,162676685,268578856,656573894
14112861,27297150,49703697,88964249,154202019,272448330,697586328
16649660,27418561,49849283,88507701,165205196,269343965,668519636
16035682,27422456,49904487,88840537,162839320,285834096,705389060
14170935,27364171,49662955,88759725,155237577,294598929,740345527
12744454,27309887,49740715,88746751,161839390,271387629,711988926
15941658,27326007,49774924,88877270,165109323,287196095,691784845
14208774,27337113,49820643,88619725,164100705,289122291,765946885
12750675,27379845,49796616,88790991,162104692,266930841,684338395
15696136,27333812,49828366,89067833,162684237,268985582,740163173
13657124,27169074,49592338,88378416,158252885,260904927,727092170
15752570,29840190,49670971,88582601,152851958,290503955,675580668
15628217,27519355,49794543,88615779,157966383,283027427,700470126
14807392,27418622,49837242,89090399,158134810,266357477,852469596
15170712,27680328,49732201,88730627,149298048,291475473,718362340
12687064,27411999,49887562,93226015,150614726,296690408,752105208
15962224,27393169,49729386,88500335,151631064,294281202,856709740
13539290,27354048,49810159,88658094,155944088,294516339,671388870
12235600,27269604,49794738,88814523,165234994,271496900,729677449
15870156,27318016,49825534,88519065,164029385,296674525,699573658
13531529,27352187,49899718,88647988,164796840,281254244,645828529
12236566,29472625,49669474,88475457,151368638,269726890,664416262
15991688,27352935,49848299,88456312,168173882,292462017,786665074
16055991,27455502,49849365,88986173,163445497,274007633,782510764
15947072,27333981,49748878,88494337,149900073,276922180,796043504
16056859,27376417,49566736,88801683,150612523,262006750,831186384
16055597,27719536,49841942,88492115,153358959,285367383,721459349
16075388,27419665,49621112,88675138,164011506,288065985,738801396
15977050,27525127,49708630,88855278,159495684,283332648,910770391
16458928,27751136,49853493,88627538,162105441,290041434,748166570
15998313,27432810,49780026,88915909,155672794,290175230,691028165
16098131,27378742,49850667,88636081,164191734,285247531,759094232
16134342,29122750,49727738,88578386,153356636,294183459,713998074
16009929,27403482,49889142,88926861,157942347,279759939,671046095
16125083,27362750,50339073,88656120,165969258,288983840,751320040
16088511,27392100,49536546,88755010,169430372,289859411,716767768
16040813,29094077,49868462,88645618,168614404,294075433,762738418
16321926,27375214,49682063,88637424,158925636,290698639,820733892
16515399,27431643,49763331,88711576,163089150,281720038,715140413
16453639,27345014,49886043,88855412,164990822,255158640,736476413
16366022,27510884,49750996,88592346,163652303,253651745,730416504
16470068,27286124,49688541,88641982,164140744,253499542,739839530
16475104,27541487,49795651,88610953,155433767,248148202,715713392
16379878,27235500,49941257,88656384,162604712,287845661,732114972
16411504,27312480,49514607,88640871,149952200,288727769,747646137
16370423,27274909,49670540,88659993,152776198,282822567,750921304
16504780,27499905,49668673,88715123,165540008,279618704,684688163
16398397,27238202,49886942,88639114,164534054,293458943,706639467
16254980,27303475,50126269,89162926,157061965,290246734,723745783
16540544,27330182,49777385,88923480,161179171,264288431,720618977
16382937,29334552,50024731,88478529,164548972,274590318,737879896
17060813,27461856,49764324,88756397,164250533,273425667,732422882
16504329,27496205,49833634,89092489,151595629,293514346,670239679
16420816,27521009,51204348,90427223,166932678,288792161,738646905
16404033,27369336,51180670,88681737,156702126,282129570,690577801
16294349,27360002,49833409,89037329,163727786,277394512,721468950
16395663,27352299,49760101,88582931,163138869,285397731,722229947
16312297,27428399,49870219,88659135,163349005,288635748,712634342
14343284,27383442,50319619,88572778,160649746,285520764,701975663
13002051,27321209,51296402,88604502,165689045,283216985,703946244
16159556,28318748,49843175,88656938,162846531,293869883,730159744
13816637,27377891,49647879,88795935,165285330,293983762,714226661
12532925,27247527,49757289,88797151,150692952,276667151,791643141
16230610,27329353,49827357,88740243,163856085,275455412,627568407
13745676,27359884,49768660,88749245,163288398,292565136,648531406
12529920,27355078,49748511,88729651,161380468,271225052,770235392
16112342,29129705,49676077,88841204,158884334,289487276,677947594
16304643,27417496,49711532,88362379,159958242,274823610,651555303
13801197,27374907,49806138,88911742,152288496,294872775,745399803
12708283,27331312,51021532,88610908,158245191,271711078,634610495
16206921,27198626,49783401,88625723,163013734,286284295,634338087
13813561,28662196,49759295,88430686,164049632,269490789,637180038
12389948,27229481,49766948,88543721,158595066,270150695,700897259
16207244,27407425,49980563,88901159,163877110,281525877,651418333
16301092,27587831,49647697,88549999,165244852,283668319,674516763
16198657,27539268,49840929,88764089,160833715,280830430,704752879
13807246,27587070,49814407,88566992,149595942,286168961,684841004
16339284,27358640,49835596,88666777,149710780,260537804,642883611
16227029,27677750,49622420,88841830,153400324,280325160,667951587
16400434,27382526,49935205,88995280,157038178,276737688,658066386
14669258,27387232,49873120,88789480,153423695,280597007,601823460
13108360,32315724,49754573,88989619,161635117,293089880,767030906
16427316,28249658,49866060,88543570,162105022,286825718,701611037
13979480,27179801,49572976,88811768,167988531,292180763,732729947
12615601,27176355,47211850,88498810,161547177,290144076,750641383
16271414,27960047,49672056,88480801,165743452,295009876,675944441
14655609,27503806,50329217,88617814,164109453,281985829,648342068
13150355,27179921,49700959,88679280,165420900,278416865,772954006
16292213,27354416,49651583,88837589,161646405,293491584,609961578
13946284,27925132,50369333,88773015,150051647,282902946,613250846
12575090,29368803,49946919,88840343,160035391,276062864,673151077
16356682,29767156,50755470,88571987,151696485,275963126,641254896
15650669,27677479,49857299,88580379,164528868,288713236,691243354
13062654,27503932,49772470,88766489,165669872,269017439,689728842
11863504,31918449,49664486,88686503,150148459,277209689,588869717
16322938,27974427,50234535,88766207,163596314,274707313,677666915
16330628,27721292,49765824,88800246,154817659,274684400,706422763
14498368,27509010,49675657,88528558,164946221,291867190,689546560
12583674,27616720,49730305,88337656,148829128,283707880,713489536
16240324,27600757,49947089,88612435,165883675,264602017,712281065
16450713,27719329,49697102,88709987,160100362,266784072,667157869
16384463,31545219,49805800,88500260,163911174,291185013,713078809
13875125,27809972,50561952,88581958,158054178,271694770,670612788
12080892,27565269,49913617,88800515,162994981,284097834,579702226
16134083,27578173,49680165,88955240,161320477,291464355,618802052
16270058,28099536,50369497,84645125,160461679,292368554,650057078
14506556,27736031,49844922,92421650,155948096,239998994,697848009
13169374,27687101,49707266,88991373,148814947,269779369,691253956
11671514,28889405,49684680,88756929,160482853,270355815,699508324
16281236,27453277,49765968,88852897,149395390,277810461,641222206
16276575,27395964,49596421,88531580,174148905,276194106,668911501
16235336,29884102,50085087,88764029,163494066,292251822,654575374
14453750,27413056,49613224,88815423,166669831,266513040,778588488
12558114,27327854,49867613,89332867,159324641,293476603,702450919
16242351,27456485,49811411,88931610,161738720,301434085,689090030
13800115,27434722,49791585,88716478,162766616,275284776,863404295
12625688,27556664,50363521,88936217,152498414,289844825,687177525
16192872,32977753,49959828,88779323,164499476,270850637,725377226
16291801,27635653,50947604,89026882,132606200,292232686,846048800
16427109,30318958,49747766,89352473,158296781,266339281,557523037
15357730,28261501,49787204,88693112,151726448,267971752,611637379
16327633,27558448,49906943,89425320,173435207,276811884,694608452
16367871,27463720,49616235,89381926,157897174,276700199,659239362
13906099,29280720,50531041,88813978,162667750,286101364,704840116
12538511,27314398,49645898,88986000,150217533,284854156,743787780
16275304,27618818,49773219,88944946,173084909,295096992,684956963
14496027,27529274,49893394,88833494,165703452,287454083,687018790
12658552,27434613,49748195,88890377,164762748,295357989,706231159
16246780,27481045,49709863,88799240,163716082,292068383,723602001
14749664,27623117,49863359,89085342,168887926,293063213,674398031
13204806,27418528,49746353,88635487,163806823,293598280,660616721
11582078,27458598,49590372,88774144,152104937,268801811,743900246
16193913,27384167,49815454,88942546,162663227,292868366,766524413
16339818,27457106,49570058,88801137,162975584,278854799,776235196
13778871,29253660,49466914,89026144,162538452,295183020,735191709
12653754,27482729,49686394,88806643,164197595,287409858,682172384
16183077,27467027,49827558,88817526,158239671,291085157,726384411
13834778,27425998,49852994,88955093,165868291,279271583,742612778
12582304,27468893,49802742,88673305,174724842,294221497,722578018
16310467,27464893,49652029,88789136,168909743,290385474,680895123
16477376,28184786,49718518,88743902,150519379,270850929,704171401
16268792,27514602,49744411,88701027,161571903,292317065,680259673
13928653,27451057,49879257,88808216,150469360,285753438,670200305
16383651,27478615,49693090,88971716,161160218,265277193,700853916
16357467,27445552,49877258,89119595,174397517,291075189,699769686
16380060,28064447,49803037,89414717,174182058,292610010,814002654
14571559,27648241,49404198,88670049,150987823,267733461,694537245
13185991,27467288,49688773,88801784,163852364,282306224,682739218
11473675,27559028,49688949,88944225,150205936,275348805,826042859
16343109,27515010,49742882,88693944,164252183,293229498,654213994
16476637,27422018,49641053,89094076,155899242,261989346,673353954
16323560,29300727,49776616,88892292,164337810,294300264,655529440
16330541,27521872,49545819,89006177,163969126,291199111,651030195
16393750,27425636,49821207,89048677,163544384,274432754,667936777
16415582,27323759,49733366,88816884,160349067,289967744,663146904
16488078,27466863,49915810,88534686,163592382,289462808,675239237
16469351,27344025,49686484,89037861,158653820,275185345,645185270
16405293,27482649,49771080,88758092,159028294,302798076,630201063
14509255,27451241,49727950,88726792,162250090,292418042,629873245
13162268,27529138,49639869,89114092,160653586,287920853,542448439
16400528,28233966,49653932,88592325,161282691,276608569,601861148
16383938,27550014,49705252,88991647,163899458,260658563,828113894
14532595,27407489,49781534,88464891,164422148,282053776,634533335
13187231,27441109,49617375,88743084,158522534,295951304,646079331
16326578,27422850,49759775,88806630,160492188,287191538,785732946
16341065,27619983,49673680,89146593,158613878,280197479,642184615
16241751,27504607,49869468,88944572,162947566,265257247,698890004
16284125,31499622,49645948,89010310,163247463,276670555,638482513
16293140,27618595,49784118,88924431,164142265,293033321,654226845
15783452,27414463,49754923,88601583,157824733,267664351,689122191
12521747,27500269,49905425,88541474,161516210,293147199,693039421
16260383,27376115,49595041,88890988,162259639,289568284,701389848
13976101,27496991,49831110,89142173,161535971,274575392,698553482
12561695,27453322,49778901,88887206,162602004,273108877,707535523
16246647,27475837,49652082,88806672,161824462,290456459,606680744
16325062,27500770,49802760,88947191,165776691,260327696,578667601
16335622,27547054,49756520,88664406,161230116,291798607,667319280
16368142,27480891,49961522,88650185,164593876,287640181,775540606
14539350,27490435,49609431,88718223,161830278,261079826,524921394
13143898,27447546,49605054,88523471,162499297,287282412,563958012
11493935,27484539,49766053,89512884,151423125,261177302,694714431
16268485,27291316,49899811,89313419,166643075,265348832,625247945
13772813,28087775,50238784,89060214,158921464,289284122,716250476
12595152,27596502,49892424,89011584,168345558,291799072,702705354
16119927,27476824,49583205,88670591,166961141,257309353,657303050
16260503,27545995,49758211,89012646,165589603,293669885,649073286
16441842,27455016,53685255,88805054,161841567,280575784,640467359
16196432,27930891,49763417,88741661,164139746,272913394,614554688
16121486,27473581,49875990,89057875,165122715,284116554,633950113
16119570,27469692,49894559,88703443,164830665,264837064,641952291
16216703,27914638,49803618,89204552,164578343,293110875,644791801
16103277,27567914,49885494,89054639,165873458,263577458,601309618
16061306,27522972,49761410,88822981,161500027,288476405,696362318
16020964,27554475,49826217,88685124,166339940,272228765,635450546
16211125,27523978,49663530,88406917,162578806,296404223,611682169
15969894,30182647,49687961,88784087,151551631,266711991,614626495
16112246,27647392,49828711,88997223,158042993,261536769,633195057
16000945,27551384,49863961,89073887,166430719,290967822,592525913
15587663,27471021,49685338,88949883,165129561,295334589,605267189
16003743,27623599,49743616,88929119,168303670,279873107,554462447
15255322,28749916,49736444,88684737,161424727,279096792,524699374
16086224,27496623,49683645,89163950,163849989,292360945,690570806
16045424,27508604,49613193,88791026,161759620,284829135,721147601
16129335,27746245,49688043,89072928,163127347,276159790,551798143
16292780,27418542,49592785,90702804,163562779,260467838,632790456
16202214,37045261,49744940,89073359,155830840,287438550,646333829
16515631,27638255,49858754,89355107,163112512,284670754,635250325
16405406,27582748,49857889,89061249,158683029,293412607,623642566
16318615,30822122,49749970,88951808,159793259,269029263,562443297
16518472,27381746,49841769,88760565,170788019,268680564,664777478
16154036,27304139,49817407,88946463,164141335,283358275,648359081
16220578,27309051,49669945,88826116,160727298,290175321,577968171
16032462,27176023,49790221,88855081,170595453,286785043,580251263
13779288,27605160,49774313,88610726,161731272,283831338,634476397
15992908,27233191,49899032,89300226,165332931,291813374,576000671
16107655,27166462,49761045,88944720,157632137,264568999,756740706
16201696,27082245,49525971,88684946,157418102,286874530,583204881
16177602,25485919,49982623,88916380,165007466,262121389,695644019
16116555,27238750,49763319,88762107,154613847,293268648,662874312
16219785,27211693,49544739,88735355,165559399,293364446,591439529
16210139,27837605,49708801,88865699,163493279,272871542,630619919
16038974,27337249,49810149,89216138,150605835,276815806,637522372
16148482,27237830,49702191,88779594,163112205,272027073,665871985
16094456,27168848,49791288,88721432,156688275,288954091,732373767
16145167,27251182,49653914,88874580,162010477,267321183,621459909
16236996,28172606,49644621,88902382,166500361,283629246,623956565
16028406,27186739,49816992,88971437,165699459,264009904,666257657
16037407,27223741,49685810,88729502,165036317,293203266,723510891
16130757,27213873,49716880,88910588,154322772,268143494,644517909
16048732,27259984,49814242,89233874,166839421,283628454,620896201
16042762,27233844,49611908,88883152,149904788,263609657,542623199
16150891,27298343,49647285,89171847,153111715,293048241,557885530
16235591,27250058,49975540,88729026,154321675,290826445,530143136
16147764,27304324,49677751,89702918,162849199,294018408,570997770
16161965,27360990,49686478,89098410,150687020,291513677,594915594
16069589,27139267,49628794,88604369,157046380,269369540,631719454
16104910,27157582,49435025,88873941,158222905,290444423,637844133
16014377,27272011,49790434,84905596,164186620,294107160,582138563
16085338,27174539,49693245,88725929,158535281,295480581,614639739
16122380,27033581,49720701,88814981,164864163,288387631,629082500
16039100,27281571,49716695,88951596,160984451,285541523,598992086
16111202,27294748,49743017,88916659,163964344,263822260,624540046
16258910,27276947,49850949,88963215,163012884,283578703,589956307
15867951,27848054,49732804,88899927,162442060,291202081,639448515
16145097,27341481,49857460,89140526,163352360,290769283,673956778
16067505,27234842,49782108,88789725,161808216,277841931,632923026
15779694,27240454,49658346,88684001,161341380,286737927,645807491
15874583,33695558,49620358,88999434,163858000,291683044,650570218
15750686,28505150,49936193,88822001,151051572,283705261,560947968
15793021,27275305,49772918,88758646,167879585,294544615,783801698
15704591,27276726,49630351,88667814,166750976,267674217,639560652
15783288,27613800,49656519,88874115,166310611,288724208,621438453
15758463,27320888,49789581,88594076,163920749,288234894,795659672
15773427,27351372,49633908,88979138,164318876,289476557,645755049
15767472,27368563,49837278,88892481,161378776,279234860,629327888
15702066,27096737,50096990,88994157,163276736,293627244,633427560
15817136,27637968,49985367,89118571,171495348,267758257,662618420
15730157,27597684,49720690,89017722,153118597,292425032,655755365
15722266,27343165,49654605,88659979,155020959,280375517,640234637
15720571,28052919,49787294,89000423,157149698,276418487,660736861
15787372,27421196,49717750,88842357,161715982,229001046,612352094
15752159,27429066,50618135,88858255,160228077,289408475,683901175
15786505,27361376,49643142,88566956,165398082,278491616,662290185
15750098,28281174,49798233,88894016,157632005,266359151,638456145
15855895,27322776,49656420,88560962,158163594,277282016,514756571
15738489,27318567,49874455,89092955,163280689,295573956,527647206
15716307,27322672,49775882,88911166,163168120,281919003,683815181
15730546,27588458,49683296,89122198,155110888,281139176,668281687
15624024,27373386,49685866,88661499,164071602,266659064,827547830
15837124,27311898,49876341,88891825,160138567,289654087,641999725
15633261,27394793,49908477,88917738,163596806,286796884,549167561
15652879,27377410,49712492,88866975,164549505,266851112,566796017
15412167,27396352,49700637,88767335,163211657,299640604,637859200
15353377,27246567,49606938,88886720,158273151,279869858,612243662
15734758,27894488,49704646,89174563,166240935,285299117,641145826
15746658,27471241,49698587,88617492,161626801,293293632,613207041
15687904,27422530,49751551,88608685,161570182,286456732,600950780
15625495,27407668,49609145,88743857,163978797,292594022,663884696
15725739,27272393,49743133,88845591,164352847,298851200,638905890
15875160,28065029,49886205,88692183,166513721,292420390,595720147
15963341,27380427,49644841,88686330,162534216,276823463,661602914
15875716,27225762,49866675,88854688,162563019,286393192,553005013
15944999,27285517,49919993,89009224,152096474,291313839,541438694
15966575,27315650,49697427,89489336,153925534,281404433,605336503
16047674,27316207,49961725,89011713,164030481,291811527,690644165
15985262,27300526,49831829,88929758,164716206,273825433,606254699
16014425,27230853,49870135,88865071,164279673,288824603,526823508
15989431,27348281,49796971,88689675,169020116,260395307,731564510
16026992,28661574,49738792,88757237,163915631,290629205,641877567
15988056,27273871,49678982,88882088,163478654,297078293,553800940
15938172,27298054,49833216,89085544,163054886,287830101,798890082
15992768,27185830,49842905,88745509,158899448,286359958,622382481
13425908,27351316,49691266,89056462,161696011,264015351,562808578
15827763,30322381,49689682,88738951,156906385,292725171,642340869
16017395,27372337,49808454,88867667,159586244,266747585,589048024
15941285,25683345,49815690,88744428,161260807,294042182,603111509
15908671,27309012,49843999,88685083,162397552,299342649,586868045
16103091,27319205,49829840,88995507,154536448,279705132,590209238
15969664,29599842,49471892,88916986,164022790,264456185,636496723
17463979,27466828,47365183,88840570,161734141,275590271,666748666
17318616,27211313,49645792,88899866,162908073,296536156,708860493
15926604,27322840,49722170,88852776,166060334,282985892,667939112
15858379,27209406,49649031,88706792,171328936,281142409,680534522
16073360,27364516,49684355,88816133,162404546,282522541,592803309
13423118,27418646,49769766,88610588,165643634,266524959,607326747
15831463,27266339,49766095,88716781,163957222,294977605,728670053
15929910,27327812,49780501,88910644,157534935,290304852,759001173
15909283,29121301,49736061,89661746,163132606,293183146,626795188
16014516,27467314,49700622,89084840,165629618,291733300,644210928
15056511,27313114,49702645,88752039,160930699,294639707,653655417
12558823,27304287,49826037,88583173,157382874,295151655,653069954
11071901,31574197,49818096,88975503,163030789,280910139,659280413
15754584,27255059,49889640,88893163,163314290,289403036,629806116
14099450,27243385,49704334,89229707,160454095,291815834,569707478
10819619,27268072,49513007,88529637,160611303,278940238,846641031
10208841,27319191,49924142,88968794,163411378,277004560,593817367
13168256,27304952,49814065,89031740,163559661,265299240,706128931
15799200,27389965,49767990,88971861,166652159,295634660,664014718
13425056,27375449,49621572,88765820,163994068,276886022,610945377
15777172,27295616,49790648,88835154,160508810,276914176,634586327
16073179,27277110,49797242,88917203,166179144,290975440,668368252
13241094,27319710,49837724,88937599,167837621,281492310,696895534
15661434,29654160,49724588,88651974,164298217,296154581,602637284
13813579,27376493,49622665,88691096,163452830,276542157,599421160
12455381,27283744,49588843,88765014,164418000,294342654,699262873
14323777,27413178,49733268,88832421,164499205,295700721,637834584
11972802,28982019,49814694,88987213,158421690,280419364,630927905
16179269,27296978,50515118,88635904,163735881,283383928,619414046
16525665,27671330,49664525,89031655,161659704,272447862,526834846
16349627,27343316,49714366,89321307,165805467,264100235,677716125
16313214,27278302,49648260,88658145,161159441,274620005,674471898
16387245,27283411,49667579,89647768,165222669,263711420,587653603
16421529,27624771,49918871,89029517,164263931,273926317,613043448
16349727,27430721,49588657,88922888,164328686,295576844,605438342
16300693,27310647,50375964,88925095,164156872,292197147,657542646
16375877,27268139,49978418,88882120,163666847,275082771,627284254
16993202,27530009,49654472,88904103,159334743,293212650,550794185
16514633,27356946,49663050,88692051,163525048,286818171,643684798
16437197,27181065,49867366,88806708,165408027,268102421,621781637
16281970,27219836,49766789,88761215,164994663,283807223,918348649
16358348,31989778,49678388,89006037,159071451,288814094,626605263
16149999,28080487,50003500,88702236,166754120,294791198,692910719
16339275,27339918,49723550,88846472,161000992,291848288,595378036
16780925,28633033,49927686,88675819,156337219,259167912,706249671
16205075,27287785,49943013,88765698,164968783,288087427,664814787
13684871,27392217,49777779,88754089,163642736,288746229,799244423
12393524,27865464,49859420,88925030,160301600,261323811,686223695
16159803,27541196,49800034,88740061,165659335,257568380,693844421
16322688,27297035,49912303,88938633,163450797,260424194,860101432
13880674,27337981,49658302,88637653,163377606,281420898,543991623
14370784,30290671,49906862,88571139,163261677,293231405,683568317
10761820,27405136,49729045,88839369,156513756,275540477,665845754
16145547,27263077,49704575,88537772,167550636,288660561,704705693
16264454,27289598,49688486,88809197,164645267,288429991,637475469
16234855,27647587,49563044,88848412,164418401,278952281,558439563
13674702,27467452,50328365,88917384,160613939,279083318,654417469
13775490,27262254,49798400,89386355,151356804,289132845,706689191
16291297,28512754,49375409,88801595,165565450,268196960,721751185
16158635,27416786,49667254,88835000,163053353,294371586,627114323
13668100,27154901,49608219,88697566,164733000,296588305,702285497
12438371,27292179,49635763,88864214,158194886,283684093,674052464
16152885,28403428,49742042,88642351,164972996,279257324,803976652
14286546,27371193,49952512,89037064,158260536,279342759,675782229
16116045,27287605,49675510,88789190,163155964,290880088,691467163
16398521,27389786,49611404,88969101,166287670,275228784,791014970
16202308,30624193,49783794,88867814,160211043,291885390,725131732
13696890,27301802,49815185,88962166,170128431,286767993,676773085
12277330,27305111,49846364,88799451,164234520,287191735,759041843
16104677,27313375,49719194,88706808,163516739,287493452,599170504
13331425,27358657,49840602,88874455,166258682,262684344,559112302
16132020,27368607,49710568,88883194,169706098,278202524,830039062
14413961,27744925,49658504,88511618,166852166,271774325,628551402
12877468,27365101,49732059,88716652,176251693,275861115,678600750
11499893,25581774,49765255,88699524,157799539,274195376,684983557
16159199,27393572,49874459,88644923,162020566,287958915,717463019
16150994,27626687,49922900,88581152,162151103,273471793,723148041
16255164,27725723,49734287,88776827,169407200,280064594,633227632
16259088,27504093,49667148,88767032,160271240,288896520,695439323
14670618,27795822,49707192,88932145,167264444,267127256,666018580
15686179,27463451,49642353,89670182,160966586,279098580,696960589
12021246,27331702,49868577,88872232,158427261,274479950,648923625
16308418,27457602,49720038,89158012,158411865,275396585,706834820
16161070,27492735,49806223,88974048,166397752,280679065,566043501
16318132,27365099,49587230,88808223,164800774,282228071,694362142
16226437,27362710,48348060,89149449,158152200,292284521,702130496
15834829,27454032,49654437,88884076,165065471,275054130,552956907
12854361,27412781,49508422,88826588,169065156,289342173,792490591
16247627,27249704,49618789,88897533,170252312,293483371,697016353
13629064,27731052,49778620,88711295,160266224,287698240,712281832
12421560,27473675,49811028,89082769,164639304,295222213,737483415
18241346,27483655,49862364,88844497,152040137,268425015,609405736
16275378,27470243,49657860,88948805,164374792,289162604,592978210
13655584,27274731,49742696,88830978,166838176,278008546,690035305
11904196,27188486,49722603,88857677,162375992,262990655,687120973
16048553,27435647,49859775,88878084,150333434,280007259,688452578
16076739,27405395,49556647,88966190,157642850,272670054,551382259
16090173,27552663,49727231,89111375,163951380,277860076,643892601
16230800,27513966,49607348,88691723,152930177,292949052,697269992
14405939,27552648,49638367,88953213,165637346,270142868,721815247
13007570,27501224,49748102,88972257,150507219,294465312,708329300
11260039,27235670,49796947,88916523,156165560,282341563,722824162
16112773,27344040,49623327,88626638,167029424,278128927,710440919
13638037,27391269,49700993,88891040,165467077,282859543,710455603
11929087,27363582,49860826,88793686,165348059,279505339,680986005
16000700,27469698,49772825,88905561,166387215,284327055,642635314
15997755,27377046,49759229,88594798,171857690,270235998,716199490
16032371,27324782,49585324,89122062,165247861,288598621,690271950
17330202,27402986,49547329,88902694,158233632,277747585,694394257
12961071,27354560,49825651,89000313,158522142,291112367,674854930
15746824,27479128,49727263,88701948,159022324,268517334,692359699
13438878,27430992,49700739,88587394,166269920,265883999,793200524
12247302,27480521,49696928,88776661,163522803,280239206,680109960
15850547,27508007,49749869,88946282,151943281,260534666,705447701
13443279,27409825,49869545,88675387,161610788,290501253,709331259
11630617,27462929,50059437,88812500,161233933,293312940,672290381
15894298,27688487,49898346,89134378,173445220,292594818,709250841
14047035,27607087,49624340,88829200,162282870,293634499,805804873
12801883,27795836,49821792,89076875,164511630,295142552,743883711
16005226,27353300,49770423,89004847,170099446,293984312,738015761
15977965,27466377,49894432,89031409,159668234,282544718,733357112
13949602,27374866,49826306,88897889,150352305,297314351,735318418
13334978,27305672,49703496,88773270,163355012,265608991,746164962
12376372,27435549,49580874,88471715,153893651,280119280,712928859
10441810,27469270,49890846,88436303,160770658,268783560,704596949
14680851,27380750,49766176,88849498,157151603,287547644,718952982
12601910,27408800,49806640,89065259,160670066,276027191,724200695
11220657,27300475,49989850,88702435,157025065,283268771,736236924
15830321,27410108,49726973,88915783,162248661,273758874,701926417
15951183,27359354,49651972,88685044,161187704,272438960,754098091
15991075,27327327,49873957,89090858,163854418,291735436,754389846
14134119,27436330,49632508,88794559,164378224,299853599,676465158
12785898,27470434,49701309,88640834,164818552,278835220,700790165
11156178,27329394,49697720,88887977,149388620,268337725,672720487
14380989,27350710,49663113,88853933,163390830,284206376,725582751
13001441,27391987,49569882,88759544,157619053,277062029,733912617
15817483,27438290,49830262,89186412,162136481,271077954,668199916
14269761,27527047,49725342,88879197,166632648,293409120,757697063
12299958,27398829,49759132,88999316,154367703,289164521,719219587
15859310,27548282,49769793,88696197,170176237,292669505,748736919
14080351,27494868,49847554,88929606,151018663,271152398,712532251
16075649,27328217,49646516,88868758,175112316,278864435,749576540
14231865,27434420,49568937,89125727,165680934,262704116,746246434
12572937,27455217,49699873,88887878,162858325,291260421,712038982
15907250,27470977,49577695,88986927,163442924,292047807,744514416
16183281,27520695,49753890,88845920,174109179,281150912,687866117
16093236,27346076,49670440,88887552,150550659,273330652,690574384
14196900,27453536,49883703,89156090,167292007,285743714,681926730
12829672,27469577,49848735,88786079,165816763,284344837,660419643
11207117,27536514,49842703,89003193,174986662,265933717,655218808
15839955,27374346,49737959,88851138,170541337,269748495,697240967
14071145,27428629,49828687,88922386,159983880,288088250,690562231
15964694,27312935,49640679,88822011,150730772,277708660,616186479
16058538,27500386,49730729,88467706,162191668,293853705,653018925
15908846,27325582,49896078,89391561,145558891,263552748,636119067
13460319,27489980,49817117,89140818,163907577,267069364,636883958
12348674,27536713,49833238,88764396,153073097,278542354,672740430
15610074,27486955,49716121,89032133,158558578,289628821,657271690
15791029,27538027,49671544,88786311,163154502,295658126,699412189
14128763,27182964,49574558,88964229,156942793,289838097,725970558
12878862,27491087,49900270,89853588,150304189,287950047,686854865
15938814,27329799,49677233,88693940,165009025,275140703,690746073
16007484,27465642,49558353,88762353,174895401,292555903,691072258
15797201,27388746,49895874,88602711,164323964,267858502,700693495
16058802,27372038,49772490,88656782,158570491,262783511,636507483
15701746,27516951,49791993,89076315,149869235,290189187,713144013
13955166,27495621,49597997,88640502,164216248,294399248,660206258
10846714,27307808,49752792,89248168,158285887,277494395,681097321
15521889,27366197,49804907,88808936,164696492,274609297,705268232
13821229,27555098,49591237,88986271,157017719,277373540,733171124
12385791,27425777,49664881,88690590,157281080,288383728,700554788
15571634,27327928,49736829,89047709,156947460,277571139,714954108
13774390,27388819,49636476,88743843,164709684,265469672,826641619
11783498,27586036,49666189,88915822,153100852,276530534,666800589
15559930,27585678,49732079,89013098,150460092,277336686,615993738
13736058,27417404,49779534,88989047,163520552,275373081,799645233
12477658,27380629,49775590,89075656,157928040,280845333,659895079
15396697,27318601,49698159,88714292,164732686,270210094,667093223
13090353,27365882,49671971,88818992,155935188,293365310,659286975
11264988,27270598,49944308,88580407,149957903,291912586,738060277
15457288,27438588,49578326,89076827,160007672,269941987,685534199
13742614,27439186,49625369,88923731,150544116,287443787,708717897
12462473,27327550,49756720,88820641,164281929,291886200,687893296
15456677,27318065,49722811,88591377,164485814,290351400,690943134
13741657,27215617,49703882,88892665,164894846,272589224,780399191
15498441,27367009,50267903,88796106,165315335,263492853,670135251
12981918,27171675,49926125,88970225,161504459,288295111,658112688
11868313,27231352,49726619,88698350,163111170,282703913,720475180
15556662,27280619,49781012,88763991,164263808,288412517,708388453
13744308,27348715,49816332,88596002,164627414,300670749,677654030
11548125,27402596,49724157,88818222,163866313,263852203,728844592
15739689,27208780,49807774,88681411,161389519,287288684,667509080
13367242,27297484,49739820,88974162,157552111,264257012,734944091
12143754,27361712,49859973,89075756,169196084,289997758,772838995
15769512,27351763,49763445,89326503,160915164,274024537,701535254
13423140,27414090,49975817,88846806,163756258,290576480,699110419
15841615,27345375,49742672,88814246,163476791,271132939,727749118
14194102,27415349,49782995,89486644,163880263,288999258,706839529
12066356,27423391,49556839,88808265,161149789,275222892,693755049
15833420,27226306,49678939,88939016,162782385,271533484,700743888
13049236,27298077,49721762,88907589,164079558,285091260,725037111
15588680,27284972,49610943,89023897,161398097,285407074,674474780
13877228,27364718,49613185,88925016,166258325,278441146,720507706
12548160,27369671,49995228,88670453,161044892,272770498,703680873
15746614,27487740,49663264,88725172,150573270,254204588,697229638
16066793,27352382,49692890,88715641,161793866,287092014,721484819
15634684,27470463,49832779,89317742,163138912,272674392,660833519
15742589,27457270,49668540,88825753,165300058,292710210,685853769
13112733,27416254,49823852,88860215,165833113,277116021,712591381
11183262,27223880,49734842,88786570,159454630,283494204,732222157
15711551,27349049,49717742,88723914,161078668,278282726,679889493
13134649,27323846,49836548,89033070,165361396,288425751,786299604
11528195,27317066,49799011,88882388,161413656,274917200,656790189
15655018,27642468,49708778,88948134,150629401,291346543,748030963
13941205,27608062,49856270,88691690,164988428,263071201,728209547
12408322,27398885,49683454,90177073,164533173,289340587,698167873
15449689,27589394,49610586,88899159,156396775,289255330,678972163
15421843,27900022,49817817,88802578,160274036,274229465,887602450
15677519,27433900,47187853,88754510,150720001,292808695,726566636
15958089,27518588,49643307,88728137,168782407,282007853,644294383
13992471,27560462,49725744,88922330,163803426,283241856,701640414
12583620,27633534,49813663,89137023,159917577,290958221,785396199
15533193,27664137,49844023,89478729,163080284,276230694,751661807
13772369,28707829,49731347,88779408,166714021,291636174,638777199
15708004,32086143,49734347,88885195,166057706,265582235,777134315
13143684,27697452,49743928,88978185,164017091,275651094,732932198
15550823,27663302,49871097,89149362,160698994,278821598,732114741
13007569,27636451,49740807,88817103,164262271,290150148,720683383
15412131,27907105,49686966,88852125,172650364,270365931,750687557
15702412,27298023,49654804,89059452,165573085,286752000,706022121
15852232,27389690,49574405,88898672,162898184,275532593,664639712
13710305,27298616,49826411,89052234,150083101,282915222,731673701
12264352,27554265,49881085,89079426,166316733,286286952,697934847
15685797,27639017,49839276,88857098,162016847,274158537,735993685
