b16,b64,b128,b256,b512,b1024,b2048,b4096,b8192,b16384,b32768,b65536,b131072,b262144
32974,32523,32487,33835,33497,34127,33023,33221,32239,32731,34766,33003,31557,33719
24982,27588,25923,27216,27751,30021,32060,30744,29644,30199,32148,30633,30572,29013
24031,25038,26315,24957,26389,30573,29628,28788,35796,31257,30789,31832,30761,28804
23631,23848,23946,24220,24786,30744,32022,34086,29279,29717,37248,30948,30665,36153
23741,23958,22660,22621,24216,28031,28919,29337,28572,29915,31267,30504,31153,28695
23512,23507,23055,22677,23692,30058,27380,27868,27421,28837,29974,30012,31603,29551
22690,23646,23333,22011,21347,29236,28360,27372,28253,30498,30619,29787,30654,27977
22994,22966,21636,21044,20459,28795,27300,28583,29581,28755,29751,30885,30115,28693
22469,35061,21799,20993,20644,28411,27906,27205,30282,29804,30264,29537,30298,28083
22269,22906,21676,20349,20138,24177,27000,26950,32911,30455,37227,30323,33721,27575
22399,22921,21387,20237,19600,26901,26566,32054,29173,29430,30620,30675,29769,29775
22444,22096,21054,20404,20003,36794,27388,27336,28394,30321,29112,31121,28482,28895
22351,36037,31673,20180,19375,28050,25112,27169,28910,29762,30371,30816,31736,28518
22329,22153,21075,20734,20358,28918,25388,43314,27463,29968,30494,31618,29457,29509
22276,22276,20806,20037,18779,28913,25874,27446,26975,29743,30070,29722,29993,27951
22577,21995,20875,20513,19098,27544,26609,27401,28352,29835,29862,29775,27931,34271
22012,22123,20900,20040,19966,27369,26747,26800,28096,30094,31065,31155,27811,28508
22004,22051,20639,18516,20893,29960,26947,27467,29037,29590,29010,31419,28337,28596
21894,25833,20526,18709,18086,27745,39601,26701,27020,29723,30462,33051,27687,30186
22115,21984,20109,18550,17918,29153,25729,27197,28337,29031,30406,30823,28206,29765
22145,21783,20293,18069,18550,28132,34276,27494,27880,30730,37935,30263,28453,27711
22114,21523,20137,18225,19845,37093,26996,25639,27335,29360,29855,44519,27857,27968
21637,21582,19848,17914,18542,25088,25780,27995,27942,29330,30005,30495,28117,28966
22091,21836,20340,18096,18914,26347,26343,27711,27413,29266,29799,29670,28566,28891
21832,21778,30260,18149,18258,25972,26562,27219,29297,31228,29516,29839,28503,27786
21884,21422,20112,17953,17985,26905,25633,27279,28321,30022,29622,30103,28828,30097
21411,21162,19646,17833,18364,26190,25948,27303,27450,30238,29546,31673,30204,26789
21506,21081,19904,18057,17987,26201,25627,28610,25480,30083,30670,30252,29100,30342
21171,21225,19712,17651,19718,23976,26223,27353,28343,29885,29315,30375,29745,39700
20872,21487,19807,17795,18974,25068,25413,26186,29408,30677,30167,30678,29337,28098
21119,20644,19578,17674,18271,26773,26175,28542,28121,31095,44571,30623,30071,28599
21104,20726,19501,17642,18457,23219,25569,27300,28973,29752,30334,30910,30570,29190
21383,20625,19281,17821,18481,24176,26646,27396,28573,30009,37882,30234,29305,30670
21477,20891,19220,17814,17598,23179,25612,28407,29832,29564,29725,29397,29191,39259
21136,20482,19358,17578,17600,23060,26576,28198,29636,29628,30079,31715,30330,28165
21193,20508,19351,17656,18158,25735,26251,27506,26373,30204,30277,30458,30634,28475
21412,20515,19268,17590,18068,24547,26101,27686,27053,28858,29706,30949,29928,29175
20933,20285,19207,17702,17960,23026,26799,26900,29672,28969,30032,30678,30940,28026
20700,20511,18984,17531,17674,22524,26608,26766,29771,29461,29722,31079,29491,29908
20504,20391,19269,17650,18140,24450,26588,27890,26554,30116,35289,41746,28114,30029
20816,20412,19017,25884,18811,22714,25688,26559,28307,29052,30856,32011,28750,27502
21032,20536,18864,17429,17664,22316,25928,27665,27458,30107,30488,31099,28575,27551
20954,21686,19933,17502,17943,25574,26391,27098,27789,29525,30746,31570,28976,29487
20861,20091,18880,17478,17423,28247,25931,27074,27105,29656,32974,29694,29956,29015
20727,20071,18814,17390,17539,26242,27958,27986,27561,30242,27194,30089,43170,27541
21006,20128,18953,18204,18400,24621,26444,26356,27299,29927,27749,31477,29510,30603
22843,20371,18701,17482,18560,23787,26005,27451,27414,28640,27983,31901,31339,28438
23036,20274,17829,17554,17888,21252,26205,26522,27277,29920,28168,65924,35522,30477
22506,27840,17845,17561,18085,22228,26014,28175,26580,29656,27592,29614,30211,31193
20809,20056,17553,18097,17690,23050,25736,29233,27216,29556,28635,30543,30267,27986
20916,19883,17863,17430,17978,22032,25589,27008,27202,30460,27088,30376,29711,29064
20432,20127,17823,17933,18134,22524,25771,26771,27598,31322,27938,32690,30649,28620
20725,19995,20632,17491,17735,22167,26158,26425,28473,30422,28288,31141,30847,28381
20515,19723,17757,17308,17572,21690,25898,28482,28521,30629,27625,29737,29975,27749
20839,19328,17588,17307,17627,21211,26066,28538,30387,30530,28690,29888,29763,296484
20457,19449,17860,17365,17581,23305,25677,28054,28646,30229,29297,31083,30365,31921
20376,19650,17861,17570,18076,25909,42454,27268,28901,29545,29235,30774,29994,32146
20812,19728,17749,17515,22558,25228,26748,27180,30023,29591,27693,31877,29858,31321
20876,19738,17755,17453,21564,25794,35532,27726,29378,28784,28757,31638,30678,31548
20126,19347,17466,17537,23552,26672,26231,26374,30331,30850,27846,29279,31109,31527
20026,19703,17743,17696,24541,26931,25890,28826,28705,30297,29115,33438,30361,32855
20217,19350,17445,17438,23161,26878,27540,26957,28328,29063,28752,29815,31344,28590
20287,19439,17637,17704,24820,27629,25779,27765,28665,30730,28123,46885,43113,28394
20330,19487,17493,17505,24064,27503,25985,27357,28912,30337,28620,29845,30189,28294
20063,19420,17468,17600,23843,26103,26707,27438,28989,30083,27349,29859,30068,30672
20154,19004,17759,17306,22964,26180,25827,27377,28605,29510,27143,30287,30271,30615
20387,18976,17548,17576,24117,27119,26159,28730,29404,29777,28372,30595,29787,30205
20181,18736,17596,17767,23358,26074,25848,28527,28857,29996,33639,31616,34033,31743
20022,18900,17701,17566,23068,27776,25499,27939,30501,45361,28781,30054,30225,28498
20182,18857,17577,17242,24665,26785,26610,27625,29435,30444,28912,34430,30587,39720
21280,19038,17823,17474,24146,28622,25767,27378,29482,29881,29874,29169,29710,28182
21717,18831,17641,17359,23071,29024,26284,27288,29124,29878,34348,30662,30177,30492
21669,18597,17788,17224,24391,28406,41652,27747,27720,30653,32536,30399,29819,27917
20259,18924,17748,17832,23992,28294,26628,27838,27984,30118,28254,30459,30735,27351
19950,18540,17471,17345,23865,29308,26824,28648,27632,29867,28579,43754,30513,30203
19814,18817,17623,17571,24675,28435,42970,26695,28188,29973,33703,32562,27575,28307
20013,18808,17746,17573,25056,28322,26677,26920,29823,30463,33000,30446,29512,31556
19814,18790,17827,17858,32054,28552,25682,28578,29221,30601,31609,32484,35603,42442
19890,18397,17724,17482,24690,28165,25454,28334,29275,30208,30141,31322,30783,28001
19626,18710,17804,17434,24269,28996,26734,27609,28428,30273,32241,31378,30499,28450
19855,18767,17545,17699,23427,28945,26975,28303,28981,29637,30966,30617,30393,28209
19823,18728,17585,17506,23554,27914,27282,27817,29606,31017,31068,30173,30318,30140
19618,25091,17664,17333,24748,28204,26784,29156,28319,30017,31593,30572,30754,27864
19632,18586,17391,17656,22986,33518,26176,28344,29448,42561,30644,37473,30635,36613
19365,18656,17598,17283,21909,28093,26616,28009,42280,30556,31287,29695,29743,33808
19334,18614,17554,17360,19362,27550,26193,26273,29280,30073,30415,27926,29970,31097
19595,18663,17646,17334,17994,26876,26531,27771,29818,30091,32305,44725,30338,32688
26095,18338,17614,17329,18706,28059,27510,27846,28577,29254,31035,27672,31092,30484
19580,18667,17546,17365,18265,28302,42551,26977,29208,29682,31701,27456,30116,27999
19562,18161,17607,17764,18273,30023,26824,27742,26705,34233,30986,27711,28270,29809
19597,18678,17465,17742,18895,30328,25539,27812,28715,28419,30015,41147,27519,28199
19330,18528,17556,17945,19043,29752,26843,30817,28170,28365,30760,28460,31905,31214
19949,18665,17590,17267,18454,29423,26811,26609,35125,28588,29593,28402,40661,34217
21243,18506,17573,17249,18177,28346,43648,27792,29724,38676,30849,27333,29957,44016
21032,18404,17561,17384,17949,29068,24960,27124,36653,28030,31081,28782,29587,27442
20676,18345,17466,17116,18301,27957,26127,27646,29652,27545,29665,27848,28813,30304
19328,18259,17350,17426,18258,27610,25475,28519,26641,29425,29321,27541,31212,27676
19228,18448,17653,17346,18115,28807,26160,28903,27248,28650,30934,43006,30636,28220
19137,18362,17498,17750,17881,28467,26162,28336,28217,27072,31834,41514,29880,30341
19127,18280,17565,17249,17690,29068,26006,27870,27737,27278,30476,28189,32629,28438
18877,18225,17569,17273,17657,28609,27377,27098,35320,27554,30968,27984,40021,29581
19406,18565,17437,17336,17296,28161,26324,27619,33163,29186,30108,29340,29808,36147
19195,18301,17634,17327,17389,27944,25895,27822,29815,27234,30071,31812,28411,28441
19149,18303,17664,17814,17835,26218,26121,26321,33099,27102,30183,31347,27808,28859
19263,18229,17544,17287,17515,26694,26794,28594,28200,27149,30776,30306,28442,27907
19134,18255,17731,17318,17471,27261,26020,26871,27035,27288,38962,32900,33328,28671
19029,18178,17567,17410,18593,27698,26809,26075,27385,27636,29516,30597,29889,29759
19315,18225,17948,17387,17896,29089,26675,27515,27334,27153,30882,29227,32496,33612
19345,18029,22473,17258,17718,29124,25556,27582,28846,27907,31583,30721,29816,28447
19006,18075,17742,17429,18042,28727,25708,27842,27803,27630,31647,30000,43061,27483
18920,18146,17627,17514,17564,26800,26323,26642,28160,28126,29965,31763,30286,31579
18882,18217,17644,17403,21445,29209,26470,26783,28307,27754,29950,31010,31236,30093
18855,18023,17901,17159,21836,29185,40692,26322,28445,27174,30588,30030,30123,37555
18928,18052,17643,17393,21513,29299,26791,27272,27029,27913,30076,46029,30499,31122
19228,17960,17715,17521,22621,29451,27471,27220,29775,28266,29173,32325,33004,33357
19103,18518,17561,17609,22746,40159,26276,27530,28228,28396,29922,30270,39227,36062
32258,18331,17763,17556,22781,28209,26626,26515,27636,28225,34563,29465,29002,28133
20301,17998,17664,17730,23488,28519,25410,27847,34745,27424,27911,30398,30552,36204
21210,18140,17651,17748,22814,27798,26052,27393,28578,27448,30245,36429,30772,27355
19229,18015,17545,17787,23016,29577,27685,26457,37329,28921,29102,28995,30891,30280
18909,18009,17779,17150,23519,28418,25403,27542,31116,35318,30890,31721,29543,28437
19123,18098,18141,17936,24423,28548,25240,26709,29239,26957,30714,30980,29869,32332
19010,18004,18090,17777,23692,29515,26299,27405,29141,27354,28094,33193,49577,43459
18807,18119,17909,17583,25174,29611,26118,27327,28907,28528,29186,29634,29711,27999
18732,17968,17841,17963,25242,29069,27271,28021,28470,26899,28240,62868,31523,27449
18850,17992,18093,17403,24012,28917,26747,28177,27618,28856,27568,30293,30655,29002
18777,18131,17305,17220,24100,27862,26531,40043,27998,27343,29567,29835,30435,28056
18837,17918,17309,17939,25277,27566,27698,26426,28405,27510,30298,30316,36253,31282
18694,17984,17624,17207,24784,27721,27176,26283,35346,28365,31904,31791,29474,34743
18723,18030,17375,17442,24962,27294,26730,27337,27564,28845,29871,29427,33901,29512
18715,18061,17449,17663,25163,26812,26596,27938,28197,28090,29722,30606,31056,29756
18836,17898,17471,17893,37312,26628,26822,27743,29759,29132,29632,45448,29981,26903
18681,17998,17777,17666,24894,26729,27687,27760,28192,28830,32196,30397,31016,30211
18817,17848,17197,17392,25260,26130,28300,28887,27367,28697,31045,30344,30625,27145
18728,17993,17524,17748,25072,28111,27258,26998,26991,27410,30207,29821,29117,28126
18684,17921,17304,17266,25887,30073,27219,26260,26347,27172,30678,30803,30003,28093
18669,17746,17591,17203,25026,27671,25375,26790,27869,27899,30085,30175,29067,30135
18843,17966,17296,17713,25668,29146,27158,27327,27385,28276,29887,31429,31182,28139
18502,17687,17390,17940,32268,29048,26916,26865,28075,28092,29919,30023,42273,29514
20768,18337,17241,17508,24691,24817,27016,27315,28811,27892,30143,38836,31683,30595
19838,18108,17323,17496,24162,23854,27696,27244,26768,27898,28847,31114,30237,28154
19930,17943,17435,17706,20602,22146,26129,26966,26946,27626,28138,30547,29624,30105
18866,17619,17399,17282,19610,21370,26406,27726,27388,27662,28344,31295,29276,27504
18694,18004,17319,17335,19317,20863,26895,35233,30057,28524,28644,30088,31112,28503
18656,17588,22703,17474,19316,20437,26238,26056,27569,27978,28774,29746,31059,30352
18480,17676,17361,17196,20826,20230,25927,26551,27682,27415,28382,29680,33775,28119
18627,17550,17177,17438,18597,20490,26992,26968,27379,27094,29503,29775,39331,29323
18738,17506,17317,17084,18552,20319,26640,35713,26846,28744,33176,30618,29161,28718
18593,17538,17439,20025,18180,19629,25985,25908,27064,27764,32472,33264,29000,27568
18804,17549,17361,17547,18366,22605,25239,26517,26305,28237,30769,31607,39579,28129
18627,17418,17398,17490,18520,20513,27716,26803,27625,27853,34083,29712,30098,30278
18731,17339,17228,17731,18004,20498,27145,27235,28714,27949,29857,29701,29936,30220
18727,17495,17405,22364,18146,24289,26775,26315,28776,26953,32525,29897,30481,28220
18465,17444,17386,17376,17824,21218,25803,27382,28131,28018,49193,27245,33524,36892
18575,17559,17338,17372,18694,21751,27119,28451,27683,28683,29956,28050,39596,43233
18555,17511,19242,17369,17776,20850,25377,26981,27261,28858,29631,30082,279700,32199
18485,17624,17453,17649,17862,23288,25916,27301,35100,27935,30108,27613,28609,31693
18516,17497,17335,17542,17548,24452,26148,27297,25582,27899,29476,43655,30484,31800
18446,17686,17405,17631,17512,22410,37346,26934,27824,33845,29831,28198,30608,34511
18559,17485,17425,17671,17839,21785,25943,27945,26911,27796,30701,29943,30757,30574
18510,17704,17376,17563,17451,21434,26121,26474,27167,27008,29622,29336,30660,29762
18537,17469,17395,17418,17424,22697,26084,26366,28533,28481,30338,29285,48899,34400
19784,17660,17962,17956,17761,21885,25675,26250,27301,28541,35455,27147,39845,30145
19609,17626,17387,17436,17205,30202,26844,27400,37215,27815,28665,30420,30661,45631
18748,17490,17490,17471,18016,23885,25570,28890,26005,27777,29935,35007,53840,31136
18426,17864,17429,17506,17999,21422,26092,26131,26822,27680,30600,30517,30018,36205
18463,17546,17503,17379,17797,23067,26672,27607,36957,27559,30914,36129,30649,30970
18774,17841,17804,17339,18193,25377,26469,27359,27992,27853,29678,31776,29751,35450
18420,17482,17346,17426,21450,26437,27252,27475,26630,27987,29257,30442,30067,45241
18257,17808,17537,17669,21843,27697,25954,26810,27235,27910,29040,32755,34170,30209
18323,17482,17495,17999,21242,26225,26836,27622,26372,27960,29249,32483,40269,30945
18423,17988,17849,23530,24635,26301,25923,26626,26315,27822,30006,29034,30072,30732
18402,17756,17434,17429,23190,26539,26011,26700,26212,28046,30651,31158,30880,27012
18267,17481,17514,17380,23367,26440,25558,26074,26734,28414,30081,31124,31495,29925
18386,17602,17510,18115,25558,27086,26252,27629,27397,27884,29134,31003,30933,27978
18246,17477,17381,17982,25007,25388,25806,26584,27327,27477,29911,46619,30315,32425
18116,17770,17491,17402,24342,26051,26758,27355,26953,28426,30145,29298,30227,42350
18346,17576,17553,17509,23017,27158,26962,27460,26732,27971,29198,30472,33001,27504
18413,17753,17471,18125,22393,27095,26996,26223,27050,28799,29783,29004,29770,30365
18451,17542,17268,17668,23310,25832,26981,28594,26172,27319,30040,32017,30142,30653
18384,17464,17490,17952,22247,25678,25855,26086,26983,27895,27414,40706,30049,28513
18283,17914,17514,17657,23947,25795,26970,28634,27171,28076,27699,30213,29766,27209
18304,17489,17647,17799,25140,28214,25882,27277,36122,28804,27785,29863,30261,28273
18220,18011,17669,17451,23837,25980,25907,29427,26573,27354,28333,32955,31108,34123
18393,17660,17830,17724,23274,27337,26625,26462,26307,28085,28593,33730,30899,39412
18262,17509,17548,18037,22758,28927,27391,26266,27520,27194,27877,31562,31040,28640
19730,17801,17461,17613,23216,27585,27162,27111,27626,27820,28045,30397,34013,28101
19325,17695,17357,17545,24496,27919,26562,29161,28368,27443,27183,30451,36815,30659
18290,18048,17634,17684,23378,26513,26499,27381,27131,35046,27574,29841,28669,28091
18158,17910,17413,17748,31174,25870,26134,27204,27483,28059,27428,29430,28663,30045
18388,17820,17259,17426,22519,26372,28089,28653,26902,29072,28677,30669,28931,37833
18475,18093,17168,17472,23306,25647,26271,27153,27407,27703,28035,30305,28551,32209
18346,18177,17387,17390,23312,26012,27311,26324,26970,27372,27232,29300,27640,30380
18261,18260,17245,17439,24366,27051,26483,28374,26882,26889,26874,56450,28734,29440
18208,18042,17251,17372,21369,26963,26937,27448,29036,30868,30815,32797,31577,28117
18200,18283,17239,17378,20068,23808,26534,27255,26737,27823,29622,30917,40378,30159
18223,22485,17326,17191,21313,24131,27055,27082,26793,28612,30194,31053,28486,27350
18268,18107,17300,17275,19440,21494,27914,26827,36919,27089,30837,31495,27459,28166
18006,18063,17377,17739,18647,22028,26926,26880,27088,27604,30744,30773,28558,30754
18213,18094,17697,17330,19255,23270,26003,27353,26457,29996,30043,29510,28077,28242
18132,18142,17282,17391,18661,21428,24834,27064,25886,28615,29560,32161,29165,28414
18103,18145,17351,17438,20086,22796,26143,27826,27158,28883,29586,46601,28562,30360
18221,18045,17287,17351,18170,23149,25763,27575,26898,27259,29573,30678,29443,26779
18026,18117,17404,17569,17964,21368,27402,27427,26091,27148,29199,30581,28314,27783
18003,18096,17286,17554,17909,24442,26792,27092,27243,27349,29745,31198,28560,42531
17978,18091,17462,17428,17770,33194,25749,26243,28564,27116,30411,31036,27782,31425
18084,18218,17576,17401,17966,21665,25901,26310,27512,27544,29839,30619,29053,32702
17981,18089,17485,17330,17771,20417,26699,26880,25476,29771,29523,29192,28608,31383
18071,18042,17411,17292,17729,21001,26674,28340,26810,28997,29382,35540,27588,30696
22703,18112,17368,17508,17888,24043,26177,27160,27272,29538,28563,30221,32443,30929
19144,17887,17243,17234,17757,23420,26392,26724,28004,29826,28643,28746,37601,47286
18240,18031,17408,17344,17806,21715,25753,27350,27048,30310,29894,30957,27918,29047
18110,18044,17389,17242,18640,22651,27489,26324,27064,28753,29978,31423,29872,29481
19325,18229,17255,17496,17788,23278,26644,27206,26520,30546,30052,30408,30384,29649
18019,17963,17242,17456,17709,21108,26845,27760,27970,29935,29241,31485,29552,30274
17980,18323,17369,17487,17651,22431,27340,28901,26943,29870,30016,30199,29252,30914
17944,18240,17338,17231,17828,22416,26621,27655,27642,29082,30935,31310,29901,48210
18063,17896,17234,17494,18446,21002,27195,27166,26265,30496,38690,36761,29462,31753
17985,17879,17316,17470,19258,20497,26099,27367,34394,30539,30053,30988,31954,29557
18494,17786,17467,17359,18184,20375,26114,27323,26311,29004,30076,31003,33035,30215
18562,17684,17211,17399,18538,20531,25869,26916,26938,29831,28673,29820,28911,35717
18744,17755,17565,17343,18734,22512,26581,27210,26648,31068,35405,31347,29651,29509
18539,17619,17615,17606,19277,23312,27734,28111,26989,29794,30816,29544,30575,280924
18649,17994,17295,17340,21216,24928,26187,27393,28539,30698,30632,30787,30628,30143
18509,17808,17287,17281,24928,25695,25966,26349,26992,30056,37025,29666,31134,38660
18488,17765,17753,18150,22552,26266,26332,26950,26724,31281,28285,29511,29896,30020
18537,17915,17418,17709,22763,27600,26340,26562,27273,31257,30002,40683,33382,31879
18614,17781,17297,17620,24561,25861,25125,41579,26152,29418,29331,30574,29803,31388
18698,17741,17560,17927,24467,33729,25942,26348,28618,30608,30685,31974,30253,29103
18714,17554,17466,17563,23974,26900,26344,27617,27447,30425,30540,30752,27995,31003
18279,18073,17688,17429,22559,26349,27216,27195,26532,30803,29610,30781,30006,30344
18352,17994,17501,17351,22376,26987,26642,26894,26060,30486,29792,30203,29256,41704
18135,17764,17459,17721,22357,26895,26163,27587,27693,30949,29333,28405,30246,28098
18176,17827,17380,17866,23662,27058,26549,27468,26165,31035,29423,27597,29685,28062
18072,17649,17430,17814,23838,26238,26679,27425,28624,31635,31198,28529,29348,30057
18045,17765,17265,17478,25514,26062,24811,27044,25622,31714,29065,44409,29416,28427
17844,17618,17318,17803,24315,25827,26039,27283,26415,31675,29657,27836,30002,30695
17914,17710,17522,17436,23403,25956,26093,27469,27082,29955,29427,28773,38716,30533
23597,17788,17612,17629,24214,25757,27268,27290,26381,30992,28979,28684,30969,29723
18031,17773,17200,17890,23508,26082,25712,25989,37580,32216,27949,30113,29112,27707
17916,17607,17431,17634,24404,26289,26196,27418,27384,31977,28398,30564,29684,29556
17815,17871,17266,17537,23270,25773,26089,26143,28434,31376,28305,31428,29174,30851
17968,17859,17754,17558,23528,25437,26653,28127,25871,30738,27894,46305,30084,28447
17765,17766,17504,17494,23502,25969,26923,28139,29129,31088,28243,31863,28828,28133
22791,18150,17574,17411,24512,26774,26755,40905,26941,30274,27283,33680,29833,27115
17746,17857,17336,17334,23685,27269,26298,26456,26588,29518,29872,31962,31280,28433
17664,17657,17514,17347,24432,26496,26650,27052,38541,29771,29349,30227,39182,30375
17666,18047,17496,17578,25302,28190,25872,27066,26649,29470,29942,31768,30075,28911
17844,17844,17405,17229,24678,29147,27725,27361,27316,28984,29399,30017,29978,29487
17996,17859,17296,17333,24935,26676,26080,38360,28182,29994,29051,36705,30814,29370
17721,17535,17315,17473,21857,25850,30594,27201,26442,29221,28903,30283,27423,38279
17775,17518,17450,17476,20224,22776,26281,26953,27225,30143,30337,41400,28829,30488
17834,18115,17390,17534,19463,23615,25560,27754,26231,29079,33507,30077,27932,30508
17861,17681,17488,17392,18595,20948,26195,27353,27862,29820,28441,30412,28505,29019
17837,17616,17343,17392,19459,21531,26661,26739,26250,30962,27824,31589,29413,28101
18824,17780,17320,17330,19313,22363,27067,27218,29449,30001,27292,45647,39692,27988
18684,17642,17356,17410,18070,21228,25978,27432,26350,30144,27474,29846,30385,33837
18069,17762,17332,17457,17705,22156,26557,27726,26963,30184,28435,30776,43864,27911
17758,17709,17310,17578,17591,23027,25691,26876,36173,30226,29421,31102,30212,29937
17725,17652,17168,17302,25486,20895,25566,28160,26979,30465,29413,30265,44502,29672
17926,17511,17338,17465,21540,22258,26244,27788,27021,28910,30958,31222,30730,29860
17874,17520,17204,17340,21394,21540,25272,27406,26467,28217,31561,29256,30633,26771
17837,17812,17340,17398,20918,21035,33812,26982,27096,28705,30710,29993,30673,27213
17913,17785,17131,17451,19827,22042,26722,26488,26222,27466,28735,30674,31795,34870
17819,17667,17159,17429,20587,20457,27213,26721,27303,38100,29959,44179,30137,40173
17983,17956,17780,17191,19403,22311,38346,29093,29070,29651,30067,30256,30256,28283
17902,17846,17495,17322,18791,20971,26148,27748,29866,29678,29445,28725,29753,30642
17961,17673,17528,17323,20287,20501,25955,27188,29415,29132,30762,30484,29302,28723
17828,17896,17406,17172,18734,22005,25975,26950,27545,28410,29059,30589,29405,28348
18528,17664,17439,17398,19223,20683,26082,28796,27106,30117,36158,29280,29897,30309
17785,18294,17229,17218,19258,21613,26981,27617,27095,30092,36536,29478,28725,28451
17809,18115,17449,17183,19419,20643,26973,26220,27848,30080,29110,29424,29818,31621
17795,18127,17428,17389,19733,20655,27758,26430,27233,30722,29423,30553,31735,42353
17911,18335,17919,17686,19389,22001,26274,27439,28056,30115,30551,29286,38541,30547
17696,18061,17482,17947,19674,20867,26674,26761,27014,29796,29148,29754,30177,29915
17573,18244,17556,17494,19923,22905,26258,27726,26122,31526,28411,31487,28477,28414
17464,18230,17550,17389,19662,21042,27115,35008,27660,30551,30492,30678,28641,29962
17460,18124,17294,17392,19501,21055,27449,29562,27428,29287,36445,29570,27526,27471
17602,17656,17229,17374,22186,26979,26776,37879,27128,29893,30058,30840,28473,27843
17703,17846,17437,17720,23449,25825,27211,26354,28606,29949,28966,28986,27314,32972
17415,18176,17322,17791,24807,27714,26313,27310,27123,30386,29600,30344,30622,29773
17341,17733,17252,17340,24328,26109,27317,27366,27096,28778,29076,27798,31709,28168
17526,17826,17335,17476,25084,25695,27369,27344,26455,31466,29339,30579,29441,27355
17476,17706,17257,17242,24410,25466,27841,27007,27171,30115,29560,31845,30175,28895
17392,17959,17236,17332,26095,26087,25966,28396,27802,29163,30065,30644,27470,29809
17577,17823,17269,17824,25456,26039,25783,27991,34109,30617,30049,31432,28440,29639
17503,17727,17528,17453,25373,26815,27576,28457,26963,30067,34297,30669,27867,34879
17279,17611,17432,17178,25425,25488,25918,28524,27003,28849,29143,28970,28529,32082
17344,17612,17386,17354,25517,26482,26620,28931,27561,27141,27937,27935,29937,40222
16976,17846,17426,17722,25309,25996,26711,28249,28628,30792,29133,27640,28841,28580
17284,17745,17480,17532,24539,25543,27615,28873,26805,27887,27328,27934,32459,28408
17189,17950,17508,17559,24610,25745,26786,29363,26983,27998,29001,27750,39576,30904
17505,17920,17416,17582,21635,25348,28681,34270,27326,27930,27995,28689,29392,27883
17513,17880,17283,17876,23753,25540,26226,29856,26983,26598,38782,28607,29880,30305
17536,17892,17356,17381,24168,26649,27480,28095,26809,27227,28762,27707,30786,27638
17533,17714,17385,17291,24489,25188,25188,27513,26182,27281,33733,29691,29381,32141
17475,17876,17505,17528,23531,26258,26331,27506,26172,30300,28042,38973,28018,43217
17570,17859,17533,17510,24195,25798,25982,27355,27302,30047,28137,28909,28256,31035
17676,18575,17350,17239,24785,25653,26560,39828,33770,29844,28777,27258,28769,29191
17581,18274,17461,17477,24135,26023,25855,26951,27050,28826,28368,27259,42616,28494
17451,17728,17367,17401,23806,27260,26505,26276,27660,30478,27787,29126,29946,27399
17363,17777,17258,17554,23879,25532,26727,27068,26654,29392,27862,35070,30106,31934
17570,17746,17383,17704,23565,27496,26602,27318,26875,30209,27715,26733,29541,31128
17631,17750,17464,17377,24277,26569,44842,28180,26592,27804,27810,28509,30178,51130
17504,17675,17359,17306,23559,36408,27037,33715,27336,27407,27707,36849,29224,28525
17359,17650,17602,17434,23981,25310,26888,36618,26673,28450,28044,27444,28284,29274
17547,17680,17366,17298,20262,24254,30439,30753,28637,28385,29003,30240,29517,27672
17596,17603,17336,17296,18795,24969,25583,28950,27265,27253,28222,29705,28798,29213
17499,17795,17199,17604,19038,24182,26024,33588,27035,28629,27663,29816,28560,27595
17540,17764,17372,17343,18392,22806,25866,29843,26582,29485,27827,28977,29809,39839
17629,17571,17646,17299,18571,24670,40705,26407,29213,27044,27629,30557,29860,28289
17418,17783,17403,17453,17965,22049,27492,27523,27523,27996,28148,30361,27913,29432
17464,17821,17233,17375,18361,22518,27469,26496,27575,28147,36138,31191,31197,27933
17506,17618,17595,17420,18360,21160,27145,27970,27853,27926,28275,31598,32689,27956
17547,17650,17342,17174,18161,21562,24995,26958,28561,29934,27476,29304,28619,27877
17363,17675,17556,17264,17779,21610,26174,26299,26590,30759,28058,29730,28171,28772
17606,17722,17256,17170,17683,20394,25744,26498,28027,28029,27719,31885,29213,33448
17403,17682,17379,17293,17477,22513,34282,36344,27899,30579,28352,30073,30146,31623
17537,17512,17529,17169,17889,20762,26649,30927,27152,29652,27710,30294,30832,280066
17513,18069,17437,17461,17894,20936,26360,29209,26849,30464,27820,30337,29337,30213
17484,17814,17406,17445,17426,22075,26592,30212,27186,29428,27901,29779,41966,28324
17601,19227,17784,17302,17560,21516,26157,28791,27240,30631,28879,29443,29639,27602
17531,17916,17436,17514,17486,19761,50813,28267,26985,31684,28250,42652,32046,27691
17484,17976,17399,17308,17647,20692,26263,27889,27594,30327,29226,29387,33279,55996
22063,17833,17406,17431,17738,21232,50406,29381,27130,29504,27797,42734,29620,48603
17660,17889,17195,17313,17623,20008,26478,29377,27893,31130,28656,29348,28805,28933
17571,17747,17191,17230,17951,20334,25810,28922,26428,30576,28190,31814,30004,29691
17728,17725,17501,17197,17892,21546,26125,29938,26800,29953,28230,30513,29525,30104
17567,17598,17372,17493,17706,20921,26868,29516,29320,29798,27303,30517,30119,28866
17526,17821,17352,17439,17897,21300,25405,28775,28835,28898,28153,29401,29448,29128
17691,17829,17348,17350,17896,21147,26603,29137,27239,30794,27768,29245,30422,28770
17523,17670,17482,17287,17573,20629,26271,118429,27938,28691,28909,35195,30496,33366
17579,17646,17289,17630,17524,22482,25804,28429,28655,30270,30196,29654,38925,42960
17598,17906,17474,17727,18173,23964,26229,28059,27076,29767,29796,31670,29527,29011
17615,17762,17322,17419,21661,25615,49893,27133,26169,36626,30164,28890,29277,29071
17533,17555,17489,17470,21927,26036,27951,26568,26717,29586,28729,29249,31556,29588
17652,17861,17395,17288,20422,25743,27339,27453,27154,30104,31075,29408,30263,29261
17469,17662,17482,17362,23668,26291,26381,27478,27225,29342,29976,30059,30152,29924
17527,17739,17392,17384,22673,26108,25599,27330,27667,29395,29941,30493,29624,30581
17420,17892,17576,17482,23050,25755,26315,27992,26907,29959,29771,29739,29285,42784
17637,17688,17401,17459,22781,40668,26461,27314,27376,29474,29863,29647,30357,138453
17526,18083,17209,17491,21983,27361,25602,27391,26413,29382,29622,28580,30116,28852
17391,17642,17453,17563,22729,27447,27469,27314,27534,30442,29889,40471,29685,28448
17351,18800,17796,17511,22486,25320,26520,28308,37826,27118,30291,31254,30478,28147
17481,18497,17400,17559,24840,26989,26562,28182,26858,27824,29530,30959,30899,28256
17474,18839,17527,17441,23489,26135,26842,26573,26875,26965,30602,31245,30779,29973
17555,17964,17373,17946,24037,26642,27617,26648,26458,29439,29623,30592,30119,27814
17600,17804,17363,17490,23137,25238,26351,27771,26767,29113,28371,28991,30538,27732
17719,17586,17327,17523,24024,25258,26252,27184,27933,29018,29719,30430,33713,28557
17536,17850,17220,18029,25588,27003,27214,27796,27068,28918,30300,27877,39294,27522
17546,18110,17404,17961,23314,25259,26378,26560,26160,29055,29783,28700,30897,28420
17652,18228,17323,17753,22953,25521,27173,27378,26795,29923,29897,28136,29049,28587
17537,17797,17412,17682,23436,27234,27251,26854,27238,36826,30094,42769,31362,27732
17506,17971,17454,17442,23713,25765,27154,27448,27104,30011,30882,27899,30560,28765
17551,17733,17398,17265,23744,26057,26532,26233,25869,29071,29799,27451,29808,28680
17376,17950,17397,17287,23877,26402,27186,26271,29282,29758,30010,28316,29335,28387
17391,17670,17486,17961,22889,26093,26087,27696,27061,37456,29458,30153,29941,29305
17387,17826,17675,17317,30946,25466,26126,27038,26776,28944,29765,30054,31291,28620
17425,17737,17209,17399,22859,25956,26600,29499,29320,30573,29800,30965,30396,28862
17560,17780,17381,17314,23445,26533,30654,26145,27031,30195,30172,30069,27994,27182
17434,17703,17346,18191,23805,26441,27486,27414,26447,29173,29905,30096,31582,28485
17451,17758,17352,17490,21636,23906,25817,27270,26879,29832,29799,29599,30128,28645
17319,17768,17248,17284,22112,21494,26809,27500,27647,29710,29782,34974,30392,28332
17290,17564,17354,17355,24873,21222,26025,27951,27188,28811,29039,29469,30930,30283
17473,17797,17344,17487,20897,23141,26001,27568,26832,29658,30635,31110,30514,27417
17620,17631,17590,17385,18983,20583,26300,27362,27700,28954,30625,29059,30794,31865
17520,18326,17568,17325,18156,20143,27189,28155,28386,28612,31084,30647,31833,28431
17583,18633,17409,17544,17689,20372,26130,28104,26725,28137,30368,30750,30240,29009
17573,17728,17315,17359,17979,20815,26483,26626,27004,29939,29537,30811,30217,28231
17559,17998,17372,17119,18008,23946,29000,26857,26348,29819,30098,29873,30086,27884
17425,17622,17431,17380,18608,21160,27283,26705,26658,29893,29163,29545,30956,28643
17608,17881,17477,17276,17824,23819,25625,27100,27521,29703,29646,28673,29920,30091
17650,17700,17514,17274,17498,21464,32971,26079,27130,31231,38881,32186,32068,28065
17126,17644,17243,17346,17475,19909,26693,28393,27280,30786,30402,30276,30691,28085
17479,17733,17379,17281,17955,22422,26891,27794,27406,30681,28801,29738,34137,28141
17329,17664,17179,17337,18537,21797,25756,27715,26468,30109,29191,30550,38452,28540
17581,17609,17686,17244,17606,23395,27619,27247,27083,27948,38845,29076,29738,28524
17617,17654,17277,17265,17359,22886,26123,27251,25199,30668,30346,31231,29027,27936
17601,17692,17603,17311,17443,21121,26311,25950,26894,31580,32537,30243,30491,36411
17473,17659,17439,17186,17823,22746,29117,28214,26458,31285,31001,30427,29010,30892
17666,17699,17382,17656,17796,20862,27032,26921,26443,31365,30475,29521,30045,29015
17544,17815,17582,17345,17398,21987,26964,27309,27795,31554,29491,28857,29239,28035
23080,17737,17334,17400,17572,22719,27528,26102,25815,31716,29673,41451,32817,28004
17439,17632,17321,18160,17344,22020,26664,27261,25764,29950,33062,38638,37867,28495
17302,17682,17446,17799,17885,24569,27510,26960,28353,30160,32177,253483,30306,27093
17462,17699,17404,17709,17421,21712,26785,27078,26684,30404,30185,29425,30296,32630
17481,17659,17204,18059,18503,21884,27638,28263,26564,29632,30889,30207,31004,39258
17455,17910,17826,17604,18000,21823,26468,27304,27126,30602,28592,28733,30280,28040
17594,18180,18215,18215,17417,22398,26080,27469,27623,38503,29246,30111,30336,28805
32165,18121,17497,17890,18655,26989,25775,26975,27862,30581,29585,30314,30316,27543
17644,17684,17419,18080,20563,26895,25886,27380,27920,40126,29953,30562,30541,28162
17340,17818,17357,17412,21067,26637,25067,26432,27058,30118,30283,30860,30297,28063
17640,17771,17385,17262,22355,26381,27243,27849,26534,31349,29740,47002,29813,29685
17383,17934,17353,17433,22302,25786,26435,26632,26385,30945,29616,30070,29428,27224
17649,17502,17418,17420,24614,26535,27510,26280,26293,31581,29579,29383,30976,27490
17550,17998,17419,17363,22384,26530,26189,27120,26153,30549,29600,28552,29715,27462
17596,17355,17365,17318,23844,25369,26337,27419,26234,29938,255014,30185,30350,28330
17381,17780,17327,17371,23054,26648,26667,28530,26748,29840,30565,29915,29066,27562
17577,18289,17410,17490,22962,25502,27285,26750,27040,30732,50821,29231,30048,27639
17419,18047,17272,17495,22841,25326,26708,27349,26776,30973,38914,30117,30935,30505
17693,17764,17284,18864,22683,28591,26937,27001,26090,30376,30091,29656,31081,27760
17648,17787,17290,18087,23047,26243,27296,26440,27029,30467,29100,28942,29752,28933
17493,17511,17241,17977,21819,27150,27502,27908,26071,30625,30141,32287,29030,27915
17410,17470,17327,18202,21922,25007,27758,26703,26990,29716,30745,29062,30624,39428
17531,17538,17792,18013,21834,25406,27826,25702,26917,30527,29538,30799,29748,29733
17511,17603,17609,17948,22074,26730,26174,28384,26491,29640,30377,30345,29544,28545
17437,18008,17284,18391,22831,26814,26281,26935,26751,30838,30197,29788,34132,27901
17641,17908,17310,17707,23024,25975,25897,27332,26910,29993,30963,29480,36562,28341
17471,17513,17314,17565,23352,26562,27495,27268,26306,30737,29662,29759,29447,27471
17471,17955,17272,17808,22329,26647,27072,27253,25801,38464,29895,45506,30197,29007
17310,17382,17575,17669,22606,27569,27139,26324,26923,30111,29970,30461,30667,27586
17455,17741,17450,17987,23950,26189,26711,26943,25864,30569,30699,30640,29525,29829
17396,18295,17536,17583,24000,25950,26081,29284,27078,29397,30259,29169,30876,28535
17500,17786,17328,17890,22260,26186,25964,26279,26206,29024,30223,29461,29648,27424
17431,18001,17404,17630,24796,26414,26040,27179,26325,30263,29747,30707,33391,27459
17373,17589,17464,17955,23529,26250,26833,26856,26117,29421,29607,31189,30140,39855
17534,17434,17726,17844,23004,25427,27807,26095,27286,29079,31434,30386,30536,29308
17450,17546,17704,17387,20122,24156,25662,27050,27797,37254,36749,29870,30336,28143
17576,17663,17817,17830,18484,25257,27747,26688,26985,28280,31359,29568,29261,32082
17418,17372,17662,17800,20663,21847,26093,26310,27825,28252,29826,31710,29600,50625
17506,17392,17248,17151,18739,22570,26428,28200,27087,34671,31685,30085,29869,28491
17592,17683,17338,17319,18484,22189,26528,27022,28506,27624,29518,30262,30081,27982
17633,17706,17351,17205,18206,21397,29023,26634,27829,27906,30524,28892,30130,27940
17562,17485,17515,17609,18210,22982,27875,27183,27097,27662,29139,28125,32024,27744
17471,17599,17321,17449,18590,20406,27450,26425,25790,28310,31204,28905,35239,26906
17305,17612,17154,17294,18261,21387,26733,26362,37576,29303,32029,28036,29635,38996
17706,17783,17387,17331,18026,21012,26178,26884,26524,29650,32431,28015,29298,34636
17432,17591,17433,17375,18151,21814,26331,27540,26951,29672,29531,27691,29685,30920
17562,17596,17295,17402,18443,25171,26716,26989,27413,30506,30089,30935,28970,31072
17391,17568,17303,17289,19106,22542,27449,26288,26698,36270,31400,41102,29796,31250
17550,17475,17220,17237,18293,21092,26737,26189,26467,30844,29255,29634,30787,30410
17469,17603,17450,17231,18138,20417,26601,27607,28265,29482,28582,30367,31065,30854
17584,17667,17420,17464,17668,22936,26533,27609,29564,28074,29159,28185,32891,47605
17536,17621,17412,17431,18035,20827,26745,26476,39356,30737,31734,28026,29961,223712
17436,17558,17542,17245,17864,19953,27093,28281,28279,30349,31048,30417,29847,29629
17525,18249,17208,17498,17583,24498,26339,26943,27098,31088,31529,29747,30019,28344
17447,17783,20852,17369,17815,21360,25847,27439,26035,28685,30195,30749,30385,28465
17343,17772,17294,17181,17712,21185,26225,26500,26881,29505,31085,29781,44013,29577
17386,17543,17445,17355,17888,30622,26141,29384,26470,31802,29635,27833,44541,29748
17412,17548,17352,17442,19169,21676,35375,28598,25156,29278,37578,39580,29823,276553
17474,17998,17211,17202,18213,20816,31464,27409,26978,30801,29703,28199,34418,37882
18056,17875,17241,17315,17965,20279,25016,28294,26634,37642,30809,31853,39005,29772
18336,17914,17289,17125,17950,22012,25376,27620,26791,30406,30922,30832,30766,29225
18599,17490,17094,17334,17984,20538,26069,26120,27609,30233,29000,30292,29811,28535
18105,18112,17338,17604,20027,23623,26948,26288,27203,29665,29448,42083,30630,28924
18112,17597,17348,17240,22786,25955,26463,27232,29202,28895,29082,29490,29732,28873
18157,17791,17488,17440,22516,26765,25861,25902,28711,29032,29564,29871,30173,28355
17967,17662,17571,18249,22623,25814,25311,26970,28651,28893,37095,29698,30287,30247
18234,17538,17372,17858,22792,27445,25517,26646,29557,29895,29527,29497,33434,31217
18024,17871,17165,17360,23943,27377,25294,27161,29267,30081,29540,30357,39663,29520
18125,17942,17266,17773,23056,25972,43567,27342,28927,29496,30968,32821,30674,29251
18068,17880,17186,17268,23171,26336,26190,26652,28911,30463,29480,29932,29094,29604
18160,17700,17287,18785,23261,27231,26166,26245,27730,29484,30628,28147,29679,27990
18183,17954,17226,17386,23579,27574,25654,26571,28342,30497,28846,30961,30254,28360
18078,17986,17268,17373,24152,27627,26153,26636,28828,29297,29236,42806,31165,28023
18259,17614,17421,17322,24019,29234,25722,26017,27853,29016,29316,30722,42532,28497
18069,17946,17886,18488,24077,27996,25692,26928,28954,27571,39875,29908,30355,31240
17608,17593,17381,17541,24324,28333,25247,27003,33111,29943,30216,30610,32232,28150
17741,18666,17362,17595,24570,28194,27292,37568,27994,29424,30723,31393,30430,33783
17597,17916,17352,17511,24353,28131,25530,26228,26789,29825,29648,27492,28619,28658
17755,17825,17204,17596,22667,28302,25697,27209,27580,30027,32846,30203,29634,28774
17694,18079,17243,17977,23371,26891,25210,26523,26677,30937,30389,39056,43201,29382
17699,17636,17496,17658,26356,26472,25083,25745,27020,28916,29782,28917,29194,27892
17590,17955,17576,17465,25261,25674,35904,27313,27023,29530,29685,29064,29788,29230
17540,17658,17524,17506,25761,25973,26851,26733,27323,30433,30405,31637,29226,33113
17694,17966,17481,17307,24545,25546,26691,26121,28084,29902,29620,30122,33999,35943
17711,17658,17353,17401,26498,25580,25933,26239,27457,28887,30305,32170,34476,28234
21860,17885,17426,17403,37487,25837,36447,27020,35139,29216,31048,27984,30452,28273
17690,17782,17618,17904,43287,25720,26156,26316,27271,28255,30798,27658,31010,29030
17510,17605,17316,17497,26403,26103,25043,25638,26065,30259,29972,27807,30241,27832
17685,17642,17112,17643,26629,26974,25580,27732,25899,29584,29081,31049,29719,27177
17591,17673,17390,17530,26855,25997,37701,26966,29312,29044,29283,31544,30075,28937
17539,17745,17253,17850,23079,24349,26076,26074,27349,29042,30731,29216,30171,32198
17597,17634,17474,17749,21076,25724,27439,26984,29117,28566,30425,33147,29570,54995
17587,17630,17267,17183,21252,24749,25351,27218,28133,29351,30501,27886,31690,31080
17595,17830,17171,17387,20409,22251,26368,27211,27916,29607,30009,30492,31074,30986
17652,17579,17677,17604,20004,22255,26170,26871,25849,29782,29588,30347,28780,30072
17463,17542,17508,17086,19056,22013,26225,27015,27162,29693,31106,30892,28995,32332
17473,17776,17268,17053,18751,21196,25869,28342,27718,30352,29637,30582,29681,30398
17468,17676,17748,17642,19790,22955,26268,26622,27690,29516,29449,29543,31054,154259
17496,17830,17424,17239,19276,20850,26350,26824,27221,29943,28947,31199,30658,29231
17550,18730,17281,17250,18290,22023,26390,25965,28068,27314,29440,41788,30430,30112
17617,17882,17279,17364,18314,22569,26449,25898,34240,27195,43426,29702,31875,29229
17626,17781,17400,17335,18497,36694,25767,27929,32121,28492,30642,30265,29606,29377
17512,17917,17309,17334,18249,23196,25503,27641,28231,28290,31370,29976,31400,28672
17470,17747,17301,17638,18591,29086,26239,28495,27156,27268,46995,30393,44964,51884
17395,17525,17629,17379,17943,20897,26152,27228,27227,30248,30968,29730,30378,27659
17903,17709,17248,17363,24863,23411,25879,26641,29654,30270,29055,35959,29630,26645
17489,17665,17542,17312,22863,20518,24692,26986,28485,29758,29829,30209,29604,27836
17614,17548,17266,17095,22302,19963,26942,26487,27329,27763,29702,29881,29090,27488
17685,17641,17406,17385,24654,19935,25204,26593,27050,27012,30985,38274,33386,27661
17542,17545,17260,17354,25683,21170,25936,27111,27548,27679,30871,29819,40265,27967
17678,17823,17254,17213,22145,25023,25719,26178,27622,28768,32795,29717,30226,31121
17382,17552,17329,17592,22100,21201,27174,26751,27056,28195,30033,30233,290561,41824
17515,17678,17414,17157,22029,21888,27691,27027,27831,28068,31081,28650,28972,28436
17569,17595,17512,17418,20899,21425,25229,27317,27054,27325,29466,32092,29489,28090
17595,17657,17422,17325,20263,21419,25818,26214,26117,27334,30593,30333,28831,28490
17473,17754,17498,17305,19602,23301,25676,26117,26448,28044,27977,30007,30857,27613
17530,17806,17301,17300,19948,21200,25102,26357,27996,28857,28630,29535,30369,27600
17454,17619,17525,17231,18881,23214,27275,27383,26608,28799,75292,29065,31674,29972
17614,17781,17580,17586,19554,25266,26577,28514,27650,29017,29330,40268,29427,35530
17604,17686,17898,17333,18838,22505,39204,26777,26210,28483,28636,30019,42897,27862
17450,17765,17513,17188,18620,22406,27108,27273,27494,29675,28438,30197,29291,29646
17556,18178,17390,17383,18824,20998,25891,27076,25157,29528,27361,30922,30542,31836
17587,18162,17392,17306,19734,21557,26617,26912,27615,30140,28272,31453,34265,31786
17463,17804,17285,17388,18353,20067,25990,25478,29149,29435,28047,41288,38645,29971
17443,17698,17598,17368,18621,20999,25259,26883,27587,27744,29861,29404,30020,33954
17749,17948,17286,17200,19445,22831,25869,26104,26620,27602,28919,41742,29957,29672
17440,17604,17284,17266,18374,20901,26353,26827,28430,28428,30235,30321,30703,31717
17463,17928,17386,17325,19040,20016,26220,27172,26803,27553,28477,29590,34288,30489
17697,17699,17229,17655,19173,20141,24934,26755,26357,29089,28132,30366,30190,29066
17550,17678,17285,17247,18351,20328,26582,26661,25817,28221,27527,30681,30347,49115
17677,17766,17313,17355,19122,22552,26419,26315,34301,27415,29185,30618,30348,39065
17618,17633,17252,17196,34520,20624,26366,26893,27580,29350,28759,31392,34693,30150
17641,17932,17288,17185,19080,20229,25044,26960,28620,27533,28531,30876,28935,28810
17614,17615,17376,17197,19026,19497,25814,28469,28166,29325,27858,30434,29361,28978
23306,17528,17255,17760,18338,20914,26510,26942,25916,27459,28691,30005,30465,29639
17539,17781,17250,17372,20182,20572,26214,26643,27219,33865,28293,46531,29032,28857
17514,17825,17213,17476,19831,23771,43035,28172,26635,27498,30443,30899,30223,42603
17547,17828,17616,17344,18744,20789,26508,26605,26891,27010,29200,29891,30167,262157
17678,17612,17244,17546,18484,19724,27506,26006,28536,28405,29837,31523,30042,45731
17584,17621,17349,17410,18823,21399,27304,27620,28058,27082,30486,35372,32356,28371
17658,17587,17545,17256,18722,20531,26158,26684,29549,28418,30527,29602,35909,36833
17521,17813,17580,17303,18330,19831,25828,26675,28677,28066,31207,30382,30556,28626
17555,17768,17569,17566,19199,20210,24927,27875,30565,27016,31029,30475,29661,59444
17431,17738,17435,17672,18083,29094,25938,27133,27552,27114,31002,27701,34395,28564
17508,17779,17171,17227,18925,20320,26236,36003,28954,27987,32581,30964,29318,27286
17523,18452,17416,17285,18458,21649,27569,26487,26705,27817,31574,32050,30001,27270
17630,18127,17672,17628,20778,25079,26608,27813,27772,28186,29807,30732,30055,27547
17570,17984,17386,17429,20903,25781,26741,26035,26612,28724,29920,31492,30737,27809
17547,18196,17268,17514,21120,25790,25901,26381,27276,28365,34418,31307,31658,30929
17543,17801,17301,17406,22146,26570,25127,26557,27959,27656,33977,31744,28991,29048
17501,17698,17274,17619,25404,25878,26437,27468,28441,28186,31104,31142,29849,28389
17547,17626,17355,17510,25991,25264,26238,26392,35928,30540,30163,30060,31942,27841
17841,17639,17244,17470,24390,25455,26573,25783,27745,29850,29839,29976,30720,27924
17770,17654,17429,17693,24154,26923,26253,26396,29103,37371,29525,29265,29297,27889
17667,17652,17253,17547,24947,27173,25942,26458,27759,27017,31195,41322,29605,31775
17826,17737,17440,17315,24924,26734,25697,26653,28560,33974,32648,30056,29836,27940
17639,17750,17369,17596,26229,25993,26076,26991,26905,27092,28697,29845,31544,28270
17467,17592,17473,17594,25984,25795,25958,26842,26312,29759,40055,31007,31022,26398
17553,17806,17311,17333,25718,26328,27361,26874,27324,33645,29801,30929,30041,27337
17465,17653,17454,17467,26603,25919,26313,26919,26689,28010,30346,28910,29005,27623
17637,17574,17250,17375,27221,25884,34163,26566,27673,47397,28933,27461,29287,31052
17550,17834,17726,17586,27577,26368,27252,26931,26945,36290,29616,27622,30682,36858
17551,17687,17230,17343,29427,25856,26682,27221,27353,27894,30536,31847,29818,27912
17489,18057,17710,17665,28763,24631,36595,25642,33871,27752,29995,30852,29346,27923
17531,17676,17250,18565,28444,26744,26279,26673,27943,30587,30243,31162,31459,27148
17553,17709,17546,18050,28125,26620,25455,25566,28108,29062,30839,37157,40422,27573
17529,17621,17552,17781,26114,25598,26515,26567,27387,28240,32536,30533,28569,27887
17494,17667,17299,17760,25031,31361,27582,27022,27570,27884,29777,31529,30359,29592
17433,18641,17409,17912,24977,28726,25292,26922,27567,29147,31398,30115,29074,30458
17552,18036,17360,17969,26363,27694,25800,26684,27615,29403,31961,31454,30347,27850
17610,17820,17803,18565,27202,23910,27513,26383,30031,29173,28834,30513,29922,27711
17448,17561,17294,18757,27915,26270,25183,27056,28342,28064,30271,30699,29694,28000
17638,17849,17386,18483,25659,24916,25718,27506,28724,30025,30084,30965,34714,27951
17567,17765,17277,18410,26083,27633,26733,26777,28165,30765,29731,40076,32864,31950
17741,17486,17351,17847,20611,28835,26586,27368,29082,32225,28864,30073,28753,28395
17649,18025,17691,18072,19453,28914,25859,27318,27425,30169,29325,46092,30397,26757
17665,18285,17332,17961,24960,29959,25730,26510,28099,29591,29185,31786,29928,27665
17579,17930,17715,18388,21765,29767,25617,26298,27346,30345,29466,31915,30188,27427
17562,17658,17526,29143,20194,29550,25844,26646,27342,32222,30441,31516,29515,27044
17638,17842,17321,20799,19964,29191,25557,38899,27026,30185,29566,30327,29660,28644
17558,17936,17372,19053,19346,29576,25704,27001,26707,30094,30670,31022,33259,29526
17492,17617,17520,18191,19275,29202,26211,27005,31657,39218,30566,30022,40481,32368
17487,17584,17107,18360,19049,29347,26728,26105,27019,46117,30248,30262,29454,31381
17516,17349,17182,18334,18677,29367,25580,26793,27069,30548,30818,30666,30168,32006
17404,17832,17521,19043,18591,37971,26361,28251,27890,30873,30228,30155,28563,29202
17597,17564,17325,18354,18780,29227,26489,25746,28411,31683,30421,33046,30714,29262
17635,17929,17268,18107,18960,29288,25229,27319,28695,29762,32613,30225,30663,33050
22934,17850,17282,17957,18495,28390,26045,26862,28638,31235,31109,30459,30241,41205
17596,17548,17470,17930,18172,29855,25069,27761,29695,31305,31504,31141,47769,29233
17618,17526,17527,17694,18059,30010,26784,26514,28468,30277,30494,30666,32633,30206
17514,17390,17706,17808,17913,29346,25582,25985,28262,29619,29658,30603,29548,29485
17389,18420,17299,17713,18217,30384,26145,27265,35505,30241,29254,31065,30576,32261
17600,18257,17685,17788,17889,29383,25450,27921,27278,28382,31411,30866,27680,30333
17473,18033,17382,17639,18077,29407,26946,27578,46572,28699,31369,30279,29898,41233
17638,17779,17449,23131,17898,30007,26152,26020,29268,27744,31781,30640,27701,29322
17605,17561,17211,17735,17775,28872,26018,29034,29792,26907,31570,31425,36539,28949
17540,17886,17342,17497,18342,29196,28264,27919,29583,27379,31742,31109,30366,27501
17361,17624,17313,17691,17656,29728,25715,26667,28824,27931,30776,30473,31199,30862
17629,17842,17283,17531,17960,29551,25925,27368,29605,28532,30086,33362,308883,27987
17754,17546,17373,17584,18450,30412,24940,26139,27843,27734,34181,30396,28764,29402
17745,17616,17670,21097,18150,29126,26652,27433,27813,36642,28477,30296,30112,27335
17674,18082,17668,17724,21329,28163,25517,25881,35488,27712,27166,30161,28974,28252
17753,17523,17466,17697,23870,27241,24990,27631,29232,28370,28495,30170,29524,30953
17529,17592,17736,17533,24337,27847,25939,27146,28419,27583,31312,32056,30009,28514
17782,17450,17466,17269,25513,25043,27108,25820,27673,29056,28408,45367,29569,29191
17477,17524,17433,17634,25896,26058,25818,26494,28131,28307,28590,29679,30331,27795
17488,17540,17536,17338,26090,24296,26155,26086,26818,28435,28169,30234,32040,28152
17492,17481,17316,17098,25229,30998,25753,25777,27024,26940,28653,30111,29403,31939
17519,17542,17391,17000,25804,26455,27476,26844,27006,29893,28035,44604,29780,30708
17428,17516,17316,17311,24382,25402,26804,26747,27471,28069,28453,30797,30208,30948
17485,17618,17653,17215,25348,24543,25550,27475,27337,27457,29121,30885,30274,31188
17438,17631,17385,17664,24982,23678,26511,27596,26416,28682,28661,31002,29911,31268
17279,17534,17481,17620,24156,23244,27476,25814,26813,27199,28986,30500,30006,29475
17405,17566,17493,17172,25500,24765,26173,26681,26800,30646,30001,30080,30189,29160
17419,18516,17408,17261,24458,25400,35711,26266,26971,30526,29346,42539,32486,31104
17519,18036,17538,16898,25725,24666,25721,27010,29760,28747,28720,30344,40131,29290
17561,17676,17564,17183,24521,24847,26527,26639,28158,29161,28336,30531,30919,294507
17477,17890,17439,17106,25554,27090,26780,26818,29490,28256,28699,31506,29567,87567
17583,17864,17383,17358,25557,24022,26032,27159,29298,36344,29585,31311,29765,84150
17509,17908,17510,17213,25944,24280,26121,26821,30114,28797,28392,30964,28774,27927
17407,17932,17404,17429,25935,23945,24995,26607,28213,30428,30169,30748,30245,27658
17799,17751,21282,17194,26054,26392,25036,26026,26709,30240,28659,30587,49045,27794
17737,17597,17595,17320,25835,25710,26677,26757,27051,29107,29383,44282,38909,28789
17738,17546,17280,17355,23941,24405,25408,27608,34907,37528,28247,34492,29134,28521
17691,17583,17411,17499,23923,23644,26087,26837,37663,28855,28577,30162,29809,29286
17460,17730,17278,17380,25393,24089,26091,26963,29159,27414,28440,30090,30376,39818
17542,17649,17330,17148,25493,26045,25437,26212,28810,27842,28390,31104,30180,29113
17610,17720,17466,17330,24320,23121,36400,26586,29253,27844,28149,31318,33806,27985
17782,18149,17551,17153,23125,23985,26500,27179,27801,28316,35123,29434,31470,27093
17534,18164,17445,17682,21554,30952,25912,25978,28640,29226,29097,30532,33787,28576
17526,18200,17244,17757,18844,29681,25971,26570,27435,27658,29411,30533,29629,27190
17522,17957,17289,17764,20058,29569,26313,27145,27229,27629,31795,44573,29520,30968
17484,17764,17134,18197,18727,29655,27721,26426,30541,28698,29497,30693,28917,34622
17954,17752,17893,17857,18885,29933,25363,26989,29046,28279,28725,30947,29217,27371
17415,17854,17320,17676,18864,29751,25062,25541,28795,28010,27530,30198,28738,28394
17353,17846,17362,18505,18293,29644,26630,27359,28089,27660,27699,30092,30054,28018
17473,18966,17451,17877,18131,28977,26140,26232,28057,28476,28555,30314,29518,28470
17538,18543,17345,17802,18087,28875,27151,27340,28505,29507,29450,31253,28398,27893
17659,17960,17357,17928,18670,29542,26737,26116,26906,29732,29299,30124,29670,30136
17403,17828,17225,17476,18068,30194,26658,26212,28700,30272,33982,42757,30887,31640
17583,17904,17197,17893,17809,29230,27812,27283,26716,29302,29586,29727,28576,35350
17566,22411,17142,17363,17647,29444,26146,26603,26480,37798,29008,32537,29947,27838
17590,17818,17319,17365,17543,29379,27347,27134,28702,29154,30827,29642,28626,27334
17642,17784,17421,17362,17707,30488,25790,26762,27250,33994,29733,32298,30836,27987
17708,17821,17393,18209,17954,30323,26960,26869,26881,27433,31012,31370,30050,29349
17746,17821,17217,17642,18068,30205,26239,27575,26787,29738,27628,30677,29100,28180
17634,17716,17355,17431,17765,31059,25917,34570,26958,27556,30222,28009,33970,27743
17619,17737,17228,17854,17786,127434,26079,26959,26725,29342,28612,30222,39547,27962
17475,17907,17202,17732,17979,27816,26293,26187,27510,28051,27994,30953,43812,28079
17762,17569,17511,17639,18135,28786,26624,26869,29983,28407,28588,29656,29574,36315
17599,17837,17377,17486,17782,28545,25982,27441,28683,28053,30133,29625,29306,27364
17641,17566,17370,17500,17698,29454,25621,27053,29273,27721,28960,36320,29522,27780
17441,17814,17574,17188,17741,28919,25079,27588,27241,28007,29895,30474,28739,27312
17616,17702,17372,17369,17521,45123,25279,26827,27175,29422,27305,30421,30671,27744
23853,17768,17396,18122,18506,29990,25274,26878,26739,31205,28558,30677,36863,27129
17583,17752,17423,17344,17930,29694,26927,39611,28058,30178,27475,30402,40203,28178
17729,17605,17417,17350,18200,29799,25788,26390,32317,28607,28684,31517,29940,27662
17637,17665,17510,17308,20483,28096,26027,27355,27523,29503,29156,31013,29891,28890
17632,17588,17277,17199,20823,26577,25016,26631,27011,29342,30723,31695,29082,27803
17557,18793,17133,17049,23770,27369,25295,27633,28303,30453,30073,31282,29532,28120
17643,18696,17325,17199,23323,27346,25917,27119,27991,29215,28449,30255,30116,28555
17656,18154,17349,17625,23285,25729,25759,29136,31958,30190,28651,28745,29968,28396
17665,17981,17266,17115,24452,27134,25330,26353,27611,29735,27191,40955,28888,26837
17572,17719,17283,17187,23800,24921,26011,27009,26696,29064,29712,31196,30035,27890
17423,17767,17255,17362,29398,26038,27102,25945,28847,31947,30682,29645,28688,27295
17402,17601,17308,17238,22603,36659,26406,27234,27024,29953,28807,30653,30783,26919
17455,17617,17386,17143,23220,28144,25628,28483,27155,30912,28624,30308,30029,29325
17474,17528,17354,17210,25010,27739,25850,27710,29045,30547,27584,41720,29882,35307
17775,17536,17354,17146,24278,25246,26650,28305,27118,31326,57886,29393,29108,28575
17598,17633,17220,17190,24215,25629,25681,26630,26915,29769,30141,29614,30728,28000
17617,17666,17370,17110,23720,21859,26002,26937,26615,30120,32376,30867,31177,28321
17561,17737,17510,17189,22422,21544,24517,27019,26642,30587,29332,29633,29782,27868
17622,17550,17471,17194,24229,29345,27606,26928,27120,29984,28725,30083,31640,27620
17748,17702,17511,23425,23529,22505,27193,28839,28689,29766,28585,32280,29802,28782
17424,17878,17351,17164,24828,25050,27395,28140,32570,30063,34411,30013,28676,31445
17643,17823,17175,17277,24168,25015,29567,27999,27717,29908,28974,33001,30408,35556
17678,17776,17261,17312,22580,21989,27146,27860,27596,30015,29399,31108,30116,27843
17683,17792,17599,17023,23202,22821,26731,27766,27448,29836,27831,29983,29320,28148
17653,17725,17353,17286,22371,21316,27075,26159,26230,36986,28032,35095,30267,27555
17461,17568,17782,17440,23187,22011,31088,26496,35304,30766,30147,35402,30384,27310
17476,17950,17395,17168,22748,25742,26681,26476,47064,32531,30789,30237,33578,27728
17541,18002,17500,17338,22730,24395,25463,26751,31336,30304,30497,31026,38544,28757
17476,18252,17294,17285,22048,23532,27444,26958,28652,30212,29659,45055,29937,30040
17699,23427,17335,17264,23107,21250,26488,26978,28984,30501,27437,35607,30622,35529
17566,18014,17386,17307,23742,21539,27288,27769,28081,30818,30158,30285,31861,28273
17553,17788,17349,17405,21644,23294,28526,26617,36012,34856,28434,30962,29227,26924
17572,17781,17104,17610,18556,21792,26253,26066,34901,29368,27580,30560,28656,28226
17499,17667,17601,17412,17989,22391,27502,27026,34085,35179,27535,29540,28771,27780
17566,18022,17329,17211,17610,22842,26296,26879,26986,31534,29495,29436,29709,28456
17559,17817,17159,17239,20429,21591,26283,26998,27987,37948,30448,30950,30101,27005
17601,17795,17243,17351,18495,23284,26209,26896,27995,32367,30731,30155,31147,29408
17667,17744,17367,17173,18081,21730,24989,25240,28515,29867,37482,30677,30225,36932
17755,17891,17332,17171,18231,23127,25873,26152,27952,28513,28356,42970,29278,30682
17611,17783,17372,17607,19187,21212,26064,26868,28767,29675,29918,30353,29997,30366
17633,17834,17298,17231,19576,21646,50805,27009,27648,30493,27293,30047,30497,31017
17549,18065,17394,17230,18180,23462,34893,25800,27606,28806,27391,30570,30656,30589
17536,17687,17311,17460,18260,22160,30038,26125,27740,27597,28174,28111,29999,31438
17559,18009,17344,17306,17947,21989,27053,26825,27138,28876,28158,31136,29877,40460
17653,17951,17429,17349,17625,21681,26758,26915,44702,28238,31716,30145,31028,30138
17489,17923,17264,17356,18133,21698,26533,26078,28115,27957,29031,29353,34595,30714
17491,17608,17376,17514,17917,24654,26609,26496,27579,28720,27991,31242,31162,30704
17395,17738,17260,17453,17484,21317,26679,26492,26917,27292,30415,29717,30960,42002
17522,17870,17372,17403,17511,22856,25704,26541,28544,37447,31421,44374,33138,30515
17463,17508,17562,17198,17502,21643,26111,26507,27850,29829,29460,30920,29941,201382
17636,17691,17255,17551,17587,30711,26900,27388,27290,33511,27021,28497,30015,28151
17591,18620,17394,17056,18117,24118,25949,27301,27900,28853,28035,30174,29181,28203
17538,18354,17409,17076,17565,33858,25972,26682,27769,28313,27288,30566,35403,29391
17543,17860,17363,17391,17571,22175,33146,27306,27210,27026,27702,30753,27878,29228
17492,17735,17462,17271,18701,20993,29429,27144,28110,28122,27474,32697,28703,27758
17570,17860,17402,17283,17759,21479,26624,27900,28118,28178,28419,30864,47545,28299
17336,17649,17504,17225,17940,23557,33461,26510,29234,28451,29319,30287,28417,32036
17382,17694,17294,17118,19654,21574,29299,27322,28759,36695,27926,31081,27833,37151
17631,17755,17228,17245,18967,23275,28104,26233,30640,28610,29132,40185,28121,28153
17431,17866,17258,17245,21955,22030,26725,27289,38809,30223,28926,30181,28243,27159
17512,17743,17286,21243,23122,21507,26182,27536,29095,29897,34832,30414,28643,29082
17547,17646,17255,17246,23128,23108,33244,26083,29660,30373,29295,29170,29473,27897
17502,17632,17503,17115,24108,22550,28969,26548,30677,30176,30210,29970,36007,42056
17633,17852,17381,17646,34020,22068,26806,26959,29665,30077,28423,30617,28351,27968
17663,17785,17570,17353,22373,21923,26763,26554,28361,30476,29705,29741,28733,31234
17589,17629,17630,17399,22852,23075,26679,26997,26569,30210,28515,31479,28433,36457
17563,17916,20870,17624,23386,22411,27563,25967,26940,30815,27636,31616,27729,28766
17452,17788,17447,17174,23463,21526,34672,26817,34841,36108,30052,45892,28091,29009
17639,17686,17308,17200,23240,23265,27944,26315,28268,27977,28577,28842,33608,29773
17522,17746,17314,17325,23502,21926,32636,27758,27684,28388,29507,29207,39155,27849
17322,17605,17303,17306,25560,23341,28300,27327,27054,27577,30021,31246,29985,28147
17322,17932,17513,17197,23079,23370,27001,26332,27593,27549,27236,30896,30062,32451
17417,18453,17319,17205,23688,21812,27869,27599,28260,27384,27561,30413,28287,38574
17467,18210,17293,18704,23109,23447,28534,26154,28073,30217,28645,30693,29746,27790
17514,18011,17339,17979,25398,22221,28216,27348,27479,28252,28222,28949,29710,28761
17639,17627,17412,17718,23529,23651,27385,27756,27718,28522,29209,42248,29982,27811
17605,17706,17356,17685,24433,24262,27112,26236,27493,29838,27463,30261,30212,28106
17653,17633,17419,17569,24772,23064,28593,26210,27279,31531,27371,29606,31819,28337
17390,17718,17353,17737,23649,23651,25630,26624,29746,30215,28851,30072,29976,27911
17530,17626,17384,17657,24614,23146,24788,27494,27140,28981,26934,30462,30699,27871
17549,17798,17566,17831,23846,32215,25263,26817,26524,30007,29731,29218,29959,30210
17519,17836,17399,17524,25351,23589,27372,27635,27588,30399,36277,29885,29729,32090
17537,17793,17286,20132,24957,23355,33176,28039,27568,29908,27943,31237,28528,28874
17545,17851,17308,19187,23417,27237,28731,27028,30392,30773,28329,32184,31714,28916
17602,17763,17348,19364,23142,25313,29590,28599,30520,31602,28989,30246,28550,28711
17514,17746,17201,19148,23870,24410,33584,27456,28516,30156,39016,38066,30236,29245
17659,18061,17322,21593,21563,25127,32598,26225,29388,30006,27638,32378,31546,28055
17601,17659,17300,18616,27345,21419,33077,26867,27884,31083,29326,31419,32748,29516
17439,17889,17217,18793,18625,22712,28678,28153,27629,31613,33899,29950,30041,31817
17585,17749,17554,18634,18265,21825,27348,28082,26078,40385,29835,30948,29633,37322
17592,17961,17415,18682,18435,22091,27397,27525,27450,35570,29262,31011,30334,27793
17359,17621,17331,18760,17990,23960,26593,26958,26922,30912,29537,31095,31028,44930
17374,17853,17275,18520,18836,23982,27769,33709,36247,36444,28521,29867,30099,29953
17546,17733,20136,18692,18390,24616,27468,30904,35023,30499,28008,30116,30046,28602
17434,17852,17814,18494,17820,24764,26148,26981,28014,30618,28218,32184,33669,28456
17513,17861,17554,18409,17756,24410,26546,27141,26825,30231,28276,34000,39286,28321
17529,17587,17289,18268,17739,25546,26517,27751,28894,30300,28826,29672,30085,28492
17493,18008,17559,18322,17907,24375,25950,27262,34555,30304,28613,30837,29767,31304
17464,17670,17329,18128,18850,25431,25543,27198,28406,31510,28559,31801,29772,30067
17525,17728,17345,18253,20537,28746,25778,27325,27586,31291,27179,30467,28706,30375
17795,17590,17266,17990,28986,24992,26540,28387,32597,30770,28332,30909,30091,31414
17635,18017,17407,17933,18879,24981,26203,26128,27797,35497,28871,30536,29103,30467
17483,18037,17760,18003,18654,23041,26947,29227,26561,30232,34222,29241,33601,28938
17471,17632,17301,17879,18587,22168,25141,29248,26415,34172,36353,43162,29151,30353
17610,17895,17412,17920,18976,22968,26325,27742,26579,27043,30266,43849,29300,29867
17435,17613,17186,17883,17658,22006,26456,26503,29442,28792,27895,31034,29183,34999
17626,17784,17577,17626,17911,23189,26418,27073,27568,27775,29046,28978,29836,37056
17601,17592,17458,17621,17676,21161,26584,26557,27724,28397,28296,41216,30241,29354
17417,17918,17393,17598,17601,21743,26855,27346,34563,30452,28942,29946,30527,30050
17464,17792,17251,17650,18633,23199,26017,27077,27309,27541,28721,31593,30260,30509
17574,17680,17758,17680,17486,22356,27112,26955,29081,29062,28859,30238,29645,29162
17454,17875,17524,17512,17521,21197,26211,26734,27650,28493,28231,29609,31259,29525
17611,17579,17322,17559,17271,21633,25880,26484,27615,28448,32060,30641,38249,29344
17973,17641,17383,17514,17383,22920,26516,26971,27408,27121,28170,31167,30640,44643
17977,17684,17238,17726,20225,21755,26229,27134,27819,28526,27867,47933,29702,56606
17951,17494,17358,17382,20937,22057,26788,25993,26122,35487,29042,30291,29066,28730
17883,17646,17424,17713,22852,23183,34195,26771,27603,27440,29606,30777,29871,27687
18009,17571,17404,17603,23101,21605,25877,29757,27560,27577,27405,29852,28855,28541
17878,17699,17352,17525,23275,22520,25347,28354,26769,32421,26926,30697,29469,28816
17991,17671,17416,17926,22682,21415,26641,26447,27716,36878,28647,30588,30066,28277
18021,19450,17792,17519,22956,21130,27019,25484,26742,29099,27395,30829,31161,27607
18138,18745,17421,17505,23700,22659,28338,26401,26661,27503,41166,30655,29909,41716
18034,18493,17438,17545,23547,21376,25986,27162,26736,27013,27588,29849,30669,29441
17991,18349,17115,17503,23929,22769,26330,28785,26730,27054,27902,30210,28000,28038
17917,18283,17193,17390,23640,23784,25749,26315,27315,27952,28652,30040,29060,28435
17911,18476,17300,17424,25001,22317,25774,27556,26842,27866,28156,29168,28352,27914
17795,18610,17256,17517,23056,22843,26077,27531,27367,27736,29458,30629,28656,28557
18027,18126,17438,17578,23457,23837,25885,27162,26469,27509,27842,29675,28630,27714
17898,17962,17318,18734,22832,21969,26400,27751,27665,35746,29738,30106,32276,27562
17921,17985,17384,18283,23341,23011,24686,26277,27168,30301,28879,35466,36394,28121
17918,18162,17358,18193,23640,22284,26420,26455,27647,28990,29284,33000,28335,29930
18020,18018,17427,17836,24261,21895,34120,27311,27022,29863,32253,31310,28850,28024
18057,18048,17419,18044,25880,22903,28773,25961,27377,28860,29389,29488,28145,28180
18062,18086,17756,17586,25578,21326,27420,27150,27566,30135,27056,30795,28279,27811
18034,18507,17452,17592,25089,22090,27350,26240,27440,30098,28896,33167,28161,28773
18061,18120,17440,17412,26448,22027,26217,27937,26997,29110,28134,29653,29519,28486
17855,18206,17450,17355,23538,21524,25318,27216,27485,30790,27062,28311,28449,27780
17929,17953,17312,17061,24141,23121,26235,26882,26784,30444,27890,29810,29289,32264
17753,17798,17636,18169,24506,21260,27046,26993,27551,29994,34717,31122,33930,30994
18017,17863,17550,17156,25613,21011,30642,28987,27206,29682,27977,30108,30267,27879
17844,18150,17446,17120,25872,21090,28535,27005,26867,29761,32152,30687,30501,26965
18042,18027,17412,17600,24940,21965,28397,26566,26491,29818,29195,30642,29293,26743
17978,18088,17445,17079,23104,20687,28063,28120,26362,34112,28647,31352,30422,27681
18029,18096,17329,17473,22873,21263,29153,26255,26943,28026,28664,29657,29269,28161
17909,17972,17416,17100,20703,20304,27383,26898,26482,28315,33921,44388,32422,27472
17887,17973,17493,17353,20132,20109,27683,27036,27455,27564,28085,30634,29653,27420
17885,18363,17294,17195,19971,21376,25945,27044,26412,27886,40458,33939,30646,29275
18079,18138,17247,17421,19448,20307,25709,27673,30112,29297,29001,43692,30077,27921
17954,18910,17249,17535,21650,21896,27968,27623,29307,37175,27858,30791,29610,27443
17903,18715,17770,17571,20844,20265,28319,25479,35714,27075,27621,30145,28790,27633
17884,18513,17327,17534,20759,20770,25837,26920,28330,28376,29137,30559,31160,27496
18023,18647,17303,17435,21478,24237,25260,26965,28792,28103,29384,30737,32167,28028
17935,18423,17414,17550,20760,21999,25601,26990,29148,28019,28595,30693,28612,27275
18077,18720,17389,17512,20703,22250,27309,26471,29588,27416,27850,31664,30472,26949
17943,18339,17289,17485,19351,21253,25857,27374,29199,27058,29963,33372,40672,28721
17794,18264,17693,17518,19118,27030,26837,27969,27168,28078,28035,29705,39383,33936
18077,18272,17408,17584,19984,33604,26078,27888,27634,27094,26606,30205,31102,30793
17969,18312,17330,17507,25394,21161,25234,26523,26502,27741,26998,31098,30905,32925
17984,18172,17618,17325,20024,21885,27947,26998,27172,28420,35962,29568,30274,31200
18040,18268,17263,17122,20030,23740,25227,26915,27557,27301,30538,45291,30315,26806
18056,18311,17303,16998,20312,21453,25699,26208,27513,28486,28740,32725,29477,28319
17996,18214,17258,17089,19322,22732,25622,26928,26725,30216,28420,37041,28703,29023
17854,18229,25245,17015,18412,20364,25719,27041,27902,29673,28108,30426,28777,34114
18008,18041,17355,17151,18679,20247,25718,25927,27535,30552,27219,29236,33547,28105
17957,18215,17321,16928,18018,22033,25980,26466,26889,29820,27828,46070,28484,28015
17988,18374,17434,16815,18005,20405,26228,27325,28038,27331,31496,30050,30500,27282
17901,18323,17455,17196,18458,22327,27081,27238,28754,27431,28788,268764,30588,27481
17949,18282,17289,17412,18179,20713,27604,27603,27465,28299,26957,29016,29483,27982
26264,18242,17342,17411,18184,20832,26093,26873,26796,28788,28145,30937,33386,29583
23830,18401,17353,17185,18998,22612,28840,27655,26806,28503,26960,31116,37197,32636
23374,18836,17329,17021,19956,20592,29359,27025,26453,28140,28372,29868,27598,28742
22960,18335,17439,17223,21026,22406,28591,27910,27661,27617,28860,29295,28221,27750
22649,18454,17489,16779,36254,23845,27307,27334,26451,28614,28108,30740,27842,27933
22511,18085,17452,16947,22384,20649,28713,27301,27240,28508,29871,29741,28276,26991
22839,17911,17465,17596,25449,21794,31922,28221,36104,28214,28025,28759,28516,263014
22733,18090,17621,17137,24258,23692,27594,36294,69305,27807,28814,27770,28901,28154
22861,17999,17376,17005,24593,22633,26953,26905,25946,28434,33550,29627,28486,31841
22252,18290,17334,17594,24379,23126,26035,28326,26502,28395,29113,30837,30469,27888
22377,17658,17370,17138,25634,23015,28006,26642,26659,31549,26572,30542,29150,29761
22480,17910,17316,17431,24144,21972,27958,27457,26489,28426,32109,29092,28023,30483
22337,17843,17378,17458,24870,22080,28534,27608,27107,28452,32307,29614,28896,30119
22219,18006,17388,17396,23986,20694,27684,27060,26916,31536,53928,29729,27101,30389
22055,17918,17271,17147,24479,20665,26976,26219,26249,29178,29731,31762,27910,30571
22265,17869,17548,17475,24853,21615,28932,27584,26419,30028,29137,30067,28086,41480
21975,18167,17483,17257,35924,21440,27554,26944,27029,30105,28779,30606,28542,38799
22061,18030,17389,17012,23806,22100,29416,26908,29715,30990,42044,31529,32550,28575
21967,25352,17499,17064,23904,24392,26877,26834,29644,30030,28370,29073,35383,29953
21649,17768,20228,17145,23945,21077,28415,26641,28497,37655,27899,30836,29022,30193
21817,18267,17440,16943,24370,23234,27219,26913,28234,30832,28538,30338,27432,30251
21904,22211,17415,17909,23345,23255,26934,27755,28413,30099,56990,40100,27424,31233
21675,17968,17391,17266,24701,21398,27928,27573,37012,29261,29581,29508,28255,30304
21537,17201,17529,17087,24807,22952,39612,27019,37030,29249,29273,37934,36334,53281
21364,18185,17427,17140,22947,21777,27980,26984,26213,29245,27922,27776,28324,28263
21387,18154,17182,17204,24991,21911,27448,27258,27478,29023,28264,45974,39976,29208
21742,17992,17386,17190,25257,24091,29527,27152,26991,30311,35565,29356,30196,28322
21784,18240,17278,17070,26270,22542,27581,28582,34645,37469,32850,30754,29869,28223
21671,17850,17217,17460,26558,21748,28386,26612,29192,30670,28853,27739,29725,28095
21263,18945,17215,17008,34535,21737,27818,27015,28583,30294,40012,29465,31775,30294
21279,18699,17510,17580,22637,21054,27326,28979,29412,30595,28026,30315,29705,32034
21267,18272,17321,16943,20570,22621,28742,27198,26281,28881,30228,31493,30189,52454
21298,18175,17388,17003,20131,20220,26760,27239,27892,30858,27945,28796,28896,31203
21219,18044,17290,17053,20747,20381,29322,26800,27888,28647,28206,40960,27264,28785
21227,18020,17182,16849,19450,21481,29256,27293,28346,28935,29088,30594,29541,31299
21419,17984,17325,17430,18908,21851,27394,27188,27549,30241,28483,31109,28602,29782
21270,18086,17346,16877,22741,23834,27466,28028,28006,29206,28283,29761,28235,30084
21139,17911,17315,17301,17846,22356,27002,27600,26920,29894,29624,30117,28274,30692
20831,17695,17392,16895,18261,22644,28799,27109,36751,30337,27861,30072,27717,37242
21184,17805,17853,17085,18183,21506,27618,26939,28904,29307,28499,29006,28036,154175
20517,17847,17591,17127,17963,21958,29169,30240,37908,38965,36970,30942,39894,29661
20765,17741,17412,17214,17608,22623,28213,26570,28716,30046,30062,30360,28494,31923
20766,17672,17254,17360,17854,21459,28172,27877,28990,30786,30720,35164,38563,28584
20499,18616,17176,17390,18059,21077,27513,27493,27880,29980,30096,36139,37050,275004
20592,18190,17210,17153,18057,21184,29200,26534,28897,29751,30001,31013,28648,29122
20735,18094,17562,17045,18000,21705,28130,27412,34696,30226,30105,30229,28046,29322
20849,17793,17584,17002,17490,23079,27318,28988,31282,29500,28835,30129,28386,43359
20805,18003,17244,17068,17553,23854,27095,26891,29244,29905,28532,32111,28513,36504
20711,18137,17457,17035,17564,21881,29021,26308,26185,29151,28265,31085,292484,27727
20774,18603,17320,16990,18067,23436,28220,26400,27394,27499,28877,29941,30203,27357
20894,18097,17223,17109,17819,25306,28524,26554,28548,28810,28898,31116,33734,27125
20716,18192,17520,22803,18320,23264,27567,26371,38319,28780,27627,27801,28857,28324
20739,18034,17466,17427,19056,23597,27473,27146,29670,27344,28344,42096,30389,28227
20673,17914,17335,17376,17982,21644,27423,28242,28003,28704,29414,27843,29755,27587
20520,18259,17299,17270,18180,22633,29074,26892,28317,27339,28871,27530,29776,28603
20607,18042,17472,24250,18706,22820,27762,27081,32439,26990,28623,31153,30015,28047
20801,17910,17338,16961,18157,21496,29509,26971,27440,27874,27031,30360,29973,27395
20509,18145,17270,17024,22201,21329,28231,27642,28658,27940,27070,29253,31263,28405
20491,18431,17663,17111,21576,20862,27587,26152,28986,27747,26807,30537,37692,27377
20577,18166,17296,17206,23695,23281,28072,26932,34998,27674,28941,29624,29642,27544
20275,25168,17477,16989,23047,25745,29091,26863,26953,28100,27887,28181,29723,28200
20549,18158,17485,17142,22585,22367,28243,26230,32332,28120,29188,29877,29991,28110
20506,18270,17405,17942,23815,26908,29121,27253,30665,27738,28912,30976,30082,28442
20368,18240,17535,17345,23747,23269,29715,27192,29610,27571,27512,40700,29013,27990
19990,18150,17309,17837,30573,23463,35066,26900,27810,28056,27992,30278,29052,28577
20116,18209,17604,17357,24357,22916,34971,27170,28478,29269,32051,30248,29787,35854
20318,17928,17288,17331,23614,20309,28442,26421,28187,29273,30503,29785,29164,26865
20133,18397,17267,17889,24577,19919,33811,26466,27253,29685,29442,30181,32856,27988
20250,18270,19940,17013,24399,18851,28618,27080,27223,30353,34677,30228,39634,27958
20279,18080,17424,17442,23538,20648,28066,26219,27843,31025,29904,29923,27958,27412
20278,18068,17398,17105,24919,21903,31347,27573,26807,30685,28073,31491,34040,27669
19875,17852,17303,16987,24128,20573,27510,26103,27362,30639,27309,31195,28006,27818
20121,18381,17411,16945,24984,20349,29260,27000,27291,28213,27224,30331,30226,30254
20052,17962,17200,17111,25084,19798,27851,26867,27369,27488,29058,33002,29062,26860
20037,17968,17267,16978,24817,21090,29471,26588,28854,29306,27421,29839,28513,29128
19983,18171,17285,16959,24208,19624,27846,26985,27805,30409,28819,30574,29597,27492
19962,17720,17445,17021,25022,19704,28400,27181,27528,36758,27811,29549,30652,28614
21136,17745,17385,16901,33811,19098,28568,27182,26811,27625,40067,29370,35859,38686
21507,17901,17464,17020,24370,19268,29182,27389,32533,30675,28516,30695,29862,26785
19972,17899,17402,17095,23834,22120,29538,27132,29351,29081,29219,29511,29054,31452
19900,17764,17367,17350,23782,21361,27481,26345,27611,27858,37539,28608,30416,37298
19759,18216,17446,17025,25095,20001,27591,27835,27595,29872,28402,32606,28833,28131
20185,18248,17280,17362,24749,19946,28053,26548,26913,33040,28337,45879,30261,27680
20004,17889,17197,17495,24012,21215,27775,26504,28078,28475,41761,29255,29396,26916
20265,17840,17673,17625,24695,29215,28575,28849,26782,27978,27996,29652,33017,27722
19965,17828,17895,17456,20730,20604,28497,26158,27345,27150,29870,29289,37717,27895
19858,17844,17504,17146,18825,22582,28339,27473,28236,30622,29789,28907,30347,27812
19874,17892,17387,17155,19449,21090,27605,27288,27436,37962,28919,30263,29065,32600
19905,17814,17572,17138,18379,22439,27480,27567,27495,30382,30030,27949,30886,35377
19435,17848,17684,17398,18570,21619,28962,27045,27738,29159,29896,30120,29745,27418
19604,17964,17430,17066,18222,20686,27424,27036,26245,26904,28422,30189,30364,27152
19193,17935,17406,17094,17969,22996,28704,26968,26406,30465,28356,29685,38445,28314
19466,17578,17377,17168,18974,21510,27216,26876,27404,28967,31374,43813,29317,28404
19406,17753,17463,17069,17947,22464,28956,27274,27319,30076,28790,30459,33718,27820
19438,17836,17272,16963,17874,23440,27126,27186,27758,30767,28745,31109,29258,28208
19563,17885,17237,17052,17945,21031,27132,27064,27611,29631,28762,32165,28741,27569
19438,17763,17321,17339,18137,20640,28966,26773,27589,29825,28061,30247,43688,30347
19804,17702,17445,17158,17944,20392,28918,27008,26597,30535,29878,29996,29863,32779
19546,17788,17359,16925,17888,21807,27891,26822,28173,30048,28037,31088,30251,27702
19698,17662,17367,16928,17804,23467,27296,25818,27622,29455,28897,30424,30241,28155
20934,17809,17289,17045,24663,21438,27427,26941,27062,30306,32020,45383,31233,28188
21208,17688,17401,17028,17815,20610,26860,26292,27487,29515,34945,30352,31715,27406
21025,17921,17390,16906,18684,20834,26939,28368,27702,29876,27820,30548,28948,28573
19499,17848,17342,17442,17653,21011,26607,27785,27728,29150,27127,31276,29490,29541
19463,17666,17396,17408,18378,20769,28739,26501,26902,30175,29102,30895,30450,33486
19577,18168,17395,16997,18186,20320,27454,28309,27907,30105,30443,30194,30533,29307
19513,18243,17296,17118,17740,20033,29082,26919,28027,29382,30568,30402,29154,30657
19457,17922,17351,17020,17974,19943,28015,26946,26524,30783,30132,30200,29544,30024
19405,17865,17442,17524,17988,23074,28549,26374,26898,29043,30144,31471,33254,29282
19446,17775,17267,17341,17858,21264,27762,28947,26433,30348,29481,38351,33017,30200
19219,17724,17479,17008,17727,22430,28994,26907,27006,30297,28566,31031,31026,30405
19247,17520,17457,17078,17595,20236,28857,26123,25914,33350,26849,30383,29323,31996
19489,17666,17432,23427,18030,20555,28777,27497,27028,29670,27058,29308,29768,30661
19321,17893,17645,17144,20660,21605,26977,26683,27827,30057,26930,30344,29428,30300
19622,18082,17293,17156,22071,20096,36581,27206,26925,29932,28404,31264,29238,29718
19253,18087,17322,17246,24031,20581,27999,26171,27697,30424,28124,29566,29624,28701
19764,17843,17219,16931,24504,20497,28374,26087,26733,29867,28032,29139,30600,27365
19736,17989,17572,17217,23090,19838,27581,25823,28417,30270,31195,28495,30988,30250
19698,17868,17453,17057,24022,20185,28378,28146,28074,31414,29050,40812,29277,28687
19743,18286,17615,17386,24302,19683,28907,27246,27572,29849,36208,31573,29446,56132
19637,23786,17277,16995,28898,19551,28903,25790,27256,30075,28337,31079,29870,85797
19732,17945,17290,17036,24594,19194,27590,27545,26325,30759,29337,31804,29201,28558
19909,18293,17263,17133,24298,20203,27546,26354,27449,30291,27083,29454,29119,29404
19911,17839,17207,17093,23790,19997,26971,26013,27023,35064,28599,31367,29622,28495
19838,18392,17113,17345,33343,21329,28045,27004,26701,29103,28599,31592,30922,29125
19735,17688,17425,17428,24227,20128,28583,27294,26040,35163,34517,29887,31461,29630
20145,17712,17423,17101,25681,21192,26791,26725,27139,28132,28764,36241,30790,28756
19910,17645,17483,17026,24625,27210,28551,26531,26913,30276,29323,29499,36693,33809
19739,18141,17480,17073,24531,20768,28755,26925,26798,29442,29388,41914,29243,38168
19760,18193,17432,16981,25226,24099,28974,27154,26679,30033,27692,30756,29098,28703
19568,17703,17265,17007,25499,22703,28099,25908,27493,36969,30614,30837,28628,27921
19575,18016,18194,17180,24987,22129,27837,27073,26830,28176,28696,29810,29526,28057
19525,17912,17441,16914,24175,21610,29009,26042,27542,27479,30716,30294,28059,29300
19221,18171,17241,16920,26358,22754,29398,26826,26634,28321,30527,30616,27452,29074
19627,17863,17399,16991,25208,27735,43624,27828,29390,27366,26469,30775,31705,28883
19821,18425,17517,17040,24156,23234,26990,26741,26709,28175,28075,30323,29080,78208
19485,18205,17674,16947,23990,23400,29065,27451,27506,29114,27986,30842,32110,36784
22053,18074,17301,16955,24647,19486,28229,26819,27528,27375,27204,30552,30128,27603
19501,18143,17390,17036,24925,21420,26446,27842,26641,30161,27303,36899,29647,28660
19699,18059,17112,16809,23427,27386,26445,26228,27924,29619,28000,29583,30354,27914
19302,17803,17671,16959,20530,20261,26539,26871,27541,45155,26884,29469,35511,28437
19463,17805,17390,16983,22637,22128,27128,26413,26820,28376,28134,29884,29412,28789
19145,17897,17313,17275,19467,32068,26233,27508,27878,28775,27703,33780,29595,28619
19406,17913,17444,17176,20513,22517,26584,27346,27058,27648,28569,30268,47371,28346
19404,17664,17727,17113,19563,21389,26362,26974,28217,27604,27795,30681,36350,31045
19291,18277,17312,17506,19135,21027,26277,27844,27344,27064,29409,29793,27887,30426
19324,17883,17329,17421,18778,23391,26773,27683,27079,27663,28180,30432,27178,29012
19468,17841,17351,17159,18338,23502,27061,27302,29507,27582,27798,30680,29859,28648
19324,17815,17418,17097,19000,21565,28017,27159,26984,27911,30182,57286,28922,28019
19415,17731,17315,16991,18173,22856,26363,27261,36717,29285,29505,31164,31165,27528
19610,18361,17311,17090,18399,23922,26082,26475,27393,29815,30566,30695,26972,27217
19405,18284,17581,17012,17982,21001,26002,26897,37256,40930,28592,31495,29468,28705
19214,17974,17331,16745,17920,21995,26698,26707,27116,30355,30576,30219,30792,32999
19367,18196,17835,17388,18564,20772,26358,26816,27078,29901,27944,30674,29669,37394
19276,18271,17516,17107,17988,20249,26794,26670,26547,30532,26405,29483,30259,29469
19376,18099,17435,16932,17817,22552,26823,26207,25553,28770,30855,29809,29498,28707
18736,18103,17278,17043,18015,21088,29055,27608,27491,27823,26966,30379,29343,28122
18630,17897,17541,17091,18268,22183,27153,26724,28318,28991,30858,32375,28182,27752
18722,18341,17448,17139,18191,21190,27990,26650,27494,30868,28235,41550,30614,28280
18577,18198,17389,17393,18220,22352,26960,26687,26854,30172,29062,30089,29619,27093
18588,18070,17291,17319,18463,22765,26842,26767,38352,29794,27816,29632,32386,28581
18669,18077,17370,17552,17818,19978,28167,27566,26727,28578,28464,30549,34669,28620
18874,17939,17420,17172,18001,21378,27503,26435,26769,29159,28359,29878,29855,35309
18504,18006,17352,17389,19276,21029,25723,26855,25353,27277,27800,30082,29433,29601
18595,18138,17171,17123,18410,20899,27847,26176,32340,29092,29469,41640,29252,30274
18748,18054,17392,17142,17971,22307,26211,26419,29488,28733,27692,27358,29718,29973
18774,18078,17366,17122,17850,22076,29141,27860,26788,33187,30103,31010,28743,29988
18451,18098,17536,17113,17569,21847,25815,26385,26349,29494,30177,28408,29885,30308
18604,17981,17202,17054,17979,20606,25453,28200,27787,29161,30725,43471,29281,28863
18514,18020,17444,17120,17658,22291,25854,27649,26318,28744,31485,30962,31219,31122
19630,17996,17347,17008,17623,21217,25933,26475,27333,28478,29041,31156,36705,36101
19612,17853,17285,17469,17925,21434,25690,27733,26383,28163,28915,30344,29670,30989
20061,17909,17443,17132,17911,22658,26936,27070,27584,29512,41124,29952,29906,30201
18521,23277,17264,17036,17631,26013,26114,26683,26919,30086,29271,30296,28689,30427
18451,18048,17365,17406,17614,21616,44839,25982,26074,28120,27256,31073,29548,30334
18336,18127,17374,17336,17651,22799,25980,27893,26191,28783,29105,29907,29541,30436
18668,17805,17410,23720,23260,23879,26733,26846,27547,30821,29025,30374,30115,30249
18750,17471,17340,17001,17605,21545,26116,26802,26651,29291,28539,31011,29350,43855
18710,17728,17301,17131,17998,22563,26247,27089,26771,30383,29051,41543,31421,31955
18519,17517,17225,17111,17588,29664,25734,27724,28590,29414,29722,30018,29899,27437
18507,17814,17496,17057,17637,21339,31990,27564,28213,28494,29769,30537,28768,28698
18483,17782,17364,17037,17972,22702,27045,27076,28870,29180,34735,30259,30857,28420
18456,17522,17395,17053,17777,21197,26517,27061,28272,28066,29073,30521,30086,27549
18505,17872,17406,17076,18120,21386,26334,27684,35168,26735,27578,31308,29299,27550
18354,17529,17440,16987,17516,20649,26696,28727,29417,28708,27470,29563,29924,27533
18187,17546,17365,17136,17528,22722,28742,27577,33515,27415,30106,28790,30449,26710
18288,17794,17425,17236,17739,24683,27108,27766,28540,28671,29353,31163,33308,29334
18226,17658,20321,17203,18050,25485,27615,26942,26603,28463,27815,30565,29844,28140
18397,17702,17374,17077,17859,22582,26320,27868,28779,37161,28862,30620,29741,28672
18264,17733,24012,17327,18094,23323,25107,26825,26681,29310,28483,31075,28733,26868
18463,17502,17280,17084,17911,25308,25770,26887,26439,30281,27600,30736,29251,28532
18436,17500,17421,16970,23114,21609,26451,27189,26874,33634,28264,30531,31054,27333
18440,17720,17421,17376,19693,22661,25945,26342,27380,28665,27397,30427,30316,27459
19687,17673,17382,16958,18036,23575,44376,27057,27981,27069,27303,30392,29265,27021
19544,17774,18971,17377,17906,20807,35382,27072,26957,28797,27892,29158,29714,28566
18650,17448,17436,16933,17547,22187,25786,26944,28119,27434,28587,31783,35547,35211
