b16,b32,b64,b128,b256,b512,b1024,b2048,b4096,b8192
3952168425,3341765248,3331674470,3948836453,3334540104,3337149657,3338175055,3181046268,3932952716,3948880209
46755,59346,56132,42211,40528,41583,64889,80580,47812,42210
29523,33990,26761,27531,30681,28334,34831,41383,50719,46952
27503,27066,22181,19622,25403,31577,26998,38951,31842,38637
23511,22852,18852,17241,18663,24741,25510,39511,44719,39385
21583,17777,16309,16187,34381,308426,26153,37243,36051,41731
20254,16591,15247,15660,54936,22704,22215,40042,35815,37624
19355,15373,13093,15314,16878,22625,19889,39301,36584,38224
18681,26907,13234,15428,13847,20125,42823,40407,33371,39125
18111,22522,22921,13168,14289,18335,47477,38546,35529,39347
16980,14310,12712,12649,13606,24792,32245,38305,34387,39303
16217,12822,12526,13256,12700,19779,25026,39463,34182,39562
15520,14035,12508,12928,12480,18860,35551,38764,36365,37726
14745,14084,12610,12781,12486,18394,25842,37881,44736,36946
14680,13658,12368,12679,13390,16458,22393,61317,33839,37518
13935,13777,13883,12348,12669,22223,26968,40097,44025,40201
13779,13081,12216,12461,12756,19885,24654,37934,42766,37081
13318,14534,13776,13695,12943,17108,34605,39397,34035,38834
13073,14400,13709,12412,12307,17509,34213,39052,42117,39719
12836,14007,13188,12474,145807,16249,21884,39139,32555,37891
12796,13796,12154,12234,23717,17109,25157,39786,34521,41502
13143,13650,12456,25848,19187,15969,23803,39043,33859,40113
13026,13667,13543,12599,17400,17277,23414,36260,44060,38028
13371,14675,12680,12534,17058,16108,21050,38282,33675,38874
13332,13898,13043,12568,15066,15204,20574,38865,349994,37932
13097,13760,12847,12674,14885,17513,21134,39729,33506,37820
12923,13620,12596,12915,16180,18319,22107,40379,39830,40096
12954,13889,12202,13599,16488,16204,24517,38249,66505,39880
13239,27940,12586,12489,19681,16227,33086,37432,43758,37423
12771,14019,12711,12866,16291,16167,33470,40148,39862,38407
12676,13624,13649,12304,13086,18624,33188,39738,349196,36884
12856,13653,12667,13067,13894,20371,35039,39012,44714,38742
12941,27593,12859,12487,12536,16666,35074,40688,67750,42836
12926,13881,12579,12145,22796,17431,32793,39111,42724,38338
12684,13792,12614,12693,12449,15864,37302,37608,36328,38320
12471,13620,12482,12044,12361,20482,36074,39886,78406,37137
12888,14306,12537,13537,101036,21411,37945,37790,36015,36562
12423,13758,12501,22215,485603,17651,34250,38254,37571,36338
12570,40679,13859,12274,212180,18643,35105,67104,37773,37220
12793,18443,12728,12246,14737,16691,35513,47443,39080,39634
12955,15346,12703,12543,31937,16857,36705,38159,47328,39840
13230,14398,70164,12887,31148,18109,35771,38363,61414,37682
12843,22292,27866,12946,36720,16892,35842,37500,37464,40536
12828,13927,20074,13190,39578,16719,34040,38699,40269,38675
12750,13943,17356,12819,49771,16774,36276,38499,35984,39933
12727,13548,15212,12785,28909,20265,34539,77796,40299,37756
12727,14162,13914,12836,26255,21498,37127,38341,35774,37771
12781,14100,14008,13294,23103,18062,35476,39297,60724,44076
12984,13509,13772,12371,32527,18869,36442,40636,37899,39001
12709,13618,12459,12292,51204,17979,34538,38564,41425,37269
12790,13373,24110,20978,221291,18657,36555,66818,38250,347856
13309,13826,12425,12712,22925,18017,36017,49996,39624,39057
12821,13940,13719,12853,21608,16841,35046,39373,40315,42573
12392,13707,12391,12736,20883,16855,35778,39007,42429,40520
12702,13918,12231,12925,18812,15218,35426,37420,40148,38368
20806,14117,12362,12814,154861,20191,35262,45118,38373,38664
12033,13892,12070,12682,464661,19711,34792,73479,43039,40402
12814,14270,13136,12687,26681,17258,35530,44774,40030,38348
12692,13985,13420,12434,15008,18542,35144,37896,39316,42268
12909,21061,13677,12706,14974,16603,35078,39822,37477,37135
12776,14124,12220,14162,14415,18682,32937,41313,39930,41304
12689,14039,16637,13108,42858,18127,35700,106722,38330,41060
12345,13650,13431,12826,27122,17583,37136,43745,38541,39696
12706,14334,13961,14333,16138,17912,36992,38614,38766,39689
12753,30546,13246,12578,15830,17651,37047,39850,39544,39348
12743,14210,14447,13997,19240,16712,38203,77177,36660,39871
12744,12852,36592,12542,37486,18671,36084,40079,36683,41947
12818,13852,12354,13611,80134,17131,34696,38796,37457,41508
12795,13982,12320,12528,18199,17692,35659,39923,39359,37881
12960,13920,12821,12623,14929,16538,37703,40295,45688,39181
13096,13805,22518,12434,46941,16783,36559,77497,47579,39908
13059,13573,12306,12572,173282,18789,37087,39275,38142,36803
12747,13435,12015,12595,13113,17611,36003,41344,40771,39016
12449,13669,11974,12490,153801,31310,36916,40386,38433,44199
12942,24431,13035,13959,396754,19011,65236,76913,387159,38022
12888,13183,12171,12528,23149,67205,61691,38319,40882,38961
13104,13531,12400,12943,14608,25766,46142,40529,36663,41521
13126,13485,12237,12625,13669,24937,35111,95770,40190,38829
12891,14255,25840,12697,16968,30124,36189,41634,51595,375196
13267,13437,12051,13365,34381,34514,35187,41854,81302,39142
13035,13796,12202,12853,21423,33468,35996,77110,40685,38720
13258,13610,34057,20623,12334,32915,37172,43470,41394,79465
12916,13414,12415,13063,12475,31529,34973,42304,44604,37886
13264,13692,11999,12304,13240,29299,36139,75286,80178,44531
12926,13437,13159,12445,12094,23167,37563,34515,39580,45652
13530,13249,21603,12821,16516,21590,46430,39037,80054,78110
12950,13459,14054,12439,33363,23117,33652,66465,40291,43496
13402,13548,12255,12681,15035,21135,38413,32778,45100,69862
13496,13792,15195,12914,22235,18862,35676,72841,77522,49714
13262,13608,12677,12524,13175,18598,37125,67438,40691,45203
13140,20543,12564,16462,12300,19045,36233,35837,78584,93123
12667,13705,12889,13035,12015,19862,40774,70739,38476,40477
13013,13593,19748,12780,13532,23835,63333,35782,80036,127745
13264,13494,12947,26609,12154,19790,50876,71499,44780,68793
12085,13259,12849,22761,13686,44006,38685,33752,41898,61846
12806,13362,34079,12452,13182,25886,37990,70913,79929,35971
13064,13159,12577,12596,16824,28984,34422,81202,71486,69628
13111,22456,12475,12543,13821,18731,35053,35438,47434,69536
12711,14254,22503,33162,34811,18233,37925,44798,43985,33329
12818,23996,12876,12661,12572,18902,34019,68324,76329,69259
13003,12633,12781,14330,12444,24400,66077,50777,33973,37762
12770,13619,13875,13329,21880,23500,40976,43828,77557,63271
12982,15207,12692,12823,14001,19589,25381,72024,37502,43206
13121,15637,12058,12354,12570,22039,24333,40434,79902,43775
13178,14258,17527,14129,12507,23404,22262,77126,81239,78967
12988,36632,12471,12663,12168,19521,30043,68842,38925,38877
13105,17282,33436,12606,13385,19073,28962,45896,83078,44747
12801,13986,12476,12519,12051,19348,62728,71131,77981,77111
12923,13805,12394,13918,12372,18945,26139,48886,39908,37536
12852,14291,12428,22075,13412,19402,28267,77898,88703,42327
13206,13620,21571,12822,12319,29147,29606,36840,79495,78477
12963,13912,12465,13721,11834,19204,28192,83492,40089,74505
12515,13404,13820,12803,12343,18824,61370,79228,81838,36287
12327,13667,15561,12457,16785,43570,28727,53907,41421,79245
12633,13809,13789,12098,12549,18271,31544,42154,80112,86371
12642,14096,13938,12675,12441,33921,30992,78132,40985,36144
13711,23440,16588,12892,34113,17844,64879,37576,89716,89398
12653,12514,12402,12537,12500,15998,39937,38012,51028,828887
13005,13516,13359,12683,12281,16646,25835,37250,42460,48936
13243,13582,39689,22425,21186,26101,31025,74984,82764,41533
13171,13813,12363,36077,15469,18924,28213,37506,41834,78411
12997,13520,12526,12352,12245,16900,23968,43084,42056,49497
12832,13454,12487,13780,12115,17754,23932,37026,46833,40991
13060,13494,12575,12465,12163,16467,28444,33973,40051,80926
12773,13315,12339,12598,12457,17006,64947,39880,79738,48204
13010,13854,21139,12951,13409,17634,24349,70054,46917,76472
12716,13884,12611,13637,12098,16280,23687,38094,40420,39782
13004,13234,12925,14023,13806,26144,30133,38933,82509,76278
13308,13456,12193,14242,12312,18626,24211,41191,38217,80929
12995,13531,12864,12757,12473,16928,32577,39393,40620,38032
12984,13453,12830,15630,13438,17729,24010,75986,80568,74820
12810,13495,12283,15052,12369,16433,24076,37700,44801,77998
12922,13551,12108,13781,22113,17789,28632,39158,84603,41539
13007,15431,12459,22554,46542,16108,25247,43617,47807,75808
12676,13394,13418,12960,13554,20144,26911,39767,67470,83678
13139,13741,25339,14479,104487,22494,46673,77433,83179,44685
13535,13547,12302,14828,32837,21485,48578,37982,47921,42251
12876,13775,12361,14211,23076,17140,32906,47736,82850,78423
13293,14108,12283,12821,18302,16342,25372,48877,44764,46484
13165,19730,33527,16200,22180,58967,25058,39282,40286,42087
13123,13692,12387,20584,16134,22921,21251,70284,98069,78216
13271,13775,11954,52097,16753,19706,33011,47962,47910,44120
13272,13893,11988,13254,39962,31716,33613,34432,88115,78409
12898,13512,12167,12885,13768,21382,26959,37130,49294,40338
13207,15657,12281,24751,13590,17838,32555,40353,43010,48024
13101,15406,12301,24427,12911,16380,34659,43082,84660,383492
13320,13722,13529,12806,16605,18937,49231,72630,46694,34736
13031,13545,12109,44752,199472,22462,48101,37983,73464,48853
13159,13743,21381,12858,15000,18556,27314,38991,51173,78407
13304,35332,12456,25590,13191,22243,21969,40005,43105,48643
12852,13599,11870,21547,13776,22733,28025,37827,82166,40075
12998,13886,12222,12904,16831,17376,22828,78726,40973,78174
12799,13485,12106,12569,82349,21013,33400,38230,46790,78302
13208,14094,12007,31663,13233,21054,24994,39474,76018,52241
13043,13075,13098,12582,13193,19170,20629,38232,42886,80816
12910,13252,13357,34698,17867,18677,22451,42575,80839,45402
12578,12987,12091,21695,388807,19376,21118,81425,41329,47465
12905,13247,11955,12762,12661,18149,21641,49563,42672,73220
12604,13293,12705,13550,12664,19065,55097,45794,84269,47174
12839,13435,12104,25314,12626,23022,38026,38109,349229,88442
12649,13092,12381,12976,14070,17910,29281,40287,78861,41538
12981,13317,13944,12470,26840,18582,21186,45308,48104,45118
12833,21669,13658,38928,13218,22190,21336,70321,37436,79358
12831,12346,12585,12786,13096,18820,22537,36878,48498,41437
13237,13553,12723,12551,12443,20398,20806,33345,38017,46844
12722,13130,12238,12521,13551,16705,24991,39920,45705,79135
13128,13266,12966,12221,12662,22799,21795,40064,78334,78185
12862,13329,12443,25885,12441,20985,32691,73469,40894,40481
12918,13161,12749,14377,13632,17549,27580,39999,95993,81613
12814,13483,12368,14679,13230,43629,23349,36845,42329,80284
13093,13374,12957,12602,14246,21996,32628,38349,39502,39407
12755,13359,13647,12674,12824,18250,69067,38971,82919,78473
24765,13256,18540,14152,12558,21600,32678,66619,41914,76827
12568,13225,12421,27330,12330,28995,26455,65485,84314,45371
12623,13137,12268,50565,12349,17820,22755,59353,42239,51848
12740,13503,13593,13177,14350,16748,22495,37942,47904,650831
13033,13449,12548,12692,14033,18406,21624,39161,45970,42318
12926,13591,12404,22316,17774,22543,28908,88897,80958,38039
12828,13184,12117,13151,13069,19168,24091,40507,41559,67067
12747,13330,11954,12989,12434,20781,38766,34429,83912,38893
12738,13557,13505,12806,14445,20103,27027,38106,46175,69522
12910,13336,13291,12444,12767,19404,24396,75270,42229,32114
12783,13253,12419,12640,12840,19889,28657,39191,84268,66857
12881,12855,12153,13256,12487,17944,50093,65230,80881,68446
12389,23896,12431,12673,35422,19551,75323,35611,40470,33907
12917,13482,12666,12621,18013,20772,48848,37970,92259,87529
12734,13452,13426,12678,14307,19375,22781,71712,82382,69279
12830,13477,11832,15711,14826,48041,21151,38953,39769,46867
12840,13321,32886,14174,12687,103687,21562,37036,78702,32613
12559,31904,12260,13554,14338,20242,25378,76862,81497,66385
12890,16000,14839,12501,16371,23152,20050,36138,39272,38302
12916,13759,14427,12764,16517,48102,56028,75435,82544,34272
13430,13774,13576,12591,25143,29076,55031,39066,81781,68385
12829,13938,12519,12564,14106,20836,200110,75589,46552,39848
12491,13826,12645,12751,13347,21967,48473,38050,41137,40490
12721,17550,14034,12910,14561,53736,27938,75047,81014,63383
13088,13960,12633,12401,15664,27757,33378,37700,52635,37129
12892,13728,30926,21000,15076,21031,33395,75616,81879,68347
12969,13798,12471,12886,12595,20599,28259,38107,41475,32784
13082,13699,12650,12448,37700,18058,24430,38175,84017,37612
13442,35661,12169,13082,17983,18996,624335,42419,41975,70544
13032,14062,12464,12956,15452,19318,44870,38527,49836,32705
12685,13905,12176,13575,15316,21781,20196,38308,83955,37623
12543,13645,12501,13906,14550,49885,18907,37939,39124,92833
12374,13369,12418,12396,16198,29588,18091,77630,47211,70847
12803,13397,12802,12835,15685,18814,17440,39111,39069,32275
12796,13667,12328,12811,15249,18178,19682,37575,42279,66712
12692,13569,12432,12732,15297,18586,18734,37815,82851,39458
12846,13211,12410,12843,15309,18326,24512,38986,40693,34083
13063,13268,12275,12531,15143,19180,29819,41694,83018,69829
12763,15416,18223,12619,14827,313289,29514,70323,40015,38289
13026,13566,12264,12350,14158,17636,54801,47116,41247,61874
12669,13983,12461,12523,14950,25604,41162,38308,87896,44824
12804,13301,12111,12538,15199,47824,29842,37524,40688,36403
12954,13036,12019,12632,15582,18249,31134,38538,86077,66035
12637,13516,37388,12615,14966,28847,29480,75667,397766,27379
12457,13376,12488,13936,15589,21269,29854,36742,40932,36746
12664,27612,13354,12632,14567,16945,30091,37568,90731,68607
12908,12388,12496,12312,14100,16138,34457,40048,41426,31773
12661,12142,13406,12563,16366,16086,31420,37195,40071,38880
12891,13658,12303,12292,14021,23528,52768,75249,81784,65496
12863,13295,11887,12652,14372,20633,33103,38806,37810,68126
12677,13629,21493,12450,14812,18103,19045,39078,81412,31300
12791,13266,12363,20532,21976,16644,24255,38685,38877,67986
12903,13529,12433,13540,14856,17497,24533,40220,51230,68988
13117,13410,11939,12332,14865,20332,18854,40304,81114,32431
12672,13436,12334,13772,15077,18488,24876,71179,42322,66951
12700,13844,12207,13569,15384,17720,53726,44751,82684,69429
12938,13394,12114,12747,14918,18942,23057,41511,48250,33405
12833,13580,12177,14674,14802,17767,19698,39176,47605,91089
12558,13658,12637,12384,41440,20915,17458,36192,91211,86371
13246,13280,12425,12543,15346,17174,16460,69274,41234,133210
13396,13422,12233,12374,14078,41930,16371,40717,79880,40081
13027,13488,12092,12555,14187,21627,20844,38740,41298,46694
13083,13616,12400,13682,15500,17642,23503,37367,48514,78588
12904,13736,12465,12481,14349,66716,53768,39742,80887,264757
12636,13754,12425,12285,14018,19049,16323,92794,41950,45460
12815,13547,12226,12753,15144,14785,23308,36543,89083,714255
12396,13217,13589,12418,24828,18468,23220,38022,89449,68387
12416,13850,11999,12458,14062,15534,18965,38098,40596,34732
12553,13294,12195,13410,14128,15647,24970,84170,93075,68066
12612,13686,12202,13426,15230,14857,18591,52334,82958,65936
12557,13364,12656,12388,13549,14628,18188,37634,39549,34991
12724,21145,12442,13512,15004,16948,40753,52646,82648,67408
12613,13387,15079,12471,15175,15278,21070,66875,88476,67489
12582,13600,12399,12367,14661,17326,22562,48690,40818,39842
12611,13162,12338,13560,14702,15191,17730,34642,80069,62061
12636,13420,12069,12626,14047,14577,17075,60063,81541,69077
12780,13224,12175,12469,15827,15058,49347,72493,39195,38111
12957,13102,12224,13623,15068,15859,42247,37465,81457,34867
12626,13230,11941,12525,14242,19293,24748,76414,80788,66683
12583,13212,12361,12169,12484,23480,19265,40203,40818,38281
24595,13416,12098,12572,12142,33815,17845,53145,81539,41621
21491,13436,17512,12256,12725,30574,21481,35853,39605,64500
13023,13522,12133,13730,12589,27236,19058,38357,82262,38763
12753,13518,12343,12282,12596,48280,18756,38513,44052,68876
12980,13146,12318,12288,12229,17139,17985,74748,41473,32543
13098,13180,12199,12949,12198,20440,23360,38025,46506,39111
12847,25137,12323,12253,37923,204165,19650,39458,48744,70531
13991,13234,12270,12843,12438,31571,19237,39385,79521,46844
14688,13294,12006,12615,11921,19447,33540,39512,41348,36067
13043,13369,13493,12661,13263,19805,37252,75851,40876,69281
13021,40671,12305,13274,12276,19710,99524,38455,47712,39537
13251,13855,12291,12325,13759,18407,34209,51992,39810,32784
13015,13729,12438,12581,12505,18875,22012,38175,72438,68363
15593,13990,12154,12432,12332,18249,24192,39229,54662,38270
13017,16444,12465,12563,13404,32780,19269,67325,40361,72640
12943,13459,12344,14423,12455,17936,24172,48506,87739,36147
13259,13850,33740,35017,12386,127031,23759,40313,42257,38673
13150,14107,12296,12735,12206,16572,19734,37532,52750,68240
13193,13742,11963,12536,18046,16927,23342,55653,87853,33783
13173,14027,11818,12523,12611,520403,23674,38239,37763,37871
12729,13972,12119,12373,12331,43492,19284,76119,81689,67570
13438,13991,12074,12298,15068,38797,30448,39627,40485,63339
13120,25636,12462,12658,12895,25218,50745,37123,39385,35057
13575,17176,11988,12658,12783,27847,40553,37628,49735,69130
13126,13628,12563,14433,15353,75566,29005,37766,42542,69026
13363,13430,16682,12784,15929,27425,30405,77391,80709,32785
13251,13533,12273,12901,14093,20996,29978,56928,42324,68456
13235,13533,12329,14430,15920,31990,39005,36934,42782,67740
13332,26957,12447,12716,41893,25056,31096,38046,57145,42730
13286,13390,12244,12633,12747,20700,39249,37694,45319,67997
13127,13363,12544,14791,12855,30340,26891,66313,80159,67154
13444,13306,12407,14554,23933,21193,68278,49427,55580,38632
13123,13256,12267,12757,13434,26298,51238,36883,38951,36599
13561,13446,21037,12514,12474,20915,27935,39090,81922,88621
13401,13171,12092,14183,13635,17406,29337,43032,41482,134091
13157,13378,12214,12534,13586,28611,24815,65215,89084,82221
12948,12817,11883,12550,12617,20851,47620,47595,40235,42322
13055,13385,12229,12413,13392,26950,25816,39045,81329,79596
13209,13419,12113,12365,25846,22141,26762,35643,40650,80916
13197,13337,12244,12757,12437,26600,26561,39275,80801,39827
13043,13623,12160,12813,12581,19408,23294,37579,43256,76968
12812,13550,12206,12577,12362,18395,159868,88193,82986,88558
13103,13200,12189,12511,12549,39501,649881,38954,81469,111421
12959,13115,11809,12511,19718,22437,33433,38405,42347,35861
12453,13109,13534,13085,40746,28423,26580,38912,80754,70878
12751,13389,12315,14375,13302,53678,23425,51737,80164,40401
12952,13387,12885,15213,25424,28736,27795,72697,39863,33867
12739,13726,12308,15040,14283,77038,24303,38485,85273,67341
12449,13679,12242,15090,12683,18798,27406,38558,134936,37864
13260,13210,12748,14474,12343,48871,26181,40985,40187,68954
12801,13530,14643,12911,46007,17535,30567,40334,92525,41433
13082,13156,16193,13788,22806,16152,29795,33605,54034,39760
13169,13323,13962,12629,13145,15778,25061,89705,70685,77353
12822,13390,12541,39473,13825,25159,39613,54152,49794,31142
12829,13372,14238,25031,15679,15924,55085,41522,81967,39976
15337,13280,12437,17401,21458,21156,37908,41437,42281,67635
15296,13051,12447,16119,13673,54700,28541,83684,78457,75114
12919,13535,12176,14739,49061,18286,25899,42646,62392,31492
12966,13105,12465,14800,13875,15274,34472,48069,45526,67474
13332,13378,12252,15080,26115,44289,35083,72101,80754,84040
15347,13431,12400,14936,14085,20358,23755,39074,40488,33077
12975,13233,11980,27123,13926,17009,31580,87122,40235,71759
13130,13146,12674,12934,13772,16045,25644,40593,83059,38852
13192,13653,12375,12810,15220,24446,26578,45912,44614,33136
13079,13386,12512,13459,15184,16170,30475,42020,46032,77673
13101,13256,12001,14343,13903,47950,30448,46491,39928,38353
23721,13226,12471,12779,15287,36881,46512,43209,39037,67834
13364,13326,12642,12719,15017,23233,36819,71631,85654,33062
14616,13558,12401,12577,15657,62440,32658,38992,40480,247179
13061,13405,12658,12797,14919,22137,32945,38180,48327,70668
12980,13149,12004,12936,15575,23491,46669,40739,76194,33278
12718,13611,12124,12544,15651,51399,44689,38133,40222,40697
12953,13163,12085,12821,13775,16488,81454,67665,82915,68434
13062,13055,12204,13231,14018,48451,42702,47552,39976,70253
15364,13561,15903,12871,48781,17748,81534,37440,40148,34747
13063,13347,12164,12580,14055,15231,132193,37847,49039,70135
13025,13731,12136,12993,15418,16286,30893,38043,41180,68983
12819,13749,12195,13177,24112,25733,72266,43510,81706,34311
12929,13522,12072,12819,15401,13793,30131,72036,40064,69129
13124,13527,12083,12811,17773,49999,68635,39293,38319,67445
12884,15290,11953,12785,17503,33592,29360,36712,84190,43342
12545,15756,12123,12796,21242,18929,61654,36996,41290,33500
13029,14660,12303,12649,14825,64081,25325,37973,101908,68020
12839,13312,12182,13990,15431,19295,56898,83301,41063,51028
12915,14076,16454,12660,39528,17901,26026,39217,41574,34658
25671,13615,12053,13005,27354,45869,55620,39172,83855,73738
12748,13646,12214,13070,14799,26462,31431,38248,41583,40906
12681,13549,12183,12556,12383,17397,19825,39641,45326,74918
12937,22605,12214,12518,14216,18851,21122,67825,40288,36517
12634,13909,11949,12962,12705,15483,55690,50145,78967,70086
13028,13611,12142,13991,12912,16316,32135,60109,82400,69867
12483,15966,12298,13068,12908,16078,18684,38468,369268,32542
12867,14034,11973,12899,12932,37050,18809,39563,56051,68371
12673,14106,12384,12829,13156,42550,19511,43520,82846,66834
12583,14222,13972,15115,12696,27093,26999,79821,41451,38129
13266,13856,14487,12791,12921,14841,17590,38243,93672,36571
12707,13674,15807,12868,16937,17893,53567,38035,63637,67444
12858,13923,12476,12700,13945,14920,32910,40704,74086,41066
12691,13736,12321,13020,36243,15163,19570,138540,82312,43937
12826,13811,12455,12619,13191,15238,27505,45749,45077,64979
12635,13770,12136,13053,12850,21272,18355,50641,40676,39917
13154,13442,38579,13861,27167,40725,27769,71162,92159,67275
12760,13249,12662,12991,13947,38987,18570,40291,73567,34208
13158,13780,12675,12594,14373,25795,17474,39319,50989,41874
12969,13514,12327,12896,13829,15803,22762,44594,89484,67180
12952,25840,13845,13973,13751,31341,26403,78475,47434,77613
12835,13567,12891,12516,12516,16550,53426,37607,63783,34933
12684,13615,13285,12847,12437,15279,19577,38721,81470,68001
12807,13426,12336,12862,12884,14378,32847,38023,81294,74417
13511,13240,13635,12591,12884,13615,26031,77297,342578,34561
12709,13296,12251,12801,14060,13957,20288,40353,45060,69423
12596,13399,12272,13818,17669,14701,25883,39776,41883,71092
12675,13421,13493,13144,13540,22042,20876,371619,80832,41960
12455,13596,12354,12762,13863,39176,19881,76128,48028,33205
12753,13506,12027,13091,41363,14251,25777,42148,82050,54881
12404,13229,12556,12734,22739,23725,18518,41788,40989,93421
12724,13405,12507,12991,13125,16207,28192,54939,42987,47758
12567,13594,12065,13098,15557,14383,20704,38770,80971,130402
12932,13418,11800,12670,12594,14853,22154,42855,41309,79448
12727,13184,12339,12315,12321,13914,30514,37699,80270,89520
12694,13291,12163,12578,12728,14802,52845,37805,40716,38367
12574,13339,12422,12762,12720,13554,25980,38293,35973,719874
12989,13179,62834,12896,14031,14983,22277,36349,44581,67785
12788,27806,26386,16304,13335,13418,21880,77872,40006,34033
12892,13276,20163,14145,12513,13123,21152,38225,88010,80702
12537,13177,15846,12902,12659,14439,18605,36702,41681,69090
12595,13651,14836,14560,12359,13713,18911,37398,42372,37891
12727,13707,13766,13289,13302,15089,19796,36631,80565,35042
12623,13521,13056,23647,12702,13630,28441,64755,40535,69804
12642,13253,13987,14073,13697,20284,19579,47389,81071,40660
12742,13342,12944,13258,12044,24160,22195,35316,40329,36873
12817,34833,12690,12769,12109,40937,52761,38905,41796,68765
12757,13623,12985,16763,13767,22794,45672,38252,80489,40302
12529,13358,12392,14153,13947,34365,31894,66644,39887,70871
49978,13273,13681,15155,21102,25010,30319,47873,84211,34577
13153,13349,13256,12796,13829,25252,32014,38273,38882,38821
12855,13227,18296,13194,45299,24326,31570,37759,45095,67499
12685,13309,12461,13435,12572,22338,20701,40363,110813,33757
12707,13302,12419,12866,13530,17471,47629,46732,39689,40080
12666,13699,12528,12628,12396,18511,31015,70666,83855,107814
12572,15950,13028,14088,13139,16214,24860,38696,41330,118924
12936,13663,12248,12986,12006,15336,24850,37912,82730,37090
12788,13481,12956,13665,22796,17838,20138,36955,40855,75779
12812,13516,12608,13002,25913,15166,29913,37350,41477,40911
12892,13511,12847,14075,12856,14507,25032,74490,82843,36179
12943,13436,41852,12859,12660,13841,54921,49705,70965,66284
12714,13185,12923,13026,13185,21494,20062,38259,43033,39009
12716,13302,12276,12337,12337,39192,17930,42537,84510,68170
12392,15528,226187,12810,13886,15073,27022,71546,40937,34453
12883,15796,12459,12355,12168,26512,19178,39729,86468,41458
12541,13125,12336,12945,13308,14044,17869,49848,89202,71335
12788,13610,12498,12520,13221,14379,21653,77253,58310,35324
12519,13752,12404,12840,12656,26159,18728,47165,82944,40254
13016,13492,12333,12865,12433,13485,20220,78368,80579,73119
12648,13481,12391,12482,13470,15640,17582,38122,61907,70641
12348,13669,13432,12534,13459,14114,53029,37813,83089,33810
12558,13456,11995,12728,12309,14712,38528,78040,81163,72945
12610,13722,12138,12512,12506,16807,21080,37022,40128,69362
12434,13211,13264,12632,13096,14269,27796,79643,81559,34407
12518,13778,13471,14158,12311,14256,18556,52578,73811,73109
12372,13739,13369,13199,13115,21682,20231,76950,65607,69686
12485,13343,21916,12888,12625,14388,22184,40693,82499,39991
22556,13208,13239,12597,12638,43852,19136,77265,45871,35461
12789,13640,12065,12628,13100,14883,18639,35444,46268,71213
13130,13231,13782,12690,12345,24655,31132,93220,83423,41754
13072,13146,12355,13148,12308,13826,18518,43024,41032,36150
12654,15455,39042,12930,12208,14171,27636,72125,82135,67065
12951,13608,19059,20730,12393,15556,44720,43953,43212,374368
14455,13581,108636,12236,13004,14859,38001,73370,40146,72948
14592,13291,13811,12776,12783,14552,28492,36964,45639,34221
14549,13244,12090,12663,12871,16096,20621,38459,41878,68620
12935,13659,13449,13089,14204,14972,20628,74291,78497,67623
12650,12926,12491,12707,12440,13975,20293,35289,40426,36458
12946,13523,13485,12600,12518,15126,24506,38227,41218,70436
14595,13522,485455,12462,12514,14772,18512,41114,45301,70233
14399,13372,12422,13094,12550,17509,18317,37578,43004,45689
14852,13450,13249,12811,12579,20916,28374,76653,54602,35853
13111,13474,13401,14054,12814,15329,30193,38570,78196,69965
12847,13557,13383,12713,13451,15154,45728,59478,46123,38291
13155,13462,12235,12600,12605,41218,32478,37283,81043,34071
12605,13530,12151,15741,12656,15713,28611,40109,360145,69478
12959,24587,12081,16410,12689,14515,21511,42790,43799,41301
15413,12448,12303,13010,12330,14665,22071,78413,125168,77629
14818,13613,12284,13223,17323,59579,23508,38917,40952,34795
15358,13495,12444,13240,12448,15086,19942,38425,83846,43327
13461,13367,12561,12837,13503,16608,27913,38132,42263,68920
13491,13469,12299,12528,13642,15042,21838,50362,41040,34937
13670,13505,14352,13891,13499,16045,20822,92685,47849,39812
13169,13117,12555,20533,13004,15051,23116,39060,41316,70723
13613,13198,13585,13270,12231,14077,24837,38564,113352,36724
13011,13217,12317,13211,13530,15928,53258,42507,40948,40355
13338,13448,12374,13110,11935,14696,43920,36929,42299,69306
13319,13500,12593,13011,11855,23632,27921,69624,57808,70118
13107,13370,12519,12972,13705,15168,27547,48601,42642,36560
13142,13306,12392,12798,12218,37913,21251,39147,81940,67327
13244,13218,12348,12856,13449,16023,28482,40097,41930,39669
13085,13304,13808,13000,12293,17045,21878,51302,42429,46763
22748,13196,12379,12460,117369,47758,19267,74886,106633,70455
12967,13440,14283,14263,21505,16537,125660,55195,41273,38208
13551,13213,12762,12786,21325,21542,37222,39260,85383,71311
12837,13188,12278,12695,18345,63601,22282,42507,44139,36756
12904,13231,12492,14032,15221,15032,24370,44337,91556,42406
12954,13513,12119,13072,15098,16132,29644,94407,51540,70174
13266,13545,24509,12924,13873,25175,28225,44488,85470,34511
13208,13312,12588,13017,13782,48039,24177,47748,48278,44404
12718,13116,12268,23185,13637,15229,23611,70074,85380,72061
12647,26068,12564,12959,13168,14168,26888,53447,82922,69113
12749,13386,12300,12426,12918,16341,31925,40278,41629,35503
12913,13462,12389,12845,13585,52421,23542,54655,83698,69702
13021,13037,12039,21647,12890,41673,22280,56072,85390,69704
11632,13713,12279,36015,25732,25677,59447,81359,42230,34730
13269,13173,12100,12958,13277,16033,41206,40172,81943,71911
12851,13440,12548,27671,13765,15581,31379,38441,80716,71145
12864,13247,13492,12929,12769,15727,24234,75800,42322,39260
13031,13398,12048,13108,12973,16483,24016,36809,82780,38581
12849,13155,12033,13231,12951,16541,28715,46791,50208,69169
12926,13156,13402,12706,12963,15202,23930,72997,41722,40886
12860,13380,12275,12923,12710,22111,33869,40861,80342,35070
13018,13454,11808,26495,13670,36704,26115,78113,89886,68328
12651,12887,12193,12739,13132,14336,24240,67898,41819,41797
12680,13195,12140,13063,12697,26714,28256,40173,81566,45503
12647,13150,12306,34828,13022,16776,25422,40080,89624,39210
12910,13110,13452,12813,13226,16278,34295,75451,41301,78025
12483,13399,12366,75841,13868,16357,31685,38419,83233,68380
12754,13107,12424,24777,13272,16706,50757,43517,41162,34964
12599,13331,13347,18947,14081,14934,44392,71067,350642,68904
12812,13287,12147,14610,13552,16232,21985,35763,83340,73991
12971,13363,12724,12949,13362,13460,30597,41197,40571,35972
12547,12944,11946,14783,14314,14689,31828,39191,47499,67524
39885,13441,12034,64133,13110,20495,23818,67688,40869,69050
13084,13222,12148,37467,22231,15552,32272,49818,44573,41019
12643,16073,12273,179555,13370,41846,22494,39473,82112,35495
12612,13055,13688,13465,13339,15568,20985,37430,39540,67581
13026,13299,12006,13752,17907,24930,26838,38985,47354,40967
12869,20281,12334,13410,13675,15338,23651,37401,74017,34132
12815,25244,12295,14025,13862,16944,44068,80234,53866,68838
12761,13503,24622,13115,12925,15694,35104,45531,80062,39793
12871,13279,13448,13085,13233,14651,60460,47644,52119,69029
13385,13309,12559,13699,15604,16519,48917,38549,44203,33952
12995,13268,12384,13354,13718,14894,36547,40569,50784,38886
12537,13492,12339,13249,13517,18546,38074,87193,45766,66928
26781,13359,12021,12901,13782,15457,36243,61797,88945,34008
12733,13260,12328,14249,13625,46725,36677,50368,41084,39640
13049,13208,14861,13071,14525,78387,36038,39067,40525,68274
12513,12993,14661,13022,13550,18889,35828,40492,82490,67894
13011,12976,12672,14263,13313,774197,76618,77818,39869,36099
11836,13413,12986,12758,13344,18558,39975,39507,83755,66314
12934,13131,12464,12926,12990,53031,23301,39597,41787,38934
12685,13059,12590,14736,12772,34163,32509,39662,41287,35258
13001,13172,13409,12582,12566,16368,25937,41276,80165,67018
12869,13267,12471,12619,12693,21852,25343,79765,47577,37735
13009,16415,12877,13115,12572,43529,29060,42051,46776,92313
12700,13099,12729,12830,13404,26462,65964,38777,39310,39692
13103,13198,12929,12328,12351,21566,23178,43968,90239,136044
12632,13456,13066,13725,12442,50489,22782,47465,59940,69011
15183,13265,12365,12133,12611,32938,26046,49528,40643,31678
16296,13611,12987,13107,14014,17691,20771,78359,46624,47980
13424,13122,12625,13019,12276,14767,29757,40025,77567,573764
13674,13798,13306,12790,13371,54563,24628,33876,41556,66918
13119,13735,13719,12627,12243,37113,22522,35230,42717,247672
13321,13381,13704,12877,12603,26057,39617,40641,78859,91313
14807,13413,12264,12531,12722,32575,43910,89686,42148,68869
13025,13364,12274,12483,13139,52679,35046,38061,79774,34876
13033,13082,12299,13496,12443,23824,21184,37678,46782,364302
12743,13031,12150,12927,20241,18305,29160,34237,53442,90178
12701,13397,12364,13788,13290,27348,28533,66356,71023,106056
13010,13089,13421,12329,13536,47420,20734,44728,100645,36608
12960,13126,12279,12658,12441,17434,30861,36811,40168,68394
12930,13163,12039,12359,12511,25755,22398,50094,86941,36781
13246,13378,12237,12620,12168,47460,23662,81358,48158,37110
13211,13177,12600,12562,12461,17415,29766,43834,79918,65365
13144,15895,11884,12885,12439,24312,21739,46805,40133,241297
12980,15080,12049,12825,12383,55866,42249,44932,80786,69284
12845,15768,13334,14176,13027,26592,53963,40867,39536,32125
12875,13296,12234,12738,16144,32910,42054,80796,48077,64293
12788,13790,11889,12826,12139,56833,32960,41730,83576,64795
12406,13615,13385,12826,12398,18445,22135,43466,39503,34163
12650,24805,47945,129546,12422,18243,20130,78634,79930,72831
12627,14123,12257,12852,13298,46563,25098,43747,42411,74541
12643,13898,12546,12926,13243,25666,30052,52696,43329,45463
12815,13700,12110,12531,12888,18066,24893,43015,47214,32015
12516,13675,32265,12602,12546,22054,28047,69416,68087,90605
12850,13740,12210,12779,13717,15612,26436,37460,81125,111018
12762,13806,12177,13638,13435,50075,23736,36769,42796,35566
12436,13734,12099,12732,13299,24900,55605,36086,39949,66065
12358,33094,14330,12677,13354,21447,35044,38204,79107,37462
13026,13473,13459,12689,14029,16891,27521,86172,42707,32307
12816,13415,14581,12552,14247,16075,27300,35498,80765,66700
11532,13352,12319,13688,14212,18871,24009,36042,39939,38852
14881,16007,12705,13773,18720,15160,32720,44845,41729,65608
12999,13415,21516,12335,13059,25775,23207,36721,80239,33862
12841,13777,12704,12739,12804,36733,20027,78400,39735,39620
12661,13907,12568,12484,12962,28637,23249,45769,46666,67420
12774,13829,12908,13475,13040,18352,23228,36779,41529,33645
12784,13794,12479,13094,13410,15800,32774,36029,39718,36903
12795,13691,12656,12574,12766,18996,30957,35511,80595,71224
13251,14011,12584,13440,13129,16909,42334,34662,43237,64703
12910,13511,12630,12998,12634,15294,41193,76272,46445,34075
34809,14300,12912,12591,13072,20028,26585,35080,76044,66086
12817,13921,12594,13823,16312,15916,32573,36445,42438,67542
12443,13916,12213,12487,13866,18561,22697,35973,97434,34557
12896,13759,20515,12149,13499,21541,21816,37270,39358,87065
12859,15815,12722,14231,370107,35710,29608,67023,47796,113125
13073,17653,12381,12455,13530,18666,23463,47746,71767,77429
13124,16051,12263,12461,12612,14800,30490,37934,50992,32836
12810,17184,12395,12605,12621,30382,30388,37445,80502,39035
12929,15809,12347,13464,12915,14890,25938,35473,66403,72737
12622,13644,13388,12954,12429,14544,42000,42098,40434,40874
12739,15432,11999,13935,12417,21377,46717,68795,80394,34763
12752,16445,12316,12612,12195,15785,40007,35714,40479,89419
12570,16042,12465,12484,12325,35760,29187,45397,47838,682432
12656,13513,33971,12554,13243,15766,24239,38014,88678,35995
12580,13681,12237,12505,12457,14400,31124,36942,41416,67432
12667,15579,12416,12438,22788,19220,31704,73790,83593,66690
12469,13352,12057,13597,13408,14403,28179,37351,50090,48718
12692,13613,12332,12468,12109,17310,29054,40094,45756,33584
11675,13536,12069,12480,178549,18556,29106,38225,84215,87831
12948,13709,12048,12237,12740,14381,23824,34562,41633,131713
12812,13126,19160,375900,13206,14644,31402,36434,89996,47479
12849,14001,12359,12826,12723,19287,33095,77506,82831,81379
12536,13533,12291,12655,12555,19175,37212,37113,41806,151831
12389,13671,13557,12753,12324,47543,47345,33777,47057,39577
12576,13689,14602,12391,12514,24224,21335,36345,83030,72248
12379,13809,12758,22740,12577,21518,29357,38551,40266,44758
12889,13566,12306,13598,12913,34855,30104,74270,95100,67072
12871,14749,12405,12445,381875,25283,21212,36333,80824,47621
13182,16444,12401,15041,12896,32525,22256,37584,58082,40331
12770,13758,12467,12524,42689,51871,158845,33776,47480,76546
12873,13606,12907,13722,13690,21475,27711,36602,79378,39013
12924,13716,12438,12080,12617,50191,63080,53479,42305,73428
11561,13351,13905,12493,12354,26512,45974,76982,82173,84132
13041,13136,12373,12313,12221,32595,33371,37611,38990,39517
13315,13299,13298,12485,12612,17216,34945,40336,96794,75479
15912,13116,12807,12670,12358,16703,35420,39756,58713,74179
15282,13369,12612,12259,13299,14308,36132,40319,45775,41364
13181,13400,12850,12382,12118,103663,36085,83658,40210,47619
12777,13106,12915,12473,12130,40818,37279,37144,91185,75694
12820,12954,12843,12205,13298,45943,35973,39419,42182,43799
12903,12945,13024,12787,12326,54028,42917,39558,43867,37742
12700,13466,12723,12320,12517,16714,55504,38959,54361,76763
13207,13344,12759,13733,26116,26613,39238,43587,42871,41346
12864,13403,14180,13677,12861,43721,29557,45698,88810,74283
12952,13343,12581,12208,12600,25643,29787,35911,42944,36805
12717,13210,12340,12801,12651,15916,26750,36386,50268,42320
13011,13333,12666,12587,13004,15323,31028,39028,80918,74705
13135,13186,12583,12631,12476,25606,19502,89843,42681,39260
12745,13664,23590,13763,12431,34543,27098,36242,82919,43273
12829,13477,12446,12632,12240,17224,45730,36855,39648,76762
12842,21984,12231,12508,12142,26371,41439,39318,46226,37685
13095,13072,12324,12637,12144,46023,30554,68515,110261,42344
13073,13293,12123,12332,12092,20690,31568,49287,41981,73308
13151,13593,12482,12389,12229,19602,24835,36601,47248,388866
13067,13380,12036,13933,12145,16198,38781,36202,43709,36906
12862,25067,12544,13610,12144,17189,147638,75632,41061,74876
12658,12979,11944,12250,12267,16142,35103,36768,76339,44191
12558,13430,12330,13778,20710,15568,37544,35191,44775,38947
20606,13254,11973,12298,12176,21429,36303,40279,48282,85823
12519,13242,11863,12412,15892,25322,34353,47950,61376,43885
12702,13236,12208,12364,12436,38754,73653,37208,51223,75544
13033,13424,11900,36695,13177,18876,25644,80381,80654,38079
12665,13188,12123,12636,12455,28328,27855,37103,44199,44160
12697,13491,12323,12870,13733,17737,39670,38166,72367,71845
13126,12905,12129,12669,13056,19488,55907,74718,44693,39270
12806,13284,11844,12652,12226,17570,27977,39283,39572,42851
12783,13261,12115,12480,12094,20477,24248,75016,93831,72864
12566,13331,12073,12386,12323,16100,27737,38241,40360,65784
12657,13056,12368,12509,12955,17408,34356,48947,81864,39184
12620,13413,11924,12403,12421,15586,60582,67628,39009,75385
12589,13343,12127,12463,18593,21826,32391,73652,59538,84195
12462,13283,13336,12363,12295,52291,26832,38301,80910,37451
12405,13326,11690,12389,12734,19255,19951,76373,42058,73265
11491,13397,12036,12554,12442,18942,27309,37486,91292,71887
12974,13353,12057,12633,12650,33618,22815,75814,40173,38508
12939,13379,12199,12410,13064,18158,31014,74638,80183,74477
12653,13119,12140,12256,12324,17906,53990,38435,48048,75908
12665,13848,12287,12408,12181,16502,32150,87557,73206,43672
12816,13584,11951,12096,12269,14674,23475,38031,49516,37910
12559,13635,11845,12323,12345,19508,21732,74023,82992,75588
12654,13540,12321,12199,13117,24944,22497,36360,66082,43857
12437,13489,12049,12454,12968,40610,23939,75639,47797,394772
13013,13326,11843,12456,13554,19738,29060,35445,78959,43192
12549,13106,12086,13513,13627,34295,27368,73200,41844,74776
12803,13222,12115,12444,44731,27933,24280,87066,126520,73328
13257,13128,12008,13478,12473,26866,31406,37738,50916,38154
12931,13332,34036,14027,12472,25314,26504,74025,72422,73332
12822,13793,13719,13621,12197,26738,26455,72305,80911,74729
13378,13474,13075,12357,13119,31434,48364,35834,49221,77413
12899,13801,12255,12339,13392,62238,36654,76170,43510,74730
12962,13560,12141,12325,12370,26169,28998,36116,78406,73921
13188,13761,12068,12482,12410,18542,30204,75797,40620,39377
13087,13291,12166,12580,13247,15562,21844,36974,76982,73412
12973,13272,12306,12171,12645,15312,29154,74773,40405,73535
13024,14375,12057,12733,12469,17490,24132,39068,52658,44519
12769,13584,12052,12671,12398,15583,24233,37557,50509,37969
13052,13483,12038,13664,12676,16184,27930,36747,41290,72745
13224,13389,15208,12539,13377,14480,32688,41749,78960,43252
13200,13477,32274,12613,12385,14946,30163,86526,46582,36182
13147,13657,12238,12492,12669,22807,20727,37045,50608,74235
13137,13080,12039,12489,12308,35095,32169,39674,81571,43491
13445,13160,12071,12310,12558,16499,65295,38136,43269,71595
13065,13221,11587,12874,12375,14046,37019,35246,80813,35269
12681,13382,11997,11984,12286,23079,21259,44434,41006,43607
15267,15934,11908,12251,13569,15595,21122,69035,39427,74634
13124,13484,20553,13854,12728,14399,30271,38064,53992,494673
12695,13174,11891,12436,13397,15350,23885,35351,39782,47315
12712,13195,23086,12484,12632,25940,23851,37156,45838,72696
12937,13101,12127,12278,12164,22357,23834,36823,80355,52871
13050,13333,12171,12371,12686,18916,26851,66597,47541,37167
12664,13497,11993,30550,12282,15420,22623,38829,78431,72115
12710,13450,12052,12383,12674,24063,28902,38036,42215,47091
12776,13332,11603,12417,12716,39485,37635,35979,40545,37882
15451,13362,13234,12410,12337,16067,45895,35590,78048,72297
12982,13353,11793,14009,12484,30320,44504,44628,39676,48729
12113,13239,13333,12465,13637,15290,28118,69388,78287,39511
12602,13136,13142,13712,13148,16006,24947,37413,45200,72180
12738,13279,11803,12351,12436,17455,23978,37303,62213,48760
12550,13813,11985,15903,24314,14571,22071,36594,80794,74258
12781,13255,11839,12670,12857,16882,31932,36440,43495,36636
12503,13346,12074,13806,32471,15711,31091,77743,88546,48609
12881,13351,17516,12383,22425,14408,24553,37203,41711,72421
13223,13071,12116,12517,12671,17969,20876,37140,61934,38908
12951,13403,12108,12187,12254,15000,21782,53465,41701,47755
13047,13435,55676,12813,11971,16441,59674,36013,79495,72427
12630,13213,87314,12421,13244,13918,42030,46693,52052,70667
12663,13604,24606,12405,13077,14966,31300,38901,80782,39453
12479,13386,18109,12251,12277,26468,21492,37109,80112,73383
12524,13348,15680,13592,13401,15603,21129,36743,42431,75545
11717,13009,13682,13598,19555,38603,30155,38200,45139,39485
12844,13198,13289,13784,41350,16913,23825,37746,80831,71415
12269,13191,12784,12470,22118,17539,24269,75281,44883,71717
12601,13362,86571,12411,12678,27677,21821,36276,81555,52871
12643,13170,28671,12564,12603,20008,21883,36969,82525,36899
12864,13127,22643,12339,16748,16459,25938,34856,38974,74291
12852,13248,18876,11967,32571,16646,24429,38545,45780,45605
12569,13157,14725,12399,13478,15293,40347,44656,81300,47425
12514,13092,13752,12614,12334,17317,63372,68381,42281,43303
12927,13166,13070,13849,12158,30520,60943,36208,80439,70569
12667,13099,12788,12248,13257,16220,37595,37768,41757,47842
12540,13011,12488,12619,13148,14327,36575,39948,45156,40825
12792,13569,12490,12424,13135,20905,48909,36319,80754,72882
12461,12848,13962,12227,12219,17176,93179,75589,40130,73879
12917,13138,12531,12594,12160,47458,40445,36800,85222,41516
13102,13255,34220,12720,12448,21343,67492,42108,78090,73698
12723,13299,12584,12896,13412,42613,26354,40660,39805,72225
13161,13292,12770,12379,12476,23966,135808,36542,46886,392569
12591,13372,12271,13644,12490,17784,28075,47220,40247,71254
13086,13055,12290,12223,22009,21607,30654,70326,89325,73731
12609,13131,12233,12331,12330,49047,53035,40026,56175,45603
12667,13275,12077,12296,12602,20630,23255,35776,42898,39809
12750,19770,12425,12485,13309,53853,21249,34972,88673,70752
12927,13419,12596,12565,12190,59166,26295,36623,51305,42764
12413,13212,36312,12453,13358,34548,49513,75042,80577,38831
12515,13385,15459,12193,12608,793540,26509,36579,39748,73544
12662,12879,12310,34403,12484,16440,20228,37869,41599,45489
12483,13190,12131,14192,12274,14448,19168,36533,82988,65775
11526,13476,12074,12714,13101,14849,21465,89753,40968,48631
12651,13301,12077,13976,12491,16455,18896,35641,49577,45365
12492,13401,12409,13562,12449,125783,35986,35366,40590,71998
12608,13324,12427,12445,13330,43205,46552,64374,41830,38492
12682,13198,20968,13793,13150,126818,34522,37602,81679,44989
12711,13597,12308,23113,12424,500653,22695,63508,342257,75073
12890,13916,12397,12330,12546,19802,20585,75208,56415,39038
12809,13682,14049,12553,12655,42780,24260,34527,41726,70366
13066,13424,12241,12422,19973,39135,19722,72853,40961,72659
12676,13159,13179,12480,12430,17203,21238,36554,81014,43105
12936,39292,12464,12414,12271,16843,20537,36246,42496,33735
12832,14125,12250,13764,12442,29359,27303,333024,70251,73813
12941,13613,12218,12515,12340,15225,26524,35263,75177,46906
12744,13881,20943,13580,46058,23727,31999,75186,48025,37075
12712,13575,12389,12510,12166,49054,19272,90241,411099,72337
12920,13530,12114,13467,12633,27331,17843,35620,38429,44786
12644,14114,12527,13465,12264,16595,16317,75867,51864,72587
12638,13639,13808,12727,12069,37888,18852,36927,73793,36283
12653,13631,12465,12446,12451,21742,18049,90133,41137,47228
12903,13814,12170,13729,12746,18663,18073,35355,46652,72515
12721,13495,12426,12453,13448,65394,20476,36960,48789,36747
12827,13206,12290,13780,12480,32969,23345,38437,78926,46493
12572,13860,13212,12570,23082,24404,18882,71363,40361,75552
12636,13409,13703,12147,12318,20737,18872,36984,77809,39438
13089,13662,30532,12518,12382,18953,47857,36281,55977,43692
12510,13413,12149,12298,12297,25470,34711,35740,70309,72784
12917,13443,12176,12611,12409,19884,23272,36052,80933,74130
12676,13239,13587,12457,12331,21539,19173,89189,75430,38933
12876,13096,23231,12423,12429,33592,29104,36963,40440,69465
12860,13512,12127,12308,12936,26174,27862,35480,80816,74266
12819,13543,12228,12269,18136,54585,21814,37766,51289,38004
12645,13157,12030,12697,12996,18608,25435,34701,43034,75663
12382,13355,12020,12404,13761,29496,25447,75402,77845,42628
12854,13149,12246,12519,13173,21810,19195,35572,78220,63979
12893,13540,12175,13828,12835,20369,21097,35153,39416,47274
13062,13279,12134,13628,12691,19231,22982,36033,79106,45494
12985,13381,22121,12291,12227,19343,34739,35887,45982,73993
12773,13129,12599,12925,12745,18181,66163,38069,39618,36581
13011,13546,13415,12482,12737,21926,32269,45182,77461,45038
12716,13608,12415,12416,14123,19335,30088,35553,110921,72224
12757,13368,12147,12828,13940,19065,30959,34593,39063,38140
39679,13452,12238,12432,12588,21036,32487,56693,80837,46830
11897,13480,13851,14016,12639,18617,32301,41571,46750,72915
12937,13199,12900,13792,13397,21422,23044,77070,41814,72371
12807,13402,13711,24339,12663,31387,33877,36382,79909,39371
12706,13074,14143,12439,13425,19516,57352,36890,37921,70514
12634,26963,14059,13939,31370,50250,31716,36631,80721,71425
12804,13377,14108,12785,12715,19524,18802,35417,38265,40212
12603,13362,33121,13723,13617,19005,36990,75264,79301,72254
12736,13267,13952,13611,13600,34232,25440,36901,39424,72182
12819,29135,13681,12624,13166,19599,20827,37006,42593,45386
12744,13244,23413,13687,12295,22591,17737,44334,80077,38112
12955,13355,13796,12102,12564,21748,17542,68363,38958,73484
12594,13408,13564,12872,12423,29350,34120,35171,67161,45962
12727,13324,13844,12293,12077,23587,42533,35175,42915,38640
12541,13214,13792,12464,12201,18392,67314,38987,36169,73544
12689,13271,13995,12777,12331,23130,33709,55100,78040,45355
12823,13427,12211,13683,12471,18621,33744,73698,39894,66360
12635,13021,13518,12486,17225,19451,35097,46375,37759,36903
17171,13139,12234,13432,12202,22427,35121,34537,76947,86688
12647,13191,12340,12237,12292,18832,34740,74804,42171,73855
12650,13017,12034,12451,12303,21788,35267,35490,76396,41260
12573,13227,12277,12228,12032,17302,49665,38274,46889,72357
11711,13129,12226,12087,13340,17755,36371,74380,40633,72246
12609,13509,12092,13761,12368,23510,34561,39948,77506,64765
12635,13234,12223,12366,12379,17927,43658,73863,39876,48648
12758,13555,12533,12642,13187,31067,56748,66607,77879,73244
12783,13043,12240,12737,12107,22016,207814,46005,55481,43698
13218,13116,12273,12283,12083,19639,23498,92308,45067,35826
12891,13833,12053,12208,12325,16985,23301,67661,85328,75167
11648,13286,19246,12331,12136,18906,26519,45907,37208,44365
12712,13266,13383,12249,33500,56043,27808,42196,55504,39242
16545,12953,12255,12226,13083,32412,21560,36202,38126,74938
12837,13519,12206,12500,12250,40627,20663,69671,35910,45405
12570,12980,13111,12242,12567,31517,21692,35605,88200,73112
22595,13559,12222,12188,12313,33056,25562,34639,59281,41731
12833,13431,12084,12360,11978,35262,129634,73754,49122,45819
11563,13512,13450,12506,12513,34847,357486,35017,41834,73593
12764,13357,16896,20171,12333,31945,24279,35540,37423,37234
12681,13146,11993,12661,12510,39476,19918,36162,76197,46477
12690,13318,12044,12641,12153,58596,24091,58694,39996,86483
13087,13156,12026,12390,12371,60897,19795,66530,76662,75529
12786,12802,13604,12321,12244,36672,20738,34214,37826,38393
12727,13244,39453,12439,12169,158642,23486,33979,46016,74968
11633,13354,15088,13402,22345,150657,26965,31681,77613,44532
13166,13126,12902,12596,13456,28298,27495,54571,40034,39252
12668,13234,12910,12480,12541,39748,20891,73301,76232,72008
12480,17472,12800,12213,12272,39773,17205,35896,38783,46866
25793,13358,32613,12208,12299,23400,50789,36821,45747,39063
12739,13233,13823,18044,12458,161705,29880,37477,77276,71297
12376,12919,12473,12847,12348,31195,24053,35548,39500,390137
12729,13172,12241,12816,12978,22366,22962,72882,76156,73616
12749,13462,12278,12554,12099,25087,20275,34356,76920,38496
12383,13252,13272,12745,13398,25202,24542,36790,38709,46343
12178,326445,12259,12884,13387,55134,19034,36849,96497,72593
12604,13372,13260,12632,12506,39932,17071,38199,46023,39153
24141,13148,12454,12564,12337,24613,19485,41533,39621,45745
12587,25466,12269,12595,12087,26599,17257,80845,75477,71922
13277,13436,18620,12662,12277,141843,20210,35213,80902,72835
12492,13567,12573,12567,13323,19213,21921,34652,38173,39031
12200,19984,18644,12723,12982,19426,26483,36901,74567,87346
12545,13149,12211,12657,16857,616577,44114,35038,39105,686089
12959,13470,12599,12494,12309,223325,35824,74324,76862,35239
12858,13116,13187,12852,12748,25836,19234,36635,36698,66860
12785,13063,12239,25567,13291,55551,17816,35768,75968,63786
13069,13350,12149,14128,12467,18395,17438,35198,40564,37821
12912,13010,12153,12399,12297,18026,18936,38489,40127,33954
12675,13510,21000,13010,12514,26989,23983,74816,77644,65352
13022,13211,12466,40003,12438,42697,19340,34621,44014,39166
13095,12980,13466,12938,23142,25604,19029,36846,38701,37050
13017,12571,12050,12542,20795,16398,16051,36065,84167,63176
12920,13101,12067,13811,13021,53711,20462,36927,40869,41493
12832,13380,12177,12408,12459,17173,22508,36511,44217,63695
12616,13226,12444,24073,12154,15830,28075,73632,47992,34017
12756,23502,13098,12486,12448,143011,49102,34867,37030,65730
22723,13115,12380,12818,13117,21680,86044,34518,76313,66776
12679,13454,12336,12343,39229,528998,29875,65686,39223,34372
12637,13254,13513,13873,12789,196658,28205,44618,67139,66379
12763,13471,13588,12559,25808,17899,23004,37947,42704,65153
12812,13420,12342,12620,24115,28173,29615,73990,37638,41117
12764,13093,12655,12523,12675,51800,28155,36521,76895,62249
12949,13174,12412,12433,12517,16924,33641,36329,40319,62614
12661,15257,12232,12136,13402,15417,38515,75584,38237,39769
12838,13362,13137,12659,12630,19126,46176,36763,76472,33075
12682,13008,12328,12151,13441,44396,192839,91544,39108,65227
11437,13309,17153,12351,13095,14911,33138,34568,79660,38623
12594,13332,13873,12646,13454,13958,31247,88728,38226,30471
12792,13335,12636,13548,13086,16005,45582,35237,39071,63103
12951,13357,12623,20238,12474,15438,22315,80974,77551,40088
12717,13383,12706,12297,12565,13584,21232,46905,39066,63273
12758,13360,12334,12722,12476,24086,21736,34930,80370,31699
12549,13426,31031,12229,12042,21637,32457,37217,38655,37079
12711,13415,12471,12142,13197,38452,31252,73405,37754,69583
12699,13566,12693,13595,12042,31861,24945,33726,91093,34200
12858,13260,12207,23760,13555,17020,142621,35768,40094,48787
12600,13403,12648,33223,12254,19107,324590,36066,80484,64534
12931,13171,12369,13708,12197,17607,28748,34336,45739,33152
12882,12868,12501,12444,12158,17316,36239,33768,46071,49255
12913,13155,12663,12163,12000,54903,20401,74567,79573,62864
12602,13112,18679,12308,12338,37180,19222,37983,81354,39386
12798,13182,39552,12539,13174,24053,19188,33963,36369,33368
12610,13245,12484,12300,12172,24912,24473,34991,87215,67974
12820,13313,24553,12437,12133,27028,24215,34814,45825,38011
12638,13500,12494,12454,12299,32583,20039,77305,38825,33470
12712,17674,12333,12379,12073,45967,27235,36069,84896,62170
12762,13376,12248,11942,12159,31904,26711,58524,77417,38502
12531,13487,12265,12492,13163,17195,31536,44155,38309,67473
12906,13469,12040,12064,12106,17517,68094,35075,42867,33118
12733,13523,12089,13556,12029,27150,28501,35068,76439,40754
13092,13418,12198,12243,13242,51122,29681,90159,35277,67855
23763,13235,12153,12229,28741,17848,29153,38181,79427,30999
12852,13121,11932,12501,12467,15218,29024,37470,79621,41471
12894,12903,12166,12535,12588,20420,30789,37756,37667,68815
12823,13483,12074,12449,13091,58173,44583,34514,42037,64696
12997,13342,12352,12462,40691,19085,44778,64892,79088,42795
12630,41115,13355,12209,13673,22584,38287,45705,48697,68050
12699,13806,12164,12052,17376,38189,24252,35725,76923,64786
12666,13417,11785,12346,13979,15216,18470,37000,38785,35600
12517,13538,12153,12115,12883,18295,21462,46841,36937,65239
12551,13515,37558,12426,12998,17604,27001,43167,47784,63018
12576,13447,27095,12375,76609,27510,56040,67536,41827,40428
12722,13390,27607,12229,23936,19575,35402,34706,75643,62140
12462,13217,15259,12382,17220,17543,20414,35259,40183,65668
12668,13500,13661,12869,16425,17440,19757,35379,39960,41011
12661,13412,12625,12452,14073,15584,21349,42828,75864,32945
12809,13126,12246,12576,13136,41393,18593,69287,42346,38683
12538,13111,12403,12277,12539,17765,28239,37004,93613,66453
18733,13227,12219,12149,12339,16336,25841,37920,47371,34193
12612,13584,12384,12343,13587,17524,16992,36181,39829,40085
12922,13707,17549,12558,11947,26942,26019,73114,78012,66658
12595,13384,12566,12195,12687,14607,41102,35609,35530,61419
12857,13490,12239,13551,11765,17909,40288,35673,69604,34352
12827,13438,12657,12170,11868,15155,21940,65718,55888,64911
12457,13444,13483,12377,12095,15755,19025,38839,37870,67183
12603,13233,13377,13758,12054,16122,21067,34951,77234,238530
12738,13030,12141,13555,13589,18254,20293,76609,37826,65623
12720,13520,12223,12331,11932,17863,24952,37683,37407,65610
12665,13604,13578,12514,12178,38303,26066,37823,45355,37979
12658,13141,12058,12499,12079,26240,18828,78815,44989,32819
12375,13200,13542,12269,13131,16686,23937,37921,77831,65472
12308,13168,12500,13759,12453,15428,30223,37912,38602,38511
12592,13448,12151,23085,13350,14688,44168,36759,45003,32854
12424,13031,12237,12354,23132,14660,35516,49226,95188,67147
12647,13081,13246,12345,11955,15258,18963,649001,37131,39941
12844,13254,11922,12031,12327,15588,38047,33375,73875,99880
12763,12928,12217,12459,12727,15424,25552,32266,37848,40267
12842,13234,13497,12331,11954,13460,20622,31823,73891,129770
12542,13077,11919,12769,12438,23774,18124,30790,34928,84257
12830,13311,13586,12465,12040,21678,18180,36993,40484,36923
12929,13254,33054,12421,11739,18333,23843,61944,224051,45275
12806,21904,12300,12370,12778,32815,24175,31194,48007,65799
12847,13115,13548,12268,12298,40100,21781,32596,78270,44312
14736,13036,13617,12417,12000,18676,17668,156729,38996,32888
12664,15087,12044,12211,12069,29545,32443,43962,36603,65505
12679,13307,12176,13416,11831,16149,44471,44784,46130,39948
12645,13162,12134,13850,12415,14796,31036,743761,42354,33528
12914,13280,12024,12335,11867,13642,20520,37877,85700,63908
12576,12876,12095,12903,16344,14438,17298,36984,39501,38997
12862,13091,12238,12677,12044,19540,17521,36748,37269,84790
12855,12906,12146,12233,11857,16244,20288,73586,76255,79368
18495,13114,13242,13432,12301,16252,18826,37842,36124,45578
13714,13455,12293,12226,12138,16491,20215,34052,68173,72727
13167,13017,11691,12559,12117,15765,17174,36007,50090,39065
13280,13163,13388,12113,12036,15859,24264,36406,37571,45738
13159,13150,13428,12056,11988,15921,130876,35493,82382,71848
13156,13367,12235,13457,12411,14462,41730,90131,39684,39792
13176,25680,12087,12509,37446,16987,30785,35348,37891,45782
12973,13247,11933,12217,12631,16513,27535,33962,76879,550635
13151,12851,11961,12371,13586,15386,35416,36848,40335,65779
12015,12755,20825,12499,11990,17337,27196,34207,77620,32326
13321,13269,11765,12607,12905,20019,23924,73225,60179,67993
12990,13228,11902,12302,13518,15462,647993,34503,40263,68450
13409,13150,12062,13437,11947,17951,258848,36863,78797,41808
13333,13092,12439,12060,12383,15967,31519,35588,36752,66825
13167,13109,13652,12305,12116,17599,25599,37585,79011,66491
13003,17252,12205,16941,13453,39250,24269,40339,37703,39887
12806,13855,12251,12300,187250,14550,28312,67370,82144,31520
12984,13855,12201,12356,22088,18517,23872,34879,39440,38028
13371,13779,11911,12368,12280,15281,31956,35964,56119,64076
13069,13472,12118,12648,11993,28984,33478,36760,36943,32950
12527,13279,11796,12103,12207,16847,68629,72443,77985,45599
12826,13461,12259,12041,12130,16115,36206,37086,86179,654304
13034,28171,12087,12489,13344,18844,32858,34196,37632,81117
12645,13217,11987,13619,13382,15927,63489,42916,79503,34086
12509,13304,17049,12626,11718,16498,32162,68213,43648,65009
15691,13255,12096,12580,93149,16644,60999,36165,50334,71462
12938,13692,12057,12639,13326,14419,66458,43151,70090,34120
12749,13787,12010,12451,11937,19472,24451,67708,77159,69452
12958,13324,12150,12766,11911,16134,21955,36697,37407,65674
12477,13728,14756,12414,12815,17177,21571,33823,44063,37325
12859,13405,13459,13165,13051,15990,21361,74431,78350,31585
26741,13651,13725,12494,12324,15110,37742,35157,36944,72903
13145,13248,13309,12339,11828,19272,40547,35955,79233,38243
12752,13701,12589,12172,11695,15201,24949,74304,74916,33301
12513,13347,13683,12144,11709,15526,51007,35862,36737,66147
12583,13031,13700,12059,11786,15243,74956,73480,46281,40211
12388,13397,13673,12529,12338,16852,35353,35726,77056,68639
12761,13178,13237,12404,12204,24030,127077,73486,45902,33232
12433,13364,12321,12255,11649,19090,49498,35871,77631,40606
12453,13048,12255,12408,381581,30794,451556,76101,37006,92434
12657,13320,13357,12232,13212,15442,197923,35258,98599,40563
12828,13112,13660,12182,13402,14828,24301,40089,40311,122189
12673,13050,13286,11977,13938,18461,49741,34997,41789,79072
12764,13123,12002,12262,12095,15794,39214,34359,88353,81828
12638,13046,12117,12475,11883,16240,21809,35272,44639,41111
12519,13446,11841,12301,12173,15584,22200,41816,76880,684789
12344,13359,11649,12099,13997,38837,50980,74662,43836,37929
12603,13377,11860,19901,12225,14784,41271,35677,38834,68877
12538,13288,12103,13354,12113,17696,27883,32546,75641,33084
12866,13420,12354,12157,12251,16302,22238,34607,44353,38435
12633,13150,31276,13269,13135,23491,23645,34651,68443,80272
11466,13353,15458,12389,11965,13787,19328,73408,46648,32080
12895,13035,12178,12487,12983,14358,26841,36621,40278,51431
12944,13363,12056,12147,12190,19357,51114,67819,417881,79662
12704,13200,12156,12369,12126,16256,34872,50202,36783,38404
12682,13320,12245,12355,12078,16085,30775,34589,37604,38536
12210,13120,12333,12804,12687,13502,20961,65857,76220,70829
12584,13717,13437,12476,12400,16796,25257,45618,37192,65984
12904,13534,13942,12379,12400,14290,42090,35840,75953,34083
12463,13366,14697,12542,12022,14545,21922,34524,43025,86625
12694,13188,13527,12727,12137,17912,29265,36662,45739,546608
12524,13372,13267,12438,12889,14803,29763,35291,74466,35654
12641,13196,13605,12389,11787,18885,30657,75738,39031,63352
12727,13488,13744,13780,11881,15585,50875,35492,75976,64337
12950,13282,13356,12621,11606,15248,38633,36419,37841,38040
13090,25449,13344,12451,12027,18729,25026,34358,38462,33101
12859,13417,15001,12364,11958,15397,26676,34388,76075,62731
16949,13409,13574,12744,12285,17970,21178,65362,38516,39607
13032,13535,13721,12941,13427,19120,29164,43192,88065,31220
12656,12989,13593,14051,11856,19539,22167,34896,36825,66346
12489,12901,12579,12593,13030,19638,24103,34452,64708,38484
12906,13154,12058,12343,12486,18369,24943,33996,48958,63603
12686,13271,12248,12560,12230,18314,21517,35649,35700,32938
12733,13216,13353,12259,11922,26425,28887,73410,75488,65222
12707,13044,12034,12502,17918,19107,29293,35843,36893,63983
13023,13247,12166,12357,11995,19140,53249,35138,76009,31326
12820,13515,12196,13574,13040,18093,40066,36678,44528,65868
12629,13015,12138,12652,21637,18231,21199,90103,43500,65860
12509,13101,12229,12615,11890,20503,19375,35344,79699,39203
12568,12940,12393,12380,13056,18878,28524,35711,75779,34116
12746,12886,12180,12275,12142,42850,23592,35265,35078,65077
12732,13070,12326,12500,12175,17798,25637,74402,78263,37497
12829,13351,12241,12487,12114,16878,20815,38130,42747,32882
12709,13102,12082,13685,16070,20667,22289,34022,45075,65382
12766,13292,12183,12190,12102,29476,21460,72804,79004,37883
12909,13118,12303,13603,33207,19758,33749,34339,95701,34218
12771,13266,12399,12204,12163,18920,75245,35895,37055,65279
40765,13652,12171,12011,12528,17628,30602,75418,78298,38699
13019,13047,12005,12328,12107,22234,31323,37078,44206,64901
13244,13245,12226,13708,11882,18595,31991,73486,44349,221009
12756,13346,12018,12131,13418,17452,38395,34862,70652,38621
12948,15486,14968,12346,12157,18212,31334,78898,76848,73210
12841,12282,13811,12557,11682,17304,32826,35644,43085,32332
