SHIR FPGA b16,SHIR FPGA b32,SHIR FPGA b64,SHIR FPGA b128,SHIR FPGA b256,SHIR FPGA b512,SHIR FPGA b1024,SHIR FPGA b2048,SHIR FPGA b4096,SHIR FPGA b8192
3438191363,3666386549,3469052779,4345774352,3520411056,3884685979,4434674239,1266397045547,7421986869,10561477952
13764359,26506860,48332850,102777805,206909820,397927400,793861613,1588320046,3170567136,6402828691
13512853,26264142,48102413,98369923,211564990,396420888,790795855,1584809835,3166153869,6410148640
13459028,26103899,47831217,103802903,197444310,397499079,790412682,1584608802,3165559822,6379892155
13424334,26130527,47784977,103157891,208254570,379970039,790942131,1613200983,3166196590,6421644046
13399132,25934888,47707349,100022554,206474034,378773320,795753072,1618029232,3169492263,6407422866
13415293,25926750,47751723,98331867,190142059,389848353,798269988,1582750108,3169033474,6396919104
13378550,25885919,47750378,98344184,205815038,390197642,796535214,1585324392,3162756288,6379685125
13336975,25870129,47792609,98335885,198963715,397287332,795329112,1584639158,3165353739,6379305968
13312865,25826440,47732793,102209287,205789890,391129092,792493282,1585674213,3175788600,6379667043
13313881,25774272,50286525,98317182,205809726,379129353,782103384,1584909043,3165792381,6328840826
13312620,25786402,53607404,102161897,205813827,378846226,794816821,1586090265,3179467883,6379314502
13281033,25773827,52964557,102093289,205813948,379068445,796522462,1617215223,3169255231,6393818403
13281797,25758996,49229057,98301860,200028634,381104423,795687765,1620638948,3166840492,6444320144
13281720,25768051,49838457,102239638,205751491,390274834,795688637,1620948780,3188676102,6328423497
13285899,25788877,47727281,98291867,205869523,395418915,795672822,1611484972,3174510679,6451606885
13255926,25764016,47737318,98251985,205822359,395217323,797069316,1592600795,3161678351,6408974183
13243034,25784644,47709602,99139817,205726252,395608293,795801061,1585392540,3205195260,6379925502
13227920,25746175,47751412,99142657,205759488,397571625,796233602,1611274594,3167304492,6397284496
13253135,25802389,51631868,99179644,197522948,395488916,795747298,1600478233,3170566881,6379696615
13215479,25761412,51747940,99104679,205698274,390177704,795462550,1614188176,3186267708,6378470104
13239854,25802157,52201984,99152725,205693144,379799737,796210362,1601972898,3174609364,6380489442
13230411,27359991,49949052,99123618,205725751,395468127,789742457,1608581497,3152501247,6450203010
13224841,26941386,51719556,103694548,207676791,378907272,795620671,1606794595,3173750408,6379281527
13221144,25821431,49774576,101149103,207835085,379033224,796184998,1585240205,3169818997,6378892200
13218285,25810589,49781050,103694681,207221812,380812074,795625512,1591139827,3097502851,6415340603
13218633,25052583,49778535,103680672,207014236,396520721,795154055,1591931630,3169272583,6328682723
13246985,25749112,49763394,103687216,190178789,395721663,795883534,1612174562,3168336292,6427583136
13270788,25743632,51072041,99131023,207126982,395295469,796342194,1590607030,3189749651,6371941321
13248328,25740810,51132629,103718799,207227201,390547957,795998421,1589440952,3169562276,6380473893
13287742,25060548,49724904,99103172,209555482,390244493,795654706,1583687212,3169714702,6379459005
13303267,25721401,49770361,103656947,191210236,394328119,796700625,1584023906,3031164174,6442274598
13250466,25717957,49788542,99140532,206177431,390209441,795985341,1584439254,3170127502,6440560942
13268127,25720056,49739164,103643070,205989574,378793106,798646110,1588567092,3115173483,6421859108
13230860,25693072,49718162,103646027,205914888,395600351,796744086,1584944680,3166156397,6406687864
13256662,25765239,51643973,103705016,189927371,395351445,796019559,1585440583,3187783781,6436613664
13220265,25715351,51615299,103665884,206129966,393133360,809371710,1584576043,3172160540,6379601031
13256867,25736604,51625627,103696004,206024810,379116251,797784756,1585574492,3169205029,6401705821
13255482,25702936,51620712,103697629,210053994,380968730,796526488,1589689176,3170011650,6393469655
13289137,25734965,51595402,103681069,208570947,395148857,817871092,1595224333,3172279523,6413311404
13184679,25725574,51626043,103678940,209628898,395522985,799648539,1592367042,3170349694,6372461480
13236299,25731404,51038624,103662025,205317106,392042441,795988293,1592362825,3176645743,6382070690
13231185,25724443,51668808,99144468,200331532,390176538,798600973,1607893395,3182080758,6379302558
14082586,25723324,51634282,103687936,208810558,391905312,796849699,1605107143,3169480219,6451516181
13900606,25721469,51595690,103718570,207684760,394547874,796019485,1601652137,3170286881,6380112982
13725599,25728102,49740646,103684265,206571557,395399701,798698807,1610317855,3166229418,6380531178
13936979,25707628,49819529,102384302,206219636,392423455,795999046,1595826362,3178388012,6403140192
13196866,25739753,49753196,102116873,206464284,395592272,795889299,1585898216,3164922085,6381130725
13228275,25771954,49687022,102117881,206967743,380940510,789865224,1572265431,3189664395,6380185991
13202299,25749014,51596524,98252265,208415230,396289825,796146304,1572043009,3164772216,6374307880
13221040,25719851,49704467,98224927,207465572,378993483,795903195,1585156033,3182727402,6381793509
13236061,25756750,51602458,102084611,206685356,378900360,795517525,1599753616,3168813176,6330106815
13258895,25757086,51715540,98189189,208616616,395645495,798398472,1596559939,3170082824,6379342264
13262952,25061799,49710008,102217140,210066689,396714891,796157864,1606253331,3168680316,6381105198
13211760,25728574,51631636,102132929,209501868,396293222,795761170,1585669132,3189174270,6391047980
13262111,25794714,51626450,102144565,206538404,395370017,796644961,1585086924,3169652308,6404859273
13264055,25726712,51573487,102115206,206114083,395612046,795991811,1591874069,3169668663,6379627298
13243212,25740404,49708044,102126114,206384357,379087445,795823774,1586875404,3169227437,6381258099
13189972,25712967,49732299,98217114,212646699,380040628,796012840,1585223513,3189526051,6379559619
13233237,25712596,51584561,98278780,205891304,395662948,795975334,1586320550,3169755800,6402585199
13194576,25700567,51617335,102138207,205919678,395486393,795999421,1561298184,3107818928,6379877690
13267975,25718693,51044190,102097955,205777873,390123087,795786193,1560085932,3169987047,6380241241
13236741,25713283,51019184,102098076,189690899,395633374,796306581,1585650955,3178223330,6383560402
13236485,25717981,51738522,102231151,205949802,395714818,795921645,1586989813,3169948001,6373109898
13186326,25748910,51681520,102077820,206000724,396207146,795812399,1598853638,3171151512,6410223850
13199590,25762151,51704610,98292980,189808660,395527600,795971574,1590890575,3170092921,6379758958
13200205,25681450,51614993,102102336,206655748,397533321,797189457,1583878267,3165868295,6379163548
13172356,25709307,51628693,99125062,206153171,396277186,796185263,1589375655,3181040825,6440955508
13193800,25735370,51706348,102115535,189805478,395550118,796102481,1585863354,3189014159,6402726515
13190339,25744566,51692155,98241276,205969557,380924259,796062251,1585657720,3165794186,6380224911
13164344,25705834,49784901,102026688,189700260,396243528,796108909,1588139552,3172090321,6378822753
13178946,25707090,49767150,102164451,205754967,395517354,796464109,1582262185,3168996651,6398637840
13217777,25748218,52024621,102124249,189913532,397630713,795966371,1591222021,3169946764,6372052646
13204126,25736208,51907260,102183821,205994265,395431970,795705426,1597670605,3168937184,6381594287
13192515,25760024,51092493,102098842,189822601,395389664,796045506,1587982143,3169646720,6378623369
13178871,25718367,51592056,102085828,205821476,396184194,798669053,1586392384,3168550888,6380249029
13204293,25744733,51034629,98235087,207669120,389798378,796732578,1585107628,3170676102,6383621437
13227289,25754999,51586646,98264888,194584490,394697251,796125486,1585542584,3169635404,6382832689
13187620,25738596,51603519,102105461,206879945,395577224,798691672,1585449311,3143215819,6329647208
13179994,25735461,51164781,102191272,189714414,397381279,796038668,1595909309,3168391277,6427831448
13175407,25767329,51618819,102077109,205738710,396411272,795959455,1593945148,3170500285,6386813405
13169949,25772295,51622686,102075076,205873054,395645212,796587737,1589164063,3171928147,6336946081
13187104,25744739,49759449,98206159,205762127,396863222,795977283,1585695495,3169568143,6385356709
13168207,25770301,51736089,102247897,205843520,390013697,795900711,1587251843,3172108720,6427247874
13179199,25746715,51656358,102428478,205881601,391712854,796199853,1585820180,3126247834,6380097828
13194663,25744131,51649914,98465633,205794615,406337449,799310458,1586019080,3169324890,6380313499
13210524,25714973,51606773,102154955,206007221,404547842,796806983,1559496961,3163376874,6381458609
13204374,25720824,50758514,102120760,205836789,401359587,808303050,1586018670,3166599037,6380341249
13182839,25742629,50928307,102148550,205734133,395551402,800161483,1585678037,3166978253,6380066621
13196641,25726208,49979267,102118714,207752427,394237277,798333090,1587430641,3165983902,6402584217
13178741,25715189,49761904,102163492,207131861,396398430,799244908,1586939820,3165773595,6386518456
13162720,25729344,49777120,102328834,189852015,390203566,796703893,1584623176,3164506331,6382468971
13179679,25729336,49743292,98751304,205798464,380933693,795987419,1593499115,3165556551,6447561425
13185198,25736615,49751647,102131606,205832902,390235404,795721580,1585700255,3167491536,6413460383
13183711,25763080,49867660,98255950,205792354,391246875,796359508,1584908284,3156980448,6375056003
13180313,25741532,49811982,102098120,205802243,390825753,795931784,1586603475,3167335299,6442564632
13216568,25717991,49796327,102079211,205792191,395598479,797301920,1574939244,3165745111,6381432913
13171692,25750088,49794260,98244285,205905983,396674410,796084193,1595823838,3169185741,6425306486
13195175,25720991,51874479,102082897,205832474,395579981,796245207,1606135757,3163882880,6381369915
13176557,25710301,51704980,102103841,189700132,395507388,796778843,1593210812,3151242816,6329191508
13209621,25756439,49727216,98205446,205774726,379799731,809694617,1596388560,3164871102,6381060181
13161434,25772402,51572434,98274697,205980122,395572675,798602623,1606434823,3167332408,6380276650
13175433,25704236,49731610,102216904,205869114,395391845,796939010,1608883388,3164703931,6382554482
13162100,25778091,52230338,102161826,205854734,379057031,796000675,1586536769,3168867303,6454283237
13159684,25717752,52038042,102611830,205809344,392581523,795934560,1596515412,3164633491,6459401201
13174152,25722881,51866766,103649454,189693731,390284986,797768448,1608368148,3167358555,6439238130
13159820,25767999,49744591,99271700,189713664,378883009,800801228,1589600251,3164976054,6380035787
13188064,25737725,51572841,103835487,206572687,379799206,797171788,1578492299,3167238087,6392248643
13197216,25739513,49743633,99172192,206186117,397042306,795869879,1585806631,3164870568,6392772817
13179896,25709565,51606672,103658036,205887510,398677313,796099931,1586046138,3173076818,6442778656
13176050,25767193,51015870,103683169,205883745,395649355,796178355,1594751307,3164339914,6379701136
13170854,25741724,49928421,103675088,205797203,396762909,797135115,1583397858,3167362011,6397474571
13171213,25780856,49861320,101681960,205866511,396411153,796663802,1595386432,3164596748,6383891732
13166138,25750680,51584971,103663512,205720726,395470134,790458467,1586496567,3167324733,6379883398
13199100,25758479,49715655,103040558,205715340,391560472,793634881,1584020769,3164590086,6384973551
13169902,25749867,51780910,102590124,205887763,397768338,809180554,1587543715,3167278132,6385049208
13166905,25748361,49854031,102307579,205755457,395675988,796055978,1586602665,3164652509,6405025416
13172847,25766006,51630098,102097919,205708947,392867285,797030161,1589357580,3167081370,6383450966
13198171,25755594,51618846,102111412,205641977,390039204,795276686,1585954701,3164526500,6379937536
13209496,25792240,51214922,102085995,205708890,380931316,795801868,1594577597,3167327830,6502022432
13175657,25778679,49409500,98241902,203911693,396272144,779196645,1585087756,3164336023,6379401849
13177438,25787813,52033807,98246016,189691105,395530915,810115876,1584650309,3167280225,6432090316
13170616,25769846,50757468,102610214,189698284,397434413,796669149,1584981847,3164465386,6440673670
13152663,25811767,51936105,98281430,189661525,390243891,799235688,1584910920,3167091610,6430033024
13189828,25797232,49744691,102124509,189589330,395480024,802180639,1586229997,3164756869,6380295925
13186345,25768773,51640310,102128671,204047928,395795101,798958646,1586041824,3167019543,6428408821
13185312,25726781,51609297,98212700,204974116,389864027,796419743,1585284167,3164761725,6453525082
13184919,25778221,51651674,98269125,204021998,393696961,795824965,1597280506,3167401529,6379818033
13181625,25755543,49732063,102128285,189666272,395579689,795472016,1585167468,3164628450,6415883871
13172728,25745229,49766120,102182259,203967165,389958007,795534732,1584565588,3168226207,6380277473
13198083,25744583,51634184,102062484,203970163,395376849,791980458,1585527848,3164050997,6379921655
13155897,25790560,51630225,108787598,203832031,395478350,794323619,1585399253,3167002604,6410718848
13156331,25755952,51746002,102131494,189787515,391994858,795868568,1585118083,3162610304,6383136008
13173173,25763811,51643304,98515846,189796067,390978608,783264180,1584950708,3170430904,6471597745
13179023,25794121,51610167,103711896,189621762,395425222,795986809,1585082664,3166535691,6418404745
13196981,25771330,51619129,99098327,189697720,395441728,802942892,1593255573,3165528469,6417612528
13200353,25765499,49724101,99086351,203994722,395701155,797114046,1604202428,3166316532,6402878669
13199959,25774724,51794166,99159460,204015865,396554791,790392474,1587600510,3165512423,6381368785
13268401,25758670,51140720,99179768,204091317,380102075,790068591,1586159826,3165938511,6379119356
13247016,25744653,49748831,98548795,206276315,395636255,790510562,1592603396,3166880493,6397271591
13201936,25782373,51607801,102064916,204723212,395642994,793603318,1602582138,3165779384,6380446622
13199077,25700807,51581575,102205515,204267223,395568894,791081512,1604044873,3165286612,6446680893
13172330,25705561,49749967,102244877,203942764,400064523,790592742,1589139044,3166540155,6442306550
13211241,25725151,51783217,102304255,204003942,396698975,790090595,1583279083,3165428614,6384754720
13195349,25762864,50966440,102098536,203925000,389325340,790217253,1585936127,3165664323,6484078549
13199413,26833672,51716375,98298041,203981355,393853615,793539392,1588573350,3165285298,6379996305
13185667,26230843,52053699,98269140,189683937,394920283,790907316,1570440535,3166726533,6529557102
13217931,25771299,52017992,98249220,189668466,390975744,790666949,1589089248,3165611844,6381618729
13172188,25759477,51809961,102101726,203965754,389968571,793443531,1585399930,3166083096,6379425195
13189257,25747476,51024541,98277727,203927429,397708479,791949493,1595748002,3165701537,6385368691
13181077,25777805,51634482,98278605,203962411,394519641,792747954,1585212966,3165851590,6382112412
13175423,25791304,51649468,98332535,204013730,395227610,793617094,1585750128,3163584932,6441780917
13201479,25812710,51024705,102047330,189672921,390655376,790153648,1585573713,3169255773,6483134687
13195940,25747943,49691308,102492999,189693318,389900011,791860147,1584638611,3167238675,6416426042
13179518,25749704,49738019,102338704,189679725,391022274,791255096,1585586941,3162966831,6401822271
13208483,25810517,49744878,98307897,189591310,393599641,787244786,1588651263,3166988076,6446928017
13185054,25727043,51593802,98299885,205867615,395297305,790261473,1584782024,3165610988,6379910711
13205630,25096029,49718918,102151250,205815956,396266803,790372587,1586573310,3164569126,6403403284
13193443,25739975,51619408,98252001,205844688,390212084,791541097,1584209642,3165363825,6431246999
13221080,25775185,49717241,102117404,205847336,391295528,791448436,1586880143,3168298348,6440491616
13188948,25749446,49735344,102122688,205830132,392771161,790792026,1585370890,3164345438,6379251394
13207903,25145725,51637574,102206615,205854408,398017632,792526340,1595081319,3166264550,6426160718
13197566,25777844,49756757,102131541,205824882,396775183,791248684,1585610152,3163317192,6439549777
13183693,25774461,49735264,102171045,205770794,389178692,790856145,1593369227,3167388934,6410882078
13191301,25764477,49716903,102131687,189622563,389126224,790392911,1619145922,3166541816,6400840052
13211154,25749155,51599223,102105945,205831570,395219641,790186320,1608080259,3165420294,6433185063
13198943,25760161,49723217,102103876,206168147,397599094,791472164,1586050000,3166013122,6379444940
13181138,25747160,51693560,103127220,205945962,396109409,790876901,1585686653,3166690045,6380420155
13169151,25772615,49732098,99056520,205845059,395322268,793393682,1593750029,3166514536,6385938829
13199992,25783657,49734772,99129171,205830085,397440448,790878299,1608310357,3165708675,6427259087
13206644,25751161,51588718,99117063,205862990,395399527,790691626,1616775732,3166456005,6404236460
13174903,25755217,51560315,99079526,189659116,396699683,791379308,1615811448,3165708201,6464185715
13193946,25747249,51759927,99024474,205789357,390707800,791147993,1601670219,3166565991,6380851981
13237390,25713963,49750387,99121438,206036921,395364619,795165480,1624922807,3165138766,6394383891
13175529,25742378,49710139,99010102,205913488,398935319,797395883,1619410923,3168982493,6440433283
13225150,25775784,49730786,99226357,205852254,394568595,793473504,1621405521,3167131950,6380702663
13188325,25959402,51649808,99118700,205867399,395201252,791739785,1621570184,3164026273,6379600182
13202114,25810387,49687404,99223662,205835034,396016346,790895094,1622331865,3166883286,6435344697
13242185,25820399,51621740,99087044,204695830,398646351,793522759,1625682514,3163499180,6421825720
13231869,25854117,51576641,99091547,204748649,391208973,790828453,1622782220,3166783397,6444558318
13196651,25750715,49755015,99179574,204707927,399458004,790640922,1626609245,3163446790,6379397339
13231482,25766873,49741421,98517382,205975454,395329332,791381210,1628166525,3167254804,6376093581
13205209,25748521,49813392,98978011,205276402,397578032,790986406,1624766943,3163697772,6381524723
13206341,25770850,51602881,97561895,204819152,395326689,790883292,1618251312,3167199458,6380101797
13178486,25755499,51671988,99115753,204689210,395380811,791379537,1547949192,3163521119,6408354101
13221991,25764456,49685333,99032825,204732920,396195815,792065475,1588568135,3167986343,6331494110
13214306,25746262,49753601,98986421,204800735,394709230,792183586,1585152349,3163761129,6385688218
13199127,25738649,51693757,99043279,204848944,391887875,790874424,1604864409,3167273257,6426908751
13204829,25713659,51645949,98987547,204724901,390008050,790928880,1624733786,3164433677,6379320211
13226596,25725308,51725908,97921341,204817990,389782878,790796286,1585819634,3167114933,6447817870
13224083,25727906,49881702,100054318,204747034,394415923,790601976,1585741977,3164352630,6381631895
13196033,25717431,51020933,98858694,204747090,389744993,791624985,1595799623,3167586551,6396148468
13203906,25707267,51613328,99122072,204651526,389641556,791027872,1589100400,3164345295,6375122590
13200611,25751163,49736489,97590494,204678007,395963452,792474041,1585386793,3167674356,6383594306
13200918,25720975,51588749,99131750,204712296,395425727,790718368,1585584924,3163687674,6411969962
13177632,25741796,51600950,99105014,204635775,395455292,793102647,1585210426,3167729195,6380453773
13194071,25725866,49743613,99132642,204750276,389876403,790440289,1572155885,3164429148,6336245363
13204146,25748608,49736208,99227636,189859197,390917633,790366913,1585308427,3167299946,6337619180
13214413,25710199,49722622,97533264,204722813,394906864,791340990,1585289084,3164940188,6326617292
13190074,25758628,51634283,97978931,189685151,395458656,792545527,1585729270,3167269046,6334811108
13189372,25715473,51732721,103316096,189654432,396193695,793328780,1584862661,3164565302,6331842274
14194591,25727795,49962252,102959183,204771959,395356531,790685758,1576617217,3166905703,6327977959
14355059,25711096,51880441,103229012,204681973,393421368,790461256,1585538765,3163307919,6333556989
13218945,25733221,51618764,98782477,204644646,396157895,790909676,1585033454,3166754069,6333516938
13185835,25723067,51592848,103229005,204876360,395415095,790384776,1585652187,3164056304,6332207302
13239599,25726719,51594240,103244406,204804978,392531957,785591824,1585473936,3167655537,6332624048
13193367,25747289,49701585,103309939,204726792,389988326,790566574,1585242078,3163708842,6331278777
13196525,25738888,49708663,100850616,204573696,391270545,793020141,1585001398,3167427925,6334961087
13177038,25039793,51657187,103292883,189679943,394338890,790505920,1585453336,3164004500,6326792888
13203228,25796431,51586915,103310046,204696744,395381772,790376442,1586202989,3167450739,6334475049
13186789,25754988,49750696,115429887,204758828,396260356,793131586,1585434863,3164194511,6331366989
13185843,25745025,49694976,103337530,205578372,395339046,792144467,1587439249,3167450699,6329228610
13174310,25743656,51627629,103326355,205425666,391892551,791274290,1585269459,3164283234,6333593828
13219888,25785725,51636635,103410081,204816695,394210775,793624617,1584572024,3166736114,6332307734
13220762,25736993,49878384,98808366,204673619,395286062,791443280,1584629465,3162554534,6332598691
13184344,25730549,51661048,103335105,204727536,396120608,787280841,1585193111,3170404193,6334544002
13165761,25757055,51713049,103226693,189628086,395331311,790018010,1585406557,3166166028,6331308177
13187537,25746914,51611001,103309105,189564132,391049815,790354122,1584201363,3165537199,6333726594
13221825,25780676,51660316,102584168,189679601,394020397,793555464,1584833311,3165718443,6333596247
13146979,25742183,49727333,103232354,204676108,389727179,790878726,1585143603,3165616800,6332498193
13220492,26359281,49928728,100441117,204664413,396245232,790322202,1585354311,3165154257,6327741320
13199278,26136881,49966688,98744187,204688613,395472140,790337730,1585501557,3165698139,6334622575
13174700,25704480,49769011,103688103,186220479,397503060,791443708,1570452664,3166446508,6331415669
13172404,25744772,51653425,99116822,185348244,398083307,794343232,1587638152,3164684900,6328787793
13182321,25717020,52132781,99147443,187704714,394068462,792591114,1585693784,3166582413,6333859242
13187231,25698498,52110602,103716332,204935205,392949691,790902566,1598410940,3164184900,6332768717
13191418,25752047,51874874,103678931,205564729,395368671,790975013,1618144471,3157702882,6326861478
13218303,25721527,49712150,103693334,205223518,388814735,790879226,1622220314,3165778175,6334610806
13189049,25738714,49704510,104357624,204711609,393601255,790539471,1590106956,3166672114,6332061305
13215308,25779277,49737811,104409385,204614734,395206282,791560904,1586417756,3164373197,6327819130
13194219,25738424,51610542,104031135,204680226,389628534,790893133,1591933376,3166578852,6333515970
13179873,25747472,49689580,103762216,189663352,388767880,793248788,1591542286,3161098663,6309358891
13181133,25784830,51628355,99131913,204657668,395557363,791773354,1585319251,3165577436,6326839616
13217028,25734751,51582862,99181004,204741809,392976563,790833664,1590183304,3163339145,6334643984
13181005,25720162,49728918,103684609,185290273,388837538,793371702,1588500480,3166363848,6331629174
13200045,25751482,49727241,103725975,204602986,389017014,791977109,1593292427,3163340709,6332937697
13170069,25759415,51620533,99107787,204659975,396545781,792911899,1587164609,3170480568,6331125020
13187311,25761419,51589531,100907268,204616275,395305452,793139109,1585105115,3166598567,6332322921
13231485,25711342,51854952,99674783,204673807,395562527,791734825,1585065346,3146401357,6334001938
13206968,25737883,49794992,103975687,189562171,395188802,790909479,1603367367,3167137701,6336514141
13205661,25735496,51738420,98612269,204795289,395780260,793301129,1606426020,3166574353,6334334511
13185286,25736350,51451414,97655977,204685260,389728862,791801355,1617878885,3164829072,6335360039
13185810,25745135,51619493,99250394,204532088,387195146,790848850,1628168411,3165504139,6340754538
13298400,25725209,49682955,99794096,204692839,394847589,793243392,1621445802,3165134324,6334864984
13279084,25720057,49755300,99866992,204719109,393894975,790774352,1633538274,3165779638,6332558616
13202989,25786362,51669017,104020779,204666891,395736162,790857189,1623275275,3165734756,6333625358
13171380,25721490,49870398,95085839,189605273,395124895,785425631,1620616245,3166427473,6345309456
13181778,25706789,51701276,103393745,204648775,395256122,797664448,1609565272,3164992872,6333712443
13196621,25743398,51562759,95217586,204867211,396486314,793569094,1602759687,3166496027,6332338895
13178669,25731438,51598514,103429031,204668334,395440116,791072921,1614443516,3164627727,6335476980
13203019,25699334,51643537,103360784,204669199,390729505,790114518,1589187539,3167255603,6332011622
13201733,25812018,49694949,98305654,204651780,397027344,790907695,1591066307,3165096078,6333798121
13188205,25733799,49701048,103808524,204640405,391325746,790540765,1586078788,3165529283,6334092513
13198129,25704271,51689845,95417268,189631909,395911534,793012890,1585566851,3165440035,6333014019
13185173,25696986,51602941,104310471,204687052,398973164,791888928,1585345013,3165670216,6334817167
13201007,25664526,50990889,95143245,204679979,398572385,790778149,1600228390,3165523971,6338003110
13178948,25737483,51968148,95089050,189839515,396429779,793049022,1602279332,3165660154,6332361676
13213146,25683200,51952207,98721872,204652338,397468281,791258013,1585231248,3163432083,6336014946
13181313,25725639,51751756,103817227,204717115,396565936,790225578,1585229004,3171859294,6331727987
13178516,25705250,51618846,98290496,204644066,392175305,792982883,1585310777,3167430823,6333713215
13192857,25771410,51731819,97162962,204622633,392855316,793268588,1585509344,3162798760,6331723064
13177258,25769942,49713783,97927828,204639103,396822342,791765762,1585975137,3167189258,6333390592
13196661,25806807,49808516,107553349,204631791,395316004,792952280,1585310992,3165455592,6331443004
13201924,25762389,51618230,104916895,204624391,396121019,790354754,1585008422,3163353826,6333068419
13185017,25789815,49748472,95142667,206027547,395446919,790004166,1568440842,3165774803,6331882765
13181096,25721647,51649297,95249270,206046843,392255062,791112883,1594029348,3166943778,6332496490
13174150,25772715,51590140,95123707,204695843,390171820,790291450,1585826519,3162335322,6332813681
13158969,25749597,51572693,103865990,205002672,393429337,793094870,1585727015,3167022261,6332884172
13182216,25781909,51625680,95056965,204690279,395341357,790466917,1585083990,3165858372,6331624411
13177146,25750006,50998696,95143820,204614964,396416758,791901705,1585108494,3163687944,6334895272
13186329,25751238,49718969,103913235,204688488,390551068,787395805,1566067165,3166145342,6332657131
13209383,25838073,49736158,95153982,204674422,397156081,792906948,1586101524,3166929505,6332565284
13182574,25756744,51018876,103774870,204623853,390552598,793358712,1585693329,3164134392,6331590585
13189057,25735625,51667543,95092892,204725412,395377521,792112473,1585153075,3167283858,6307611305
13162546,25758757,51052250,95119148,204658609,392111673,790574059,1539428859,3163671131,6332854931
13193777,25992501,51401463,103881652,204671830,393261690,793095100,1585609597,3166850368,6331181303
13167785,25771374,49803159,103824845,204636812,389243031,790377445,1585678058,3164170379,6331965600
13186289,25762554,49757223,93000990,204690929,389731392,790361339,1586133767,3167411749,6331054645
13306430,25772324,51653416,92962447,204706959,396062158,791628834,1586074449,3164548922,6331336405
13219470,25784678,51686137,96630635,189635804,395918596,790871614,1585397842,3165284243,6331417843
13184290,25750370,51160400,99201883,204625228,390190213,793290655,1585682631,3163961702,6331421159
13175218,25766828,51627582,100705885,204653992,395587941,791700084,1572614637,3167467303,6331042810
13208257,25754155,51616577,99768188,204630210,396436654,790887256,1585501923,3163880561,6331210509
13187275,25795241,47774588,99571956,204691413,395437937,793326428,1585863752,3153440311,6331349891
13177578,25747993,47716947,95240556,189657424,391872622,791010581,1585439482,3184936288,6337769967
13175226,25782591,47711550,95782172,204663870,395286443,794607803,1585369038,3167498503,6332014813
13214042,25739559,47764353,103745986,204619013,395477035,794710550,1585984429,3185295152,6332608768
13199766,25830601,47724814,95179420,204670295,389746220,791046649,1586243794,3174473042,6335704435
13186006,25764996,47713896,95092517,204726944,392026862,793356669,1585011289,3182579364,6319414836
13193994,25765424,47749709,95573556,204675159,391930054,791548986,1585125184,3206733370,6332857182
13235524,25751870,47713086,103908770,204596088,395687792,790737702,1585344297,3210448617,6331228467
13180421,25823369,47884280,104203083,204668555,395463888,790595031,1586392139,3209879907,6343811790
13179171,25743782,48854214,103856835,204632460,390130611,790747192,1573266461,3205162606,6341231018
13189100,25760854,49092377,95166263,204659181,389469142,792281233,1585835135,3167851271,6340543432
13194246,25739803,49132775,103317561,204693129,397593349,791540586,1578008004,3162319824,6331350948
13216289,25693964,49085240,103427305,204748877,397320768,790786831,1585980056,3197310976,6348084904
13173812,25726381,49053208,93005125,204799702,398956183,790984914,1585353929,3218798487,6350297531
13180320,25730229,51587535,103352428,204556154,396287050,793664984,1585863744,3176520480,6348577081
13203691,25712481,49428359,103284018,204624514,395483428,792901731,1585527811,3169160500,6342583134
13184459,25734770,49384562,98851512,204742771,392231635,791606303,1586335894,3210803877,6341457672
13169726,25740111,52116243,99260859,204637164,390131762,790775483,1585977854,3169164179,6363798402
13201071,25800737,51142469,99260415,204764876,395498441,792344144,1586128781,3173251601,6351647560
13195476,25815828,51489506,95101410,204626351,395306377,790759228,1596263096,3173696165,6335674287
13172350,25766900,51928404,92982432,189617094,392364707,791004950,1598898169,3168361795,6346568800
13169562,25748108,51824666,103279658,204807822,396551802,791630779,1619210189,3166435177,6351146671
13208871,25774292,49744347,95164261,204804323,390982195,789706289,1622824965,3168431738,6346271907
13185659,25752347,51611089,103415169,204765778,395434354,793274440,1621311751,3171768257,6370307716
13731409,26033254,49731249,103363349,204603909,395656203,791570276,1613608872,3169823529,6403907378
14125678,25814182,49695764,103563952,204717525,395557147,790830206,1613595077,3179237328,6348133613
13251746,25727584,49696830,103627907,204702576,394731112,790703330,1614538590,3167155905,6352367731
13278317,25798046,49748258,104265058,189636269,396574537,793920038,1585023850,3167074473,6435299920
13170910,25828667,49710477,104033415,204733039,395885419,793039159,1585445743,3167068793,6365063627
13169369,25729204,49724915,95597406,204592703,396320292,791879171,1591581862,3165994530,6412521201
13170806,25756128,51762172,95364934,204727208,395352838,790746487,1586376069,3166539916,6352232821
13191872,25715228,49691269,95219840,204719355,395323288,790679994,1585296757,3166251742,6332028254
13172673,25736254,51603347,103445147,204623881,395210350,790726279,1585068931,3167454514,6400811957
13208517,25744654,49737904,103322989,205141241,396472075,792308788,1585477306,3166240949,6409781385
13196656,25825167,49705232,103387803,205977793,389818220,787826155,1586088625,3167014740,6351918408
13199925,25760645,49716434,96029835,204832385,391784720,793093795,1585455562,3166331237,6391109137
13185855,25798893,49784266,103324055,204695277,389714095,793012195,1583916631,3154717042,6397537500
13185743,25787781,49769429,95103325,204768190,395210462,791259239,1585197386,3166830163,6351915416
13253631,25778301,51636074,103422369,189653683,396518616,793297765,1584865253,3167871767,6367124051
13171999,25751749,49767821,103261889,204591100,395525222,791599579,1575058191,3162700015,6327418476
13203514,25732608,49719160,95168533,204655201,396000284,790582510,1585794683,3170440581,6350897930
13229497,25739694,49799910,103318816,204637805,389838477,790735529,1565608817,3166990922,6350334263
13185966,25738183,51641528,103383539,204662486,389686652,793185720,1571033940,3166929733,6332647235
13194027,25797967,49720287,103861490,189674467,396242752,814712276,1569046717,3167083287,6350413278
13192500,25780229,49727034,93423400,204563596,396182298,816809209,1584823006,3167039311,6351099331
13193266,25743971,49742702,103838405,204639228,397586300,757514087,1585589964,3167206581,6352865571
13184049,25759899,49715829,95121347,204678744,389993067,757433841,1584406100,3166350754,6365747514
13211977,25744194,51625554,103352053,204645488,395181297,767019604,1583362987,3166205555,6372062260
13194923,25723918,49706599,103410164,204641154,394564504,764066114,1583665119,3167313896,6351858696
13163139,25768096,49714725,103417819,204583562,388914644,790010911,1585622855,3166133383,6351090145
13234362,25753671,49696724,95078386,204641224,392242804,793500273,1585680130,3167269154,6351836403
13192168,25725921,49711691,103351653,204720681,389803538,790471792,1584863601,3166769398,6351850514
13191179,25718981,51642653,103407163,204678787,388797818,790593712,1586066412,3165307864,6366076144
13171115,25721682,51639250,103296198,189639578,396178554,794362862,1584214012,3166346313,6362627177
13195320,25731441,51644059,103421051,185257801,395463407,801958633,1585719451,3166269653,6357704664
13178744,25715879,49693176,95075832,204669647,397596772,794488474,1574416519,3166308781,6420776001
13198745,25715580,49755874,103352787,189671182,395302039,792308497,1586039460,3164459430,6364191221
11920044,25732463,51621075,103274136,189662265,388714747,790155241,1583521451,3166660965,6345028706
11929427,25722862,51617472,103384999,204821251,393861360,793330446,1564969269,3168638455,6389506792
11901737,25722318,51603131,103327962,189600179,389717640,790204816,1585155499,3153850408,6353135413
11915250,25754826,51636517,95116809,204636222,391243922,790385888,1584835639,3168850785,6363066174
11932365,25745983,51600361,95038494,204681849,389695104,782382929,1587373797,3165476318,6386791428
11932624,25784550,51621713,103333043,204674842,394240677,792519721,1585263420,3168331292,6400756130
11947394,25761360,51618729,103275483,204612344,396146908,790352257,1585231268,3151738875,6324081138
11901178,25745569,50979053,95106171,204602043,395464472,790564682,1584667827,3168303931,6331854224
11892817,25767302,49751268,103338887,204704462,397830582,794130859,1589128295,3161986111,6332397266
11913848,25744672,49715403,103353077,204665038,395361267,791219888,1585588851,3168552877,6330636031
11895895,26997563,51629893,95105656,204610855,398765905,797837553,1585204487,3165089329,6329029596
11935799,27583841,51578783,95086201,204694261,398868909,801062171,1585215855,3168546877,6330100047
11886425,25769401,49772455,95086623,204657584,389858901,793657561,1585388387,3158907984,6330232828
11907873,25754108,51647875,95096520,204867146,400734787,790098222,1584991204,3167618975,6329624257
11898042,25757800,51653621,103373501,204829732,396179677,792225156,1585535546,3165039928,6320303278
11901506,25758612,51615117,95114540,204626247,395436451,791366370,1585565562,3154061025,6330395704
11904857,25759572,49915092,103294279,189646893,397459508,790107391,1585188229,3165770213,6328979513
11891197,25795553,51686551,95124310,189637783,389118179,793491013,1584774998,3168755399,6323135403
11891691,25768844,51695750,98570863,204684513,395364875,793451515,1585876588,3165625271,6330316796
11874151,25775330,49738095,103367154,204773138,390784347,790785382,1586285818,3168505860,6324762888
11883784,25723754,51608474,95075456,205920417,395444048,791557373,1593025853,3165241837,6325402074
11927607,25738864,51613859,103381405,204662264,397577598,790465015,1585792629,3168701027,6330849085
11896955,25753807,49838089,103307108,204639769,395384315,785556250,1585137338,3165382490,6307959018
11946975,25776574,49739018,103345798,204655710,395282976,791186246,1592548894,3168817960,6329816373
11888705,25727601,49727712,94993953,204670884,396116950,790448520,1614839132,3164384991,6330319886
11928138,25761160,49759748,95300033,204693702,395306286,793503872,1586312005,3168150160,6328801871
11924723,25766797,51606513,103354350,206650305,397606708,791509699,1585725635,3165329643,6328050648
11884169,25732481,49709978,95117485,205456071,390577348,790554842,1585332009,3166776646,6331010635
11916885,25723587,51591911,95150876,204711858,395298721,793639539,1583702331,3165273914,6328302828
11951188,25776409,49711846,95102397,204627267,397345742,791524372,1585870652,3168153442,6324931066
11936743,25720777,51639050,103262749,204785161,396328470,790768261,1592730333,3164143880,6330715499
11925942,25719683,51577334,95116401,204719555,395349801,793823481,1585603638,3168853347,6327370752
11929314,25714805,51594322,103343197,204649657,397524808,791762046,1582736738,3164300769,6308345985
11945771,25698880,49913965,103392981,204842288,395304715,792851610,1586315114,3168768142,6328978790
11938181,25719879,49995949,95071032,204761603,395268150,791104138,1585371351,3165271313,6320471441
11940683,25745659,51755705,95073629,204836340,390695435,790460541,1585177414,3167516438,6331129816
11921302,25702929,49775426,103272848,204825084,389171846,793624597,1580984729,3165292900,6303175830
11939306,25757682,49716156,95127679,189646970,391309894,791454451,1583503952,3167859544,6329563657
11919901,25737846,49761195,103511580,204782562,389183733,790482929,1585887431,3162869720,6330618099
11920636,25706560,51638848,95234634,204782880,395332395,793613531,1585491738,3172243653,6323462585
11911810,25746425,51646256,103323449,204706181,396001116,790535318,1583982104,3167206316,6330208369
11988567,25749346,49742725,103361204,189643574,395641808,790380366,1580113802,3167185175,6330185196
11936385,25702961,49890813,103265437,189634472,397625413,791194626,1582912064,3166218538,6324404457
11927742,25705020,49819324,103394583,189642748,390734252,790583178,1586411967,3166938971,6327823792
11908378,25710654,49696862,103403859,204757570,394618314,793637256,1585002837,3166519841,6330735001
11983993,25726448,51610743,103364353,189614514,397520081,791620880,1583348181,3167105323,6331422750
11971588,25697478,51828297,103345038,204735060,396958648,798391899,1588277927,3167150139,6323837879
11950052,25718715,49699428,103336708,204613381,395846174,793650760,1585607889,3166440264,6330959879
11911255,25741507,49755708,95087090,189682755,397517692,790648508,1583383578,3166821389,6329136115
11923076,25732060,49688881,103368185,189648068,394421653,790479655,1585339407,3167176510,6323669540
11937492,25737750,49710044,103390712,204795943,389667111,791571906,1583822287,3166440759,6330540681
11926814,25804391,51595662,103404005,205205522,391352576,785001730,1585779544,3167527713,6318455998
11917181,25809314,51620515,103297249,205386078,395494486,793739941,1585057026,3167119455,6322148851
11939805,25741769,51598729,104382045,205142266,397515041,791709848,1585814647,3166732485,6331200697
11907665,25743734,49739204,103821764,204780773,394156493,790615906,1584337434,3166521075,6298235029
12222600,25788857,50987201,103895699,204668521,389893932,794041631,1585295273,3167042304,6322902119
13316063,25753038,49705306,103363380,189690769,396198053,790963452,1586763291,3098060237,6329782599
13189942,26309286,49761190,95169240,204832535,395307144,796154650,1585744960,3167077751,6329421743
13173445,26007037,51054989,103446419,204757965,391894437,792819295,1568439821,3166124986,6323321608
13167242,25743473,51652256,103374774,204758607,396270904,795823550,1585421764,3164605370,6331130752
13172774,25759676,51670959,103344539,204683386,395283493,793571688,1585167696,3166590741,6319844011
13190631,25752689,50552603,95142745,204759645,392899288,790131983,1585472642,3158793817,6329936267
13173893,25789424,49207843,95086966,189690802,395440252,790688349,1584219552,3167286858,6328936227
13181357,25795954,48889810,95086844,204769591,395261923,793525804,1585717075,3167794714,6330390447
13173874,25735508,49707748,103347933,204836132,396185062,790882669,1584620729,3163311935,6330698070
13177953,25728236,49575636,103488251,204695180,396301260,790494599,1585307769,3168464750,6295235241
13217251,25698847,49052357,103452749,204636205,392101847,791508151,1585002819,3167455041,6297659811
13173201,25708517,49728395,95113609,189646831,395431563,790866063,1585744928,3166637895,6331123897
13161486,25703908,49674649,103365062,204319480,395169053,793789748,1584329858,3166132191,6310471588
13191167,25711909,49180341,95095239,204384771,394136631,792350135,1586023342,3167414884,6327652474
13182875,25712565,49709558,103342213,204436893,395349969,791469815,1584889613,3167414638,6330066303
13178345,25710600,49080922,103332598,204310383,397507899,789696376,1585690487,3166441662,6329189901
13151459,25748447,49078439,103332390,204356714,392626113,783406031,1585067492,3166453226,6323927869
13185698,25728508,49844157,103394454,206714497,395263669,790511128,1585855661,3165739309,6330912204
13161159,25723564,49254315,95298054,206571635,396156064,791347907,1583724900,3169727011,6329148198
13165497,25755466,48886232,95121574,189720760,395460230,790608097,1588824360,3166373991,6324329747
13163454,25718572,50299338,95087862,205382965,397714912,793543650,1585323027,3166976787,6330584623
13199508,25719077,52205382,103385890,205285857,390118293,791589733,1585554643,3166170903,6329600714
13198061,25716168,50040215,103298675,205271084,395191788,791867965,1585838326,3166185112,6325184939
13186184,25759581,49921565,103424834,190074276,396290831,777878306,1585534552,3154738341,6330486720
13160791,25753847,49709480,103367307,205976346,395466594,790720921,1585569471,3169696059,6328784887
14457821,25730345,49781847,95137651,205393370,392238777,790162358,1582988057,3168729289,6325935701
14924208,25754495,49538518,95137029,205277583,395537288,783494702,1585880509,3167265115,6398451007
13180770,25733957,49769786,95100345,205294215,395351770,790449294,1585316813,3168281347,6351719595
13213101,25727802,48858283,95071938,205288299,396277011,793282501,1584400127,3166448937,6377249534
13178984,25749985,49968203,95175067,205181263,388849526,791536491,1585093557,3172086711,6333637876
13158322,25712154,49734143,95110862,205232892,388961145,794751624,1583788960,3170811864,6366266356
13181353,25733276,49746359,103365709,205275722,388827186,793462408,1585068784,3167734923,6352274705
13164679,25739642,49485437,103876182,205213605,391854205,790615114,1584662608,3164484855,6375702425
13187012,25734190,49703547,103699157,205300779,392835049,790210154,1585376943,3167508916,6352871484
13167906,25736315,49645862,103587675,189585080,389876447,790729310,1584108085,3164455992,6354653825
13203447,25731381,66612324,103392841,205299412,389545440,790413361,1585100049,3168046622,6352101310
13147893,25731612,49070074,103343979,205214596,395375476,782969505,1583866224,3164101363,6385750659
13175120,25728133,49805319,103384294,205201646,397658022,791535828,1584939614,3168328637,6356365953
13184264,25721494,49637224,103303564,189665079,392346804,790505534,1584860066,3153862944,6404599129
13208607,25718575,49081733,103417674,189662606,388783534,793211924,1588172445,3167339025,6393232765
13198465,25786218,49737058,97222358,205247071,387712856,791395740,1585588773,3164697717,6398202897
13186411,25754693,49561165,99286240,189652554,395119868,790658952,1585766905,3167204780,6373425306
13174496,25716655,49059314,95059302,205178104,397517457,793544383,1553908644,3164250649,6366592213
13161226,25722027,49721040,103347490,205359933,391935370,791508742,1585801984,3168361651,6353212021
13197500,25732101,49765695,103360605,205358570,398664875,790523839,1585110735,3164769353,6351128685
13184523,25723426,49480305,93208083,205268335,391332243,791062276,1585701832,3166710764,6351769495
13167087,25917509,49122100,103265518,205304210,396049144,790423362,1583817524,3164854766,6363008366
13162940,25800290,49766993,103547070,205197511,395567434,789918335,1585431066,3167325917,6352200777
13192881,25739640,49042579,103397732,205252694,391261371,790829973,1584132508,3165057718,6376872081
13177343,25737500,49796415,103339216,205259996,392085256,793529837,1585047286,3167871165,6361412901
13196843,25729883,49625995,103342399,205192132,390063167,790402924,1584179673,3164863676,6330332911
13156548,25675227,49606403,103290626,205234796,394162715,790640228,1585705410,3167321868,6330409258
13179730,25740619,49792823,103330627,189695316,396124698,791642870,1577562886,3164999836,6330225918
13160241,25714623,49052785,95098365,189613709,391432380,796459587,1585540910,3167289189,6354191800
13161737,25731089,49069945,103480280,204519427,391916468,792565362,1584897514,3158585005,6350387717
13166081,25721183,49115182,103488734,204452664,390056299,790661012,1585906941,3167871781,6351081312
13160445,25756142,49799725,103291858,204490497,389067969,793606246,1584039671,3164973078,6353161338
13189338,25684480,49048671,95090897,204423065,390556473,791539346,1585446923,3167689121,6358292625
13163638,25875123,49339889,99161156,204478884,390974511,790681656,1584307255,3157418210,6350270272
13184024,25834499,49748641,99262573,204344442,391034124,793448700,1585934757,3167643240,6400934993
13164076,25722543,49032907,103311799,204539573,390129627,790688186,1555326673,3164592562,6330782675
13185213,25748109,49115339,103365928,204349564,393240725,790466428,1583254048,3168121330,6351305222
13177799,25711851,49073270,103284345,204404677,396077862,791642293,1584180399,3164248924,6388223180
13177395,25760515,49025451,103836990,204355504,395544758,790924368,1583942563,3170074973,6358658494
13203279,25729905,49061168,95574357,204277590,395443847,793647130,1583346253,3164786506,6351021003
13177816,25769513,49297284,95260410,204383043,388977253,791756053,1586196209,3167523948,6353118687
13187108,25730722,49665242,103326428,204564172,393452868,790985778,1585548956,3162756335,6361721362
13334233,25807072,49046045,95119845,204445043,390025333,794203103,1584108738,3099684608,6383758078
13285356,25763753,50444111,103338592,204374907,389263885,790707631,1585135888,3166866875,6324229327
13228812,25753945,49105716,96003338,204762706,390456794,793545183,1585377246,3165750563,6351628883
13234149,25704478,49074798,99144602,204941459,389616095,790728803,1585374538,3167215570,6352851189
13190209,25707803,49029333,99279813,204445604,393952263,790565225,1585068169,3165437374,6345473186
13171622,25753583,49088396,99235688,204466630,390381679,791554316,1585550073,3166999334,6378189306
13185755,25714528,52258600,99260679,204611764,388609020,778472534,1585227176,3167488906,6350950088
13168775,25740078,52104022,103425990,204306675,395527554,793721587,1585477610,3174702714,6349527701
13174296,25727546,49764449,95089906,204280146,395692613,792190463,1584121644,3157294626,6352047702
13164892,25724536,51659317,103260788,204368512,393393687,791406483,1588008949,3166773303,6290473875
13174261,25748247,50802202,103343794,189650263,395436170,790831165,1586127307,3166410130,6372694426
13191197,25752596,52937113,103368614,207066595,397446877,790376321,1584017188,3166928780,6351105488
13172938,25722143,52242959,103388827,204403920,395442570,792158641,1568765254,3165998287,6355541164
13176334,25771737,52000783,103326129,189541136,395382613,791370769,1585277733,3166979837,6346138298
13183784,25738995,51461614,103343256,204253394,393089019,790657031,1582947238,3166990993,6331950256
13181134,25729046,52089780,103288810,204454964,395554099,794365767,1588667470,3165821371,6375670936
13189566,25717528,52059252,95162171,189554655,397538667,777145865,1585624574,3166511338,6370943591
13177315,25740109,52561053,98811447,204492980,395854533,792264387,1584448647,3166145749,6387119589
13173028,25740694,49795658,103500780,204355028,389743741,791353019,1585567466,3166176226,6330811425
13171523,25737244,49796057,103325290,204342724,395339969,790460355,1583359167,3166221493,6345743841
13176509,25744694,49777151,95114350,204445225,389962384,792247605,1586393026,3166728410,6352998968
13164450,25781276,52081526,103438029,204274247,396360932,791431168,1585490847,3166382642,6376741704
13168768,25727125,52042212,98434807,204341605,395887420,790355120,1584988943,3166684328,6406827931
13169350,25725355,52051204,103354792,204396333,395482536,792150651,1585162644,3167348049,6405318309
13187473,25704861,52103366,103394174,204318692,395330348,790411861,1584037450,3145964655,6386841760
13182585,25705179,52258154,103358179,204400343,395508191,776757756,1585109519,3166080456,6406439909
13178793,25709212,49954327,103364016,204332165,396518577,787633239,1584318617,3166809781,6414104142
13195040,25702811,49775691,103850610,204396576,395442244,792103372,1564776898,3166033736,6409984152
13213331,25722629,50473316,104060532,204367637,395851843,795393197,1585542249,3165801691,6331689379
13164548,25760593,52666327,95420286,204282178,392969054,795243913,1583750109,3166951802,6329818272
13224216,25731317,52304213,103395721,204348489,395558751,786780516,1583875704,3165207704,6329669709
13218208,25765738,52086032,103302468,204307325,395360768,773031042,1585606204,3166525122,6330225515
13304186,25700643,52070977,103347909,204347166,396546682,772391898,1585588444,3166398252,6330755292
13248473,25701570,52147347,95101906,204375705,391219172,769505786,1584299098,3144129012,6328822742
13210511,25723957,52072052,95151677,204419014,392682051,769363679,1585494778,3166283690,6329835031
13182506,25721413,49856849,95071587,204362195,390115862,770172672,1583479552,3165433129,6328873063
13187745,25730379,49887539,103375630,204335559,395305939,769436843,1586203367,3166049093,6330090835
13165133,25714505,52120647,104218075,204293112,395476223,769584055,1585562632,3165561175,6328703321
13174580,25711934,52173302,103490647,204400974,389836494,790758537,1583884156,3163961471,6330978845
13175771,25733604,49914000,95046348,204395465,395573443,794218045,1585863696,3175817082,6328988548
13170844,25745455,49786651,95131804,204351599,395624166,793410787,1585577409,3167781486,6335948779
13162477,25758421,49796218,95097114,204374504,389711380,792357016,1583302746,3163212918,6336746346
13171472,25757538,52072087,95242796,204514521,394147977,792351569,1586391369,3167042087,6334612556
13154834,25728926,52050767,95207395,204367210,397532416,790639687,1585436594,3139664035,6330788741
13174613,25714704,49824095,103336586,204451777,391305573,790532339,1584972572,3154358992,6334615465
13182261,25706987,52095809,92854633,189635403,395579850,791432022,1585242704,3164566970,6329037141
13175718,25742264,52098987,92986059,204418987,397507993,790513878,1583523198,3167011826,6330858632
13174063,25733580,51413161,92938921,204355062,394782545,790466009,1587908863,3163626565,6329653664
13161859,25711181,49927726,104397750,198023061,395410806,790665849,1585642151,3167752394,6330710375
13177210,25727736,52163510,103689817,204383135,392158830,794048330,1584721811,3163687290,6331686261
13181795,25718086,52042756,103679195,204426052,390746209,791585900,1585539717,3167679978,6329619103
13181113,26827974,52125112,103342137,189584190,389826082,790737857,1583957716,3163437935,6330440046
13166215,26075892,52151553,95136069,204412203,391260346,797465000,1586514456,3167776505,6329259547
13174950,25725677,52084732,95140865,204548338,389708619,796920210,1585352180,3163549978,6328923426
13193470,25731698,53093181,103380353,204600975,395425220,793555253,1585459254,3168124991,6328856441
13167018,25755314,52648397,103498801,204492067,397530954,790681571,1585831122,3167831232,6329397059
13180851,25719563,49925246,103387660,204432760,395323862,790518589,1585424225,3167958379,6326956897
13169663,25718278,49804331,95005874,204344464,395522398,791494234,1585783964,3164263031,6330091932
13167159,25768186,52071576,95313113,204419790,390926585,790702384,1584227873,3168314504,6330019859
13185696,25746417,52055462,103511377,196499104,395599540,793604998,1586200701,3164794654,6329035361
13166796,25752845,51570417,103400965,204441844,395377774,790673758,1585963138,3167739335,6329810612
13159763,25717378,52147727,103342041,204555762,396166651,779623044,1583787169,3144041872,6329597548
13168538,25725915,51381757,103330972,204372788,392807669,791669441,1588198758,3150562710,6331051782
13166405,25737880,49806017,103890316,204343099,391914663,790836632,1585412227,3164535545,6325277632
13183170,25740232,51436766,103739112,204430178,396740479,793770570,1584505391,3167804422,6330239664
13176855,25752305,50595515,104225642,204303813,390106323,780007095,1586488590,3164395803,6347528423
13182223,25737886,52088466,95131166,189883458,390655553,790563846,1585788993,3168603740,6371155293
13179985,25703640,52054581,103357266,189636425,392400615,790278022,1584114989,3147651051,6386431230
13158733,25786153,49756562,99277618,204282038,391843538,790416190,1586156259,3168753901,6334544471
13152682,25722565,51558236,103398544,189667855,388924988,789952113,1585266827,3164678516,6334865234
13161260,25746353,52491649,95190899,204335960,395335267,790324608,1585001600,3168503923,6329475939
13196679,25761638,52060407,103393593,204381500,396135558,793442008,1585404827,3164061562,6305922281
13201311,25749770,52075923,103384742,205122456,395397562,800957725,1583329249,3168041099,6322805125
13203713,25747467,52057106,103371333,204426169,397621794,795558471,1586320454,3164685591,6330286453
13187514,25738352,51654756,103459108,204382917,388944475,784628663,1585483922,3167266495,6330253045
13327781,25763872,49745297,103367855,204350149,395145144,790384026,1584581769,3163925852,6330102378
13315319,25920738,50025579,104122162,204335784,390726459,793369061,1585818542,3167531889,6330799724
13177058,25881095,51955291,105796137,204270689,392363715,789167458,1583748601,3172302319,6331271692
13197436,25760102,49861487,103670039,189664641,397433666,790156687,1586128891,3169916950,6331144214
13177934,25754244,51084699,103299202,204694970,395484268,782212911,1584937953,3166771919,6321222992
13181258,25729083,51628675,107684927,205093396,394798451,790403583,1583110525,3167613312,6330335506
13152885,25699871,49737300,103465997,204508500,396166488,793393428,1575697706,3172313585,6329644442
13193730,25768958,51655166,103426750,204384099,395437237,790273096,1585499376,3168258609,6332984450
13214198,25721828,51644450,103368829,204590852,397549127,790149404,1583222302,3164733376,6330107212
13206048,25718016,49809354,103364389,204473574,389824214,793812304,1586015809,3151019693,6330884635
13213656,25718838,51653860,103334293,189600501,389121678,790770825,1584999952,3164381233,6330325295
13174822,25752506,49746819,95124660,204403425,390621085,793423773,1583259550,3167968360,6326069888
13165546,25729399,49751086,103274234,204350964,389300609,790143791,1587857564,3164359646,6331165891
13178162,25886703,49716366,103395848,204478798,391881037,790242696,1585556874,3172185784,6330937183
13183459,25879602,51641049,95066473,204410504,387301975,791169991,1583165682,3161514973,6330991379
13228585,25722907,49733049,97529640,189614444,394122358,773206037,1586210476,3167023965,6330689120
13228792,25743250,51820720,99170302,189643806,390586609,792082640,1585412322,3167777138,6330201164
13208307,25730485,49795939,99283431,204397104,389200377,791673781,1584256434,3168962423,6334885636
13246341,25735277,49780636,103269458,204369689,391231056,790633851,1586688168,3174440444,6325789046
13221395,25775682,49801567,103359459,204271020,390023362,792545582,1585280997,3166861896,6331754508
13228772,25743879,52079394,103316030,204371203,397395897,790893326,1582922144,3166863137,6335241701
13196763,25728040,49822808,103412980,204377555,396166334,795644532,1586282805,3216205952,6334074020
13190612,25721637,49780309,103371367,189561920,395478557,791885850,1585675617,3167934162,6330206407
13199601,25786303,52058810,95135985,204527340,397550840,790844217,1583816578,3172618922,6330697239
13224238,25781345,52046423,103302487,204338016,395513684,791435893,1585752632,3175461853,6321309445
13227352,25743726,52173477,103810550,204310983,395220782,790656768,1585428117,3168650862,6307199474
13214460,25725519,52052187,95026896,189633899,396151037,793620588,1583246353,3165847262,6330541827
13214169,25724455,52088084,95096998,204402581,395369438,790586957,1586261040,3176018227,6324937767
13195254,25715618,52063722,95038025,189712768,397569600,790518776,1585702362,3197924584,6330326377
13209909,25704557,52060041,95126012,204413562,389761329,791470974,1583797854,3172399318,6332734002
13221553,26063392,49840583,94983378,204368660,395381936,791929528,1586227135,3170526935,6328994653
13184611,25396159,51403447,103802290,189655859,396161284,790658603,1585280714,3179792503,6329134697
13182761,25724242,49793736,95033498,204454818,395435280,794649265,1583862573,3177666583,6328923497
13181116,25733861,52053083,103798953,204397285,397573538,791565452,1586096622,3168581384,6331532633
13186155,25716235,51390290,103760567,204443513,395450694,795725718,1585090053,3187014982,6328867394
13197740,25709431,52976525,95123943,189625898,395313722,794556629,1584645597,3228982746,6329549739
13250406,25733815,52110130,103296090,204326246,396086982,791957776,1585480497,3169053431,6328569318
13208051,25702278,52051786,95103818,204313590,395569418,791003265,1585457554,3212394891,6329300334
13202562,25718126,49758519,103290096,204422801,397588321,793554252,1584108181,3200622919,6331043416
13185557,25764479,52109768,103361267,204287578,390098487,790768093,1586337530,3178544847,6329170523
13211228,25717531,52279504,95066764,204514159,392734219,791857825,1585293916,3204481841,6328790966
13222080,25762948,52194604,103326243,189682120,396151543,791673131,1584152014,3204662339,6333783122
13204292,25728533,49796230,103279799,204285086,389622844,790700448,1586332425,3166256966,6328860503
13186535,25780115,52038023,95134948,204398021,397485938,795926518,1585565723,3178967144,6317200584
13211665,25720823,52048590,103333835,204271145,390096566,793442535,1583644670,3162576347,6328749440
13180896,25735794,52094829,103338370,204388362,389145089,792410853,1589097461,3167323348,6332226783
13198800,25709741,52066566,95042451,204564409,394462273,790473779,1585511220,3174205442,6323882789
13197981,25747716,53046529,103405238,204278694,395529911,790445017,1584377004,3203248333,6331113401
13177860,25050099,52085090,103303126,204437740,397545067,790084718,1588188601,3199900270,6335310184
13190317,25704820,52120633,95103470,189662868,396288632,790190249,1585425517,3164916365,6326239284
13308346,25725732,52051177,103285979,204348845,393425082,791027543,1582970509,3212161415,6331522013
13326239,25753688,52462560,103517159,204307466,396236580,790340971,1586195401,3163332193,6330536220
13254347,25807862,50211983,103323380,204392156,389855632,795630813,1585407433,3221892786,6333035582
13278703,25828681,51547492,103352827,204357937,397596864,791138459,1583782514,3182778837,6330531296
13192829,25723628,59868665,103326149,204386788,390076315,786012929,1585849497,3166126904,6328548036
13193712,25704481,52098605,103472735,204365210,389109515,790906100,1585215153,3170416698,6329160609
13202999,25734505,52056601,103403854,189645495,389885000,790397653,1582698251,3201046974,6329490887
13187721,25728551,52032418,103371369,204415872,389904972,789915260,1586404513,3178547549,6329426752
13197683,25721217,52078502,103315625,204411973,397278936,790374710,1585339304,3171258821,6329257498
13175900,25710571,49783102,103850649,204503930,389845249,793904378,1583680929,3171167213,6331111457
13205020,25744021,52064994,103849118,204470857,392009069,778893652,1585975259,3204297974,6325565641
13193201,25756914,49786616,103579954,204396312,390740591,790381664,1585344785,3191053392,6329846286
13200022,25712063,49765409,103300138,204356482,388992312,793357829,1582751354,3169839904,6329598355
13223947,25704879,52098113,103371977,204365204,394728927,790330845,1588299187,3198182956,6330916097
13195287,25693965,52083685,95210784,204420573,390069211,790187198,1585296436,3214774582,6330453305
13173512,25747883,52093923,103578422,204406831,391075614,794301534,1583407300,3187467424,6325519391
13162140,25751206,52089350,103379566,204347071,390998500,794403633,1585874801,3205445767,6331519431
13176964,25759555,52074116,104067745,204293208,390167926,772351181,1585428844,3171422768,6330118628
13235222,25748376,52020924,104217143,204362245,396234586,784635036,1583928006,3199250674,6323607332
13180365,25709623,52066507,103843847,204422147,395551046,789929658,1586471001,3241994077,6331200721
13177468,25710827,52037171,103352614,189636013,395362055,791178119,1585096364,3215896288,6334384936
13209839,25726316,52093345,103422635,204442235,390564792,790372340,1583125604,3190509980,6330053420
13204710,25726574,52081522,103313890,204366306,388972716,793377312,1585889717,3192909920,6332455456
13209417,25735310,52087533,103492268,204393914,395880769,791522364,1585537239,3167164046,6330473996
13199460,25734206,52141352,103446577,204436864,389948987,790795235,1584238008,3200721795,6329178958
13243765,25725069,51958760,105354530,189600517,390775075,790593887,1586132922,3208605195,6335144358
13195768,25717853,51656400,103673365,204391911,396112979,779257499,1585209031,3196159972,6330869317
13235162,25760799,51882812,103570896,204531786,390130495,793329455,1583248217,3220175129,6333107231
13166001,25773049,49783744,103253898,204342830,397672155,789228052,1585940538,3215458379,6330334264
13250726,25762067,51102974,103490176,189686297,390110357,791080139,1585661669,3192478042,6335705099
13179850,25750999,49753679,95133726,204342914,393541144,790730432,1583724569,3170253244,6388320579
13222827,25729718,49731983,103471313,204441908,392973185,790842498,1570464124,3175098169,6380394449
13175987,25720529,49730934,95181220,204267990,388991198,792471739,1584990575,3193068904,6362209015
13266890,25733395,49737206,104711708,204429812,395350039,790705888,1584949590,3174403955,6476224881
13197476,25873564,49828393,104580078,189700848,395406969,791005792,1585337528,3170982388,6404117895
13182121,25785359,49905309,95239175,204317176,392193007,791506135,1583937942,3167053124,6435170989
13189845,25735505,49833235,103457324,189649643,396382974,790633821,1586014799,3185626754,6436942825
13187126,25725606,52057958,103359649,204266155,389039957,793774663,1585739068,3178845598,6377626708
13216462,25741310,51562552,103447475,204335112,395152297,790891837,1583875108,3177508657,6375986520
13196091,25725940,52165157,103491468,204507182,395473924,790747170,1586635157,3206323967,6358678473
13204939,25704424,51424152,104778867,204308636,389998285,795699827,1585325072,3228484878,6377032631
13186709,25719796,53025842,95904733,204388503,419345449,790866186,1583858950,3227178761,6403607748
13218949,25721628,50365731,95453646,189669852,401339564,793607500,1585801765,3225723309,6377223611
13185153,25731304,50829905,103481803,204514843,391143624,797608624,1585771741,3235651818,6363121646
13195082,25738913,49819472,103344037,204446443,390107917,790845813,1583665574,3170612558,6459968472
13188084,25721487,51664875,95255758,204461989,389052881,791506044,1586639845,3180099635,6434439319
13187101,25722830,49771604,103478881,204402956,396129897,790574964,1585313890,3177844769,6400028879
13202582,25709514,51650640,103838224,204382406,390111081,790788790,1583924064,3221372292,6364102242
13339305,25710934,51693870,105408693,189590077,397377092,792408896,1588656303,3220224623,6362024482
13307183,25934130,49734609,103642832,189669032,390106982,794259570,1588258832,3179100779,6357236475
13212033,25820389,49754712,103460331,204413522,389781196,791443261,1583627231,3171161522,6363342561
13213565,25716579,49744322,103532870,204550418,396286930,790210015,1588847058,3168871989,6329864638
13188436,25719344,51693528,95181334,204350688,395540954,790998696,1585195245,3182869226,6374574754
13211518,25763526,49784966,105659400,189576136,391831804,790176962,1584477442,3169289854,6371159626
13244892,25716919,49737351,105406094,204390520,395469841,790308638,1585990902,3171040848,6408692690
12017906,25757191,49801509,103721442,204380115,397325713,791944794,1585362816,3168859205,6362575812
11933085,25729716,49711380,103419973,204584045,396302218,791832353,1583086068,3170942407,6406977263
11946564,25797674,49701429,95134992,204554813,395499248,794589890,1588651884,3169478148,6375815182
11949137,25775311,51670077,103399044,204242426,396000073,790372204,1585138025,3170289084,6443420180
11983156,25745681,49720822,95185449,204371087,395525852,793493548,1583545074,3199124874,6417477150
11914664,25755033,51653567,103878469,204379419,395256944,790253672,1564605745,3170425455,6418811327
11931729,25770989,49775652,103911092,204427100,392824589,790063591,1585605878,3167337568,6408939030
11920298,25732648,49808346,103550495,204360547,395690292,791075456,1583942560,3171285337,6522281424
12076506,25730549,49797150,103433151,204484719,390134402,789819419,1586399053,3173246875,6451629168
12160439,25719421,51963212,95061890,204403061,389020428,793901541,1585779720,3214779645,6464657827
12203168,25737553,49804042,103356655,204365158,388712736,793262097,1583173060,3200863752,6396594668
12177854,25717985,53139280,95206194,189603212,395439827,791043090,1586299998,3207793652,6408233561
12206623,25708701,49832823,95125053,204397744,395388928,792220080,1585748419,3212890870,6416279669
12181558,25736272,49788535,103304304,189649098,393814447,791109952,1584401138,3184383837,6525338593
12173467,25732467,49748466,103788502,204688596,395421888,787777589,1547136541,3172018398,6444585186
12187156,25724901,50227791,104167455,190645757,388959352,789979396,1585401412,3170070248,6407706625
12207975,25717494,50210094,95374322,190183694,389943630,790254873,1583227436,3173344677,6362969307
12149983,25716566,49906173,95115680,204387674,390068201,790217533,1585968752,3183120020,6375400713
12191698,25713066,52106821,95143128,204418646,395265957,784956959,1585825526,3173667559,6322663077
12150939,25729163,52157393,95192335,189619748,395234396,790164019,1583609799,3189440922,6330363435
12215955,25756612,52144357,95111660,204408284,397200817,790390081,1586221454,3218217599,6332605227
12154059,25750420,51679556,103274219,189661378,396399682,775891567,1585149856,3201594707,6322715508
12179769,25711721,51665849,103875693,204391889,395391062,792515278,1583223113,3205620520,6330753091
12169585,25729565,51645983,104150483,204331877,392398007,792505270,1588719200,3182505194,6329228623
12184135,25758831,51681109,103724495,204230615,390063530,791317040,1581714634,3171598521,6330033321
12154925,25738612,49736955,103424087,204390745,388989952,792321834,1583799562,3220061496,6331141083
12199352,25785523,49692470,103474373,204397646,394277926,790641980,1586312571,3195968969,6329754622
12180995,25763815,51728542,103447280,204386834,395548120,791078754,1585381052,3170657945,6329403996
12207566,25758304,51049814,95111644,189646463,392017092,791540447,1583476089,3194533957,6329070293
12678406,25756451,51013312,103970481,204234836,390022996,790712414,1588732256,3181657573,6328561951
12702031,25723876,51613912,103809913,204409675,389811921,793670661,1585842403,3177303327,6332993153
12672604,25954428,49404165,95338144,204372802,394043136,791477816,1583148339,3171017462,6329131044
12698276,26001375,49779775,103469596,204256067,395406834,790804721,1588628501,3167305749,6330926890
12696693,25764643,49770320,95043772,204565245,391587543,790733868,1585543556,3173272123,6328711041
12698855,25746933,49762242,95176764,204286672,390019110,792272272,1583494544,3171380268,6329605122
12701932,25743805,49734765,95124337,204362264,398050985,792951885,1588190652,3202828248,6328615953
12685331,25720959,49785943,103939270,204388559,397506525,791862719,1586084878,3173599802,6329785814
12693430,25716158,49718551,96437413,204304865,395498117,790646149,1583258546,3202945196,6335180425
12715764,25728505,49705641,95494341,204373925,392169999,790622145,1586184963,3168905368,6329639969
12700210,25712455,49937744,95151046,204387607,395372672,790669837,1585532430,3189210245,6334906756
12703554,25791675,49834871,103374003,204359746,388733615,792338897,1583903160,3181270462,6332243896
12680019,25741970,49756943,95184072,189669921,393291809,790632734,1585899637,3215042822,6329285530
12691543,25739233,49735459,95145373,204256224,390073120,790980147,1585920892,3184619490,6329143960
12694370,25744596,49738657,105139382,204378147,389841219,784108312,1583697470,3212566738,6329059682
12666815,25732898,49716262,100606506,204344445,395379303,790848620,1540305072,3182104135,6330395071
12670162,25741794,51676230,100778630,204515890,397441088,790606904,1585956407,3186064722,6329113806
12674514,25749971,51642853,103526079,189599301,395484755,796216771,1584389288,3180952939,6330071099
12665261,25714282,50869826,95243018,204352215,395206598,792551622,1588633388,3187596767,6332530957
12667557,25739836,50156753,95172230,204375019,396070418,791520799,1585722948,3172864481,6329801423
12671613,25772801,50119677,96597101,204330124,395366544,790549127,1584014547,3214348305,6328547907
12673904,25776608,51955574,104314112,204406264,397461196,790588747,1586256457,3207531246,6325547606
12678695,25788115,50311902,95335162,204439077,395513308,790427199,1585846179,3170359214,6330436241
12675765,25705639,51089928,95178270,204272128,389612257,788727386,1585176816,3178895087,6330021618
12684372,25733861,49754797,103940159,204373501,396140664,790362973,1585770328,3185241238,6329192764
12682669,25752808,49729727,95202558,204363467,395404975,790988462,1583783472,3202578416,6341257835
12727636,25736788,51674001,95549344,204409647,397382027,794800868,1585833218,3181870631,6331544204
12698237,25722729,49732161,95571486,204308372,392940057,792325808,1585784051,3171733394,6331105748
12684630,25770668,49764872,104118682,204363185,395392894,789817056,1538182193,3168826088,6330132347
12702141,25774662,49707644,95248634,204345832,397436110,790587169,1586389843,3171747187,6331505223
12720426,25765348,51651755,95152405,204391087,395354955,792090069,1585351380,3168627649,6322554015
12684083,25724309,51005946,95645625,204356161,389005747,787227305,1583093375,3175484739,6330604736
12718848,25705488,51642021,103818789,204328658,401409464,790120942,1540155377,3169173247,6419141094
13205759,25726483,51644437,95351117,204393560,393539359,790262526,1594867232,3203394486,6388872129
13178341,25753427,49737936,103314474,204388991,391144823,790271786,1583947654,3164224987,6388043745
13189680,25710830,51681475,103484238,189675516,396341188,794750847,1586026226,3167342178,6440757910
13170177,25702879,51628802,103396913,204329267,395557621,792959949,1585264153,3191021278,6443999915
13187363,25736772,49936912,105164876,189654690,397513035,790926188,1583133947,3186172511,6449804149
13189165,25725092,51716499,103723910,204402795,389977205,791159122,1539854170,3178409925,6436501840
13192932,25723362,49726340,103772968,189649290,391706600,786373409,1585706391,3171042125,6486650695
13162623,25735084,51692311,103409558,204449014,396091628,789920304,1583059119,3181682518,6436376832
13250850,25710713,49810122,103469888,204491187,390000900,790209016,1585839998,3191750145,6389102075
13195723,25698479,49747107,103828804,204268927,391197489,792028869,1585003988,3166139978,6422033160
13211202,25748851,51683759,103920384,189669419,390946309,791249518,1583343502,3178235545,6390878164
13190810,25699417,49715931,103581664,189641966,386866646,790170308,1578668841,3162997439,6390165196
13192839,25698571,49715728,103481466,204353029,396143264,790175355,1585748810,3170214008,6390982488
13189728,25700108,49728055,103387358,204310279,395342470,790509172,1583006921,3170888896,6335713344
13200131,25709644,51646251,103752456,189648332,390053591,792622746,1586180622,3167087911,6331627149
13168061,25680910,51650100,107418845,185351913,390754190,791649583,1585055994,3173316573,6329721567
13176309,25758201,51641042,95436122,204334297,395352959,780859952,1584243738,3201188797,6330100664
13187255,25696350,49859479,103501948,204347726,395484932,791539952,1561543002,3208173692,6330112622
13179988,25688131,49779215,95173054,204284750,396393328,788444335,1585392921,3170581173,6329843672
13171320,25695809,49805899,95595021,204335063,390058822,790415393,1582886493,3210067942,6329493638
13199819,25736143,50079230,104447029,204467821,392120225,790561986,1586068718,3163862238,6286012022
13196304,25730767,51762229,103822484,204315469,389710649,792263569,1585659653,3168272744,6340862042
13238693,25700619,49799293,103334608,204368416,395383969,791516979,1583850736,3167800383,6339319361
13163006,25715726,49761421,95211198,189661611,390833392,790559782,1585758965,3170727068,6345508323
13168360,25721439,51715970,103895755,204323628,395416329,790562801,1585436899,3157654537,6331260847
13188297,25724958,51732048,105658145,189615714,397322056,790853210,1584240789,3167058706,6370385082
13182577,25764980,51603119,103562762,204413587,396201478,794255183,1585708261,3163081305,6368225689
13157422,25735585,51011896,103337025,204422208,393067093,791702176,1584847573,3146114397,6360772708
13186411,25713541,51643780,103371169,189679549,397474165,791264126,1585231283,3167608137,6363387026
13208472,25786092,50993647,103430447,204464824,392869621,790620255,1582581018,3162164875,6363717490
13182618,25745188,51602157,105961186,189722227,395205113,790476471,1588633570,3167664652,6399485615
13184938,25770107,51820964,100157893,204231129,391475309,791378557,1585857259,3166541261,6366688927
13185523,25728417,51750358,95478841,189673293,395474223,790598223,1583424060,3163450909,6329457838
13169158,25719660,49778090,103525216,204408602,392071462,790439099,1585771924,3171029344,6359510869
13199975,25724455,49751339,103439936,204295073,390645047,790621088,1585806331,3167747084,6364018620
13172960,25726289,49727949,103803180,189638778,395527127,794222731,1583601021,3159249260,6359112700
13188323,25695244,49724404,95479861,204293717,397477587,791410492,1586145031,3167241413,6359549278
13197857,25709191,49764620,103689876,189602603,393576595,790644069,1585514857,3163151323,6371335947
13181301,25697328,49766035,103581221,204380642,395466102,790759755,1585404231,3167770350,6365461584
12935213,25730698,49830253,103397897,204335147,395524508,792933934,1589110168,3163302674,6356255068
12933465,25721861,49712959,103922743,204358458,396281690,794282020,1583736595,3167435548,6362239072
12940236,25704275,49720565,105261360,204371655,397374184,791277581,1585825850,3164515979,6362493752
12937459,25689522,51653875,103107350,204581229,393692241,790631025,1585536763,3166980967,6363904353
12926606,25723979,51718846,103449736,204476156,395402860,793706651,1583882877,3164518964,6360492390
12944318,25743521,51083240,95214543,204279061,391131542,790578725,1586238691,3160645826,6365038145
12950102,25727291,51617700,95623949,204527009,395198571,787938073,1587885927,3164476618,6398584132
12945061,25703674,49712488,105243123,189666284,391347515,784957001,1569413189,3167471167,6413553743
12947659,25708512,51673879,103665750,204347794,393457508,788965740,1585610402,3163528522,6359025080
12941937,25724421,51670996,103515623,204293568,395429860,797881986,1586068287,3167695939,6358434436
12944096,25712162,49746113,103418563,204249552,392097974,798265960,1583776634,3164578919,6360145740
12955638,25708011,49735532,103827626,204291000,395772689,790749968,1586735037,3167843601,6359247717
12932651,25739134,51658112,102721383,204490798,395439626,793231561,1585167886,3163630339,6365611058
12921909,25746199,49757087,99617075,204378411,393325416,790443827,1584530184,3167904318,6361505824
12943153,25700778,49770739,103484177,189686066,395407784,791529225,1586086427,3164698933,6369439097
12940921,25705344,49738853,95676109,204345936,395182985,789557383,1585606605,3167378582,6360948186
12936974,25700269,49760113,95535916,204816046,395299444,790238205,1582656117,3163957173,6369836191
12949214,25727686,49717065,104393624,204766416,395346263,790407906,1586274786,3152952234,6362734370
12953540,25773761,50111470,103372999,205138753,397490166,778376974,1585108443,3163977908,6380041617
12956739,25707490,53995127,103438227,204395535,395355575,792447672,1585877580,3166985419,6360131280
12906454,25872523,51941936,105023880,204450939,395104609,790291798,1575436168,3164741465,6359704613
12983305,25841413,51721485,96009891,204367921,394970355,788904185,1583877081,3167335589,6386025719
13232486,25718173,51775397,104799410,189666613,395485244,791121149,1585942450,3164448031,6368403146
13260200,25716209,51710142,103514902,204426638,393977119,790391656,1585705766,3167917620,6396384462
13217124,25738499,51782507,103930888,204430605,395296253,790095011,1583800392,3164482594,6360780763
13222405,25714921,51755763,103841807,204380236,389243893,790248862,1586891408,3167207218,6363791142
13213308,25735753,51691222,104334751,204267825,394818704,792114893,1584924082,3163276604,6378269545
13217866,25751852,51683046,103376526,204374579,390594323,791137410,1583832551,3167403579,6387558823
13246180,25753121,50192454,95165832,185245926,391750874,778582388,1585844361,3164372219,6359090136
13230975,25716471,49828008,104864770,185345669,390244685,772951709,1586036820,3167989783,6354918025
13212295,25708615,49812614,105997577,204552977,395764570,798068764,1584148310,3163801554,6360854054
13224419,25785266,51669194,95330292,204285699,396377819,792609668,1586799296,3167658963,6359813901
13202242,25717366,49744802,103371023,204371796,393459627,791247144,1584910177,3176834482,6376766151
13213346,25728670,49717231,103557853,204431786,393800530,790403867,1583842244,3179447136,6360816312
13204998,25730463,50051214,95107367,204310387,396639214,792020043,1585976056,3164355327,6361280519
13196074,25748889,49747268,96433779,204436403,395415212,791270372,1586311140,3153894933,6354234263
13414837,25711482,49776644,104034694,204474482,395306492,790470793,1583414962,3162378254,6361242842
13327982,25738463,49778396,95476419,189615481,395246632,778966131,1586465057,3166648240,6360401458
13251370,25758709,49731010,103338367,204343852,396553111,776146200,1585158762,3163581168,6355308933
13218173,25727397,49746123,103498506,204251770,396320748,790296499,1583551691,3167692432,6362553183
13237845,25737266,51665420,95118611,204454315,389786841,790325015,1586372855,3189198307,6358789559
13207568,25719092,51631371,95574304,204316613,395273626,790363829,1582197458,3194098149,6360937778
13208383,25763838,49773638,103797939,204508386,388835646,791153910,1580602173,3204110337,6360446820
11934361,25745793,51674199,95505059,204408976,388712630,778318921,1586495295,3166169202,6359349775
11888478,25764270,51800958,95108505,204153060,389188831,791558536,1585466837,3163587972,6371945898
11894531,25740068,51409204,95095253,189661009,390049579,793979550,1567164993,3157607323,6361213305
11889733,25693884,52046126,95179223,204363532,395050643,791184238,1585973619,3161130531,6359640976
11891847,25715456,52058033,103389482,204442003,389901034,779465973,1586342888,3170922934,6355054430
11909194,25709109,52056434,103239328,204476896,392499280,790052846,1568241574,3165646747,6360931071
11888887,25699672,52034053,103289052,204306205,390934985,790314713,1586786356,3164780801,6362825177
11896155,25719191,52113773,95574446,204433248,389790925,794030732,1585376368,3165913647,6370789424
11885698,25724730,49792718,95482061,204239763,391239651,791160537,1584265920,3164606783,6364009541
11911173,25697502,49752296,103560723,189656947,390654042,790656594,1588512667,3147264539,6358600014
11912166,25722811,49775681,95098445,204375775,390679590,793530559,1586790314,3165032041,6359167595
11937548,25700435,52055905,95032593,204251865,397332509,783698654,1583629942,3164707679,6354903651
11917855,25747453,52042005,103290449,204372994,395297451,794397700,1589070461,3165401557,6395837677
11897229,25750259,52050697,103306078,204289610,393451874,794855933,1585291034,3162752699,6376941256
11896230,25879618,52031873,95223565,204429145,397453883,793662282,1584425191,3164422471,6358960322
11925184,25895488,52046535,95112278,204366579,396441697,793403106,1588353488,3165459785,6359361142
11922076,25890313,52057599,103397545,189604484,389782267,786971861,1585915491,3154801873,6391175425
11925103,25857093,49809013,95020327,204375156,397592361,789943480,1568694695,3164930857,6360765313
11923912,25859730,52066431,99349837,189630239,394382403,790809920,1589488793,3164160255,6397023246
11914141,25844468,52038631,103371476,204461386,395417440,783144075,1585765979,3165264705,6361620457
11944229,25901853,52001762,95102527,204354335,397884301,793522143,1584677699,3165059531,6360796676
11929877,25869362,51649932,103231071,189649779,397075550,790178144,1585800360,3165094006,6385697263
11923405,25864939,51678003,105011705,204313978,395717173,790166150,1585726171,3165481083,6360675525
11926162,25844415,51682734,103764296,204364831,397527107,791302940,1556959622,3165861930,6361114346
11928147,25873247,50836228,103625082,204507109,395508433,790697301,1586809222,3165477007,6359799063
11912063,25881702,51674938,103285226,204314830,390082083,793567352,1584919593,3156121513,6359371534
11933281,25904209,51722383,103322595,204587035,390568488,774828314,1583471641,3164993559,6342005348
11940838,25889968,49719944,94999362,204368103,395402778,790373404,1585974075,3144885325,6330311419
11919101,25866028,49709506,103296061,204325257,394637790,791116627,1585867124,3164227631,6339326492
11906349,25867047,52557776,103322632,204887497,389782356,785121429,1583594119,3153770977,6336509517
11911669,25851312,51690232,95007890,204863709,388772289,789939208,1586439494,3165170355,6337764757
11915459,25848073,51612981,103293324,189660200,396224700,790308932,1584754779,3165294222,6337970134
11921665,25893733,49722589,103299095,204240077,395314710,793484894,1583488683,3165309556,6335902668
11925337,25865205,51084543,103251568,204390848,395446516,785194240,1585669292,3162026054,6335824446
11968519,25870447,49955707,95160970,204370097,389935354,790315552,1585983472,3167317808,6331647829
11953650,25840040,49734782,103268639,204266234,391104710,791159322,1583636086,3165689207,6337067362
11920772,25833384,49714174,103272397,204537778,389213358,790532710,1586758769,3164976787,6340360637
11927540,25848226,50059719,103280568,204263751,395241724,791267522,1585083123,3146303763,6330779446
11951692,25827037,49750665,95072915,204378220,392502958,794239854,1583648780,3165108477,6331454859
11950044,25875480,49775001,103329829,204408305,395381053,794017593,1579917663,3165403384,6337728767
11920862,25869237,49832080,103316402,204275658,392021658,791004099,1580139833,3164290349,6334119999
11925493,25827266,51035368,103270161,204362716,390129989,788366597,1583129651,3146539930,6333863666
11933080,25903974,49719058,103237277,206703653,395358270,790245409,1586382210,3150972258,6340639582
11941111,25848225,51624594,103321809,204471051,393374229,784891353,1584756396,3165516324,6332951519
11938327,25835895,49709249,103312740,204276601,395497938,794025727,1584931804,3163591860,6332625786
11921869,25851305,51636765,103270125,204357970,395217975,781166556,1578654165,3164863329,6333707741
11949109,25867920,51665356,95071792,204406952,395499706,790072575,1585682745,3166953752,6333921749
11944975,25918606,51626837,103275972,204344794,395547334,788471182,1585123995,3164367921,6332734279
11931531,25904327,49399125,103300256,204654316,393524110,790121830,1585011817,3159718173,6342823283
11918534,25904533,49381948,95054350,204285708,396270045,785289414,1577917335,3163855017,6369487894
12171212,25883788,51679188,95076186,204368566,395400272,792967131,1585194271,3166696757,6340164676
12151888,25870605,51018396,103313137,204362230,397642462,791987481,1585437177,3163398099,6373770877
12147163,25868438,51203193,103319219,204252673,392054811,785068568,1572869948,3166373775,6343445732
12169861,25850338,51688411,95022187,204415588,391989227,780860657,1585108434,3163803067,6332281089
12162095,25825500,49724025,95035225,204415562,391902429,790469496,1574517118,3166311169,6328857405
12152812,25828316,51641552,103281854,204411780,390693101,793372334,1584852705,3163629548,6332750250
12665171,25863917,49742767,103331436,205064145,395452903,791352704,1585770657,3153502972,6330750662
12680846,25857160,49767260,103299824,204678871,397526531,790532659,1585423422,3163471461,6331788379
12729741,25879976,49715173,103659231,204525627,392171779,793518731,1584950102,3161205902,6332332343
12714531,25916634,51737351,103716654,204438337,395329341,772743340,1584881082,3163082548,6330329961
12702884,25936289,51017468,103760297,204628051,391071493,789973995,1585098051,3166702991,6332489668
12695740,25921310,47747051,95037731,204332198,396285794,790910689,1585119498,3163495421,6331741646
12731194,25857507,47725423,103766112,204599646,395405401,790595632,1585701380,3166215218,6329782383
12692020,25852550,47733602,103704981,204541566,397548200,793668796,1571054081,3162960445,6330870264
12728336,25846959,47694766,103762226,204302111,395320858,792169378,1585045402,3166513773,6331538222
12677971,25887527,47729975,95032354,204425178,403771423,795714883,1584889880,3162027891,6324752762
12710154,25862419,47736443,103758752,204532476,394955325,795206451,1584865381,3166107693,6337772352
12707246,25854736,47730764,103761114,204431838,395530932,783598956,1585433090,3165989880,6339954555
12727073,25861896,47730861,95286631,204302115,392388799,793518707,1585526599,3164629544,6332588941
12759223,25867519,51659842,95011458,204399368,395303824,790167034,1584828188,3165754921,6329219537
12698064,25874945,49714792,95057124,204474890,388924215,789943353,1585177055,3164911760,6329685456
12700939,25850067,51681724,95015162,189698673,394461540,791239529,1584959834,3165383704,6329639664
12746641,25857834,49762629,95117959,204576555,395385612,790302739,1581048696,3162847369,6329826839
12700028,25870133,51627328,95080148,204234835,397424238,793438510,1585363438,3165160924,6329502328
12693936,25844839,51679065,95115057,204355046,395426467,788793325,1584043535,3167069978,6331643563
12712408,25852564,49715996,103726073,204420484,389096924,790164414,1586240742,3158564635,6335524993
12704602,25855863,49751981,103769522,204320340,394074882,788584009,1585667672,3167311166,6330369850
12684446,25883197,49701318,103711773,191534352,395415460,790882104,1540231794,3164303877,6326093170
12685951,25899545,49767071,103302516,205928393,395478003,793544229,1589806074,3166400403,6332121234
12692380,25832434,48427867,103337483,204781707,395441984,779853221,1585455616,3162697636,6332770852
12698491,25852665,47708712,103325232,189774626,390861119,790095701,1583812445,3166526633,6332953466
12726807,25913265,47677961,103274824,204335960,396343312,804921097,1586050040,3162045030,6336484698
12699169,25880336,47676322,103314314,204458400,396392164,790726577,1576705650,3174208138,6330966472
12687881,25881437,47686717,103278152,204305077,392519054,793495467,1582833692,3165118750,6337402989
12703658,25878555,47767418,103302257,189579552,390418621,791428019,1587314849,3164687756,6331831176
12710254,25884696,47710716,103309460,204324934,388759432,790396299,1584864905,3165879317,6330343347
12723640,25961161,47702420,95096478,204379562,390390488,790322931,1583441347,3164405255,6332060011
12722511,25925874,48435506,103303520,190145309,388917185,757612123,1589128401,3147175811,6330235288
12710046,25918981,51640726,103401401,189876830,397401995,760110106,1585819817,3148008552,6330188758
12713056,25905862,49746138,95011153,189818825,395250877,759328854,1583230917,3164765964,6329767067
12718451,25872118,50056551,95029866,189728183,390839992,793448576,1589514748,3164918141,6330275495
12699509,25914688,49726752,103280419,189709410,393762398,757318984,1562826597,3165671905,6336798419
12683851,25876904,49694343,103328880,204530068,389775496,774363104,1584765062,3164510068,6330297406
12681462,25879348,51627242,94989251,204552037,397418896,803503510,1586037179,3165919547,6362476021
12710546,25876881,51640533,95066674,192263125,401445632,790308593,1586239664,3165110871,6344860301
12693655,25912957,51011072,94999145,205260580,388880366,802321585,1583602828,3165268649,6332864341
12721044,25874713,51662401,103307081,189968295,393323077,802501153,1589670222,3164394639,6393121730
12686574,25887850,51641575,103276168,189987451,390038980,801673606,1585648214,3165927268,6378841217
12696509,25910712,51614599,103275215,185924834,389168184,804773746,1584596210,3164530694,6332750354
12700246,26069726,51105388,103283253,205038548,395030483,803961312,1589264016,3165369937,6358643344
12704596,26001960,51611997,103297349,204485018,397419838,803640720,1586599443,3164750876,6358942243
12793624,25861054,51688219,103272460,204300519,392501561,810358375,1585478005,3164989800,6365138031
12733462,25863603,49680188,103293684,204941411,395504475,764672170,1582577490,3165119889,6360493650
12732478,25849159,49724217,95021838,206025694,391841988,760619071,1583928118,3164969903,6358119268
12716380,25881371,49686119,95065759,206233207,395035942,757342961,1586738723,3165121104,6359023049
12717905,25870081,49778215,103253602,204460074,389597347,757477944,1585617221,3164913571,6359689394
12735228,25892536,51630676,103283715,204439403,395316881,740613233,1584471633,3164897793,6328902473
12714913,25885701,49773154,95044102,204710750,395460661,752684657,1585668797,3166296339,6358012946
12727897,25899633,49734999,103253479,204492931,397545245,793344867,1568764920,3164734506,6354574583
12704320,25873210,49775393,95019534,205257720,396457924,802052431,1583996650,3147690381,6389241444
12704336,25890218,51660742,103333708,204999905,389933025,803272736,1587096280,3163844416,6358394698
12708496,25864336,51660763,103312760,204387206,393212061,810063512,1584995015,3165541035,6353473566
12720534,25874131,51644357,103265907,204668328,395365077,804082341,1584908489,3164652648,6360409214
12724887,25858570,51618465,95055359,204601140,391547840,793454417,1572574793,3165943023,6358104748
12707123,25914759,51626894,103301621,204555331,398620987,801738219,1585196509,3164934248,6358757237
12687722,25878987,51640698,103305747,204944721,389906095,801785359,1577430452,3165529439,6363166580
12775584,25864132,51623079,103333247,205092437,391231601,802658297,1582720517,3164999889,6360464246
12676672,25871946,49725551,95029454,204525572,390970669,801767961,1585700071,3165521225,6385429900
12786391,25864327,49756024,103451122,204561703,390252427,804830074,1585914613,3164478899,6358762481
12723667,25834160,51614153,103397384,204624974,396132521,801779220,1559837427,3165387238,6358139711
12670640,25849338,51625281,103287684,204854292,395386111,757406551,1587150157,3164956228,6358341430
12704127,25849664,51650345,103308195,205178168,390325031,802733449,1585183438,3165031388,6358140700
12703882,25888321,51020536,103341984,204791436,389689889,801848279,1584626782,3165014175,6362119408
12682369,25838466,49682148,103248719,204597787,390013278,793874875,1585963690,3165210211,6358142531
12686185,25832233,49704797,103303460,191889814,393434458,803882306,1585582950,3165157641,6358478946
12682761,25863013,51648880,103350650,204837672,392261730,790468322,1582962187,3165450418,6361322448
12690215,25887317,51662298,103370377,204760316,392035208,791020329,1589938446,3163033332,6358929377
12728919,25863735,49731019,96705417,204812284,395442029,791335761,1585319556,3169055090,6358842920
12710083,25873956,49723985,95616921,190287606,388735215,790147913,1572392765,3167187166,6353696338
12692039,25888754,51707631,103544991,205602281,394309884,793874879,1585923214,3164135552,6363617069
12722608,25836611,49400023,95048507,204471255,395351428,790890116,1579420745,3166236031,6385424036
12699153,25916883,49365831,103274862,199953834,391852174,790001612,1582688759,3163572853,6353602552
12692036,25917574,49428330,103316529,204846413,395375071,757240765,1589859873,3166781823,6366271645
12688872,25893950,49364732,103350244,205136375,395437301,790250735,1574458163,3163371941,6377966052
12698797,25838694,51628809,103401375,206025059,394093405,793796902,1583766056,3167487226,6359362848
12716411,25849010,49704992,103279519,205928267,395337571,794787593,1586072227,3163161090,6373757730
12732291,25840954,51588983,103333977,204458699,390168222,797540212,1585978249,3147705657,6375538472
12697798,26172855,51690513,95024633,205522074,395422769,790935120,1564354117,3163376145,6354923608
12716761,26109832,51939303,103280963,199069715,392063722,790009435,1587103429,3157632428,6370712674
12683772,25843398,51385010,103257703,206367634,395403599,792361961,1584964703,3162770737,6366030176
12722465,25865582,49753608,95123110,207012338,389771201,784029920,1583692674,3167409049,6329826528
12681446,25862475,49778139,103236526,201667271,397095371,790136785,1591040413,3163082024,6330369589
12741808,25857621,49729584,95046518,204712580,396775188,776905944,1573907814,3166940618,6329441214
12733856,25887347,49791715,103272456,204426151,392124310,789980477,1582876192,3163860539,6328812756
12701925,25862516,52021364,103304787,204380386,394725320,793329020,1586761938,3166762919,6324658260
12702685,25843281,52126078,103239715,197068578,395974844,790083409,1585154793,3162812684,6329788372
12693761,25836061,52062152,95067946,204417684,393881468,790172100,1585636312,3166325918,6331145229
12701315,25859384,52470785,95020470,204533399,404877125,791092863,1585234083,3162018259,6329212359
12693082,25897076,52080183,103260510,196976551,389813306,792559363,1585016185,3166247781,6331206461
12674677,25837991,52014178,103255972,204531940,394392843,794068892,1586268876,3164792127,6325293599
12710463,25889544,52045187,103293906,204536838,395538989,790875436,1586116458,3163008827,6330234811
12696505,25870310,49762003,103321504,205287905,388760430,790538284,1562204565,3164890182,6328869281
12700360,25851147,52041983,103340283,205386460,389978985,791482781,1589542165,3167171331,6325152759
12690627,25864515,52042036,103244150,204727502,389721618,791540342,1583510823,3163876252,6318847907
12702696,25862031,52018769,103283736,204356439,392276569,788647864,1584034785,3166892258,6331365062
12718147,25855242,52019727,103256713,197058890,395233104,794269320,1589389618,3140702860,6324280618
12690857,25839434,52022834,103285868,204404690,392066744,784492376,1576965593,3166913219,6330316186
12650819,25837518,52003417,95016943,204553744,395096104,790738854,1583381097,3164048680,6310693684
12684559,25849036,51632232,103359369,204531836,389699560,795875776,1589926705,3166443791,6328214150
12677127,25867259,49709794,103349103,204535326,392292237,802712927,1575829039,3163185132,6328553822
12701820,25860738,51615200,103246325,198385773,390281766,799954973,1584834989,3166430652,6332645083
12667905,25844628,49731067,103342627,204308965,389757780,792466712,1586195849,3163677495,6328427013
12716169,25847594,51685542,95064962,204435924,394224018,791069321,1585741864,3166817875,6328393667
12675007,25869915,51724312,95068835,204739063,392377665,790614535,1582814449,3163904476,6314727286
12691768,25906088,49753785,95079564,205006843,391841641,792756927,1589913569,3166061010,6325160534
12674384,25912345,49786840,95029559,197112271,395336073,791199664,1585268560,3163987011,6329150697
12683182,25843827,49702501,103336792,204340272,396307213,791101293,1576294421,3166570453,6328774845
12703181,25847357,49415557,95008262,204483405,394344226,790011824,1585980438,3162083753,6330147034
12676279,25847984,49374715,99173470,204365061,392351908,790235827,1585896126,3166571767,6329657412
12662395,25833219,51646200,103293012,204408788,396426908,789456489,1583252797,3165603896,6328374838
12678559,25855772,51658092,103387334,204572396,390198713,796408956,1587119566,3165059926,6328756234
12676417,25840993,51646226,103257691,196910547,397617812,786755047,1585159296,3166020232,6328290730
12690608,25903760,49693429,103326595,204535239,395563546,790535328,1583728551,3161863520,6329683625
12680706,25922550,49787868,103316901,204367572,389930914,792594065,1585976994,3164905713,6329336996
12685464,25941968,49779743,103315106,204370470,391396281,779547356,1585831892,3154932935,6329269983
12687177,25878920,51687232,103343218,196996602,395489526,790568597,1584607299,3163207384,6323588434
12684799,25864396,51624129,103319536,197066160,389398618,791651821,1587029856,3166867378,6330765301
12693242,25845896,51712431,103271842,197001669,394403950,791827180,1585008508,3163275886,6329261598
12682756,25862312,51634456,103454964,204326695,396755038,793751174,1580237145,3166953803,6328529903
12684392,25837169,49819659,103332651,204359725,392152996,787051533,1585833727,3162451216,6335348901
12700705,25863371,51685012,103316650,201174863,395782986,793479054,1585686362,3162507167,6337112046
12684824,25859946,49772258,103342919,204487885,389712073,794228244,1583803853,3164910368,6332787513
12694692,25867815,49760309,103361452,204610777,394060201,792479595,1567019379,3162998171,6320466195
12692651,25993083,51646879,103312346,204328509,389785848,794194810,1584963690,3164998832,6329466770
12678381,25929661,51626796,103297755,204320988,390485888,790404931,1571651035,3166394193,6329486948
12670232,25819952,51653171,95015316,204997902,389972196,812101762,1585863532,3162944297,6380014828
12710861,25857227,51680872,103312756,204562742,391029668,792888665,1586108203,3168440435,6493411611
12677298,25858913,49716884,95049138,205140754,396069671,791771277,1585013866,3163897482,6435770422
12701197,25860326,51695375,95081278,196969786,395422461,798863867,1585695445,3166005786,6379489378
12673735,25838560,49721097,95036382,204458594,392688402,798574405,1572613401,3164276210,6378800133
12693012,25882330,49723514,103310754,204350225,390732432,794481827,1586639932,3170578770,6428426452
12702481,25898621,51690773,103264159,195700479,388963772,795468526,1579390703,3161974316,6379462715
12668785,25866751,51670883,95007417,204431146,394416648,794755575,1586586686,3163699925,6379842290
12699433,25852466,51742100,95072443,204387123,389870523,775709532,1586938927,3165705105,6440189606
12676253,25858594,52582129,103296289,204571179,395427701,775752876,1586019170,3164349946,6330688730
12694086,25837017,49730993,95025800,204441208,399177664,792297244,1564808447,3165722391,6378954674
12715255,25832035,49795050,95079188,204385011,391070608,796876424,1590147611,3163755610,6379950160
12742238,25857438,49736937,94996773,204395211,392555232,803075698,1585435693,3165930922,6395342383
12734117,25874838,49754797,95015133,204264420,392136355,775446942,1583942759,3164204349,6463769263
12744819,25878183,52599284,103268332,204429007,396429054,783019922,1585957164,3166077291,6435369258
12719234,25887286,51660773,95065710,204423853,395506208,798862168,1586070752,3164288943,6419672220
12732760,25869565,51665626,103253189,204350326,397568714,794907101,1583766417,3164894077,6331004719
12737705,25906434,51660326,103286366,185400877,393282008,778487984,1586999399,3165231472,6379726262
12727791,25854918,49706228,103272424,204388196,395609220,784166293,1584920183,3165300702,6379135937
12695342,25913720,49734394,103314187,196985297,390937026,787041691,1584712466,3164823699,6437291082
12696827,25852725,51651641,95066484,204326391,396050889,787584315,1586285489,3165129903,6380563352
12702250,25863748,49750824,103350283,204690003,393372746,790384696,1586009443,3163155795,6308133770
12706119,25864553,50335374,103230696,204385147,395630775,790132489,1569780536,3173267499,6329341852
12735947,25895102,49722606,103299041,204374406,397593192,784034595,1586731924,3166919266,6341330827
12668655,25857555,49749613,103292131,204484081,396598099,786083036,1585360163,3163716688,6340241731
12731089,25884762,51634979,95073929,204324638,395547449,786498962,1584354298,3164233945,6341211493
12787924,25915017,49735996,95181490,204381285,392516295,785681389,1589024008,3163933200,6342059439
12690918,25911784,49694579,95103556,204427285,395472896,791436075,1587193222,3166581594,6341149899
