b16,b32,b64,b128,b256,b512,b1024,b2048,b4096,b8192,b16384,b32768,b65536,b131072,b262144,b524288
3795105659,3799658248,3875939484,3953622944,4104741155,3491399774,3793556170,3957397762,4096610127,3791674375,4089045786,3171753675,3319909576,3819946647,4247178255,4114018334
56926,72958,58263,52998,51485,57546,57267,51816,45135,54392,38040,40900,41253,43047,47008,41281
35139,38032,39134,38366,34866,38888,35662,42344,38714,46609,36713,40242,38357,44771,54635,66899
33525,36270,38070,33803,31813,34883,29898,32388,40833,44717,35031,38777,41451,39174,51929,746237
34101,34405,36562,31519,29761,32955,26119,29958,34080,43336,34039,38311,46431,41650,49688,112941
33573,31926,35720,32225,30328,28152,25354,28921,43345,45620,36656,39810,57500,37912,46262,117170
32885,31564,35072,31737,27951,25629,23025,24846,29526,43453,35088,39102,52883,39820,42986,61150
32932,31386,35114,42274,26720,24688,21852,28466,25738,43059,37859,48387,44303,37050,46110,391528
31474,31729,34123,30249,26281,23276,20907,24787,26939,44349,36332,38842,44535,39900,41689,53169
30880,30752,31840,28294,26541,22751,20339,25366,26109,88094,33898,39737,45408,40106,41322,169586
30775,30820,31563,28180,25266,21863,19582,24029,25325,50530,36519,37696,44368,39057,40800,69562
32267,30922,31592,28083,24343,21348,19058,21676,31672,60692,37760,36827,45194,39434,53440,48257
32044,31495,31721,26853,24220,22728,18589,26397,32463,46982,38671,37857,44522,41080,43631,87075
30897,28945,31266,26591,23825,18009,18950,30794,23836,45405,35120,39405,43290,39755,40811,38154
30801,28999,29535,26604,24329,22254,17605,22799,24041,44425,39163,36043,45051,40615,41514,48151
31458,29277,29890,26062,23562,19512,17606,37652,24386,45407,37065,39207,46417,39857,37386,37444
45878,28999,30367,25527,22565,16073,19642,24143,23916,40911,36343,47199,43258,40896,80407,48546
29401,28574,30124,25518,22368,16174,15662,54601,31748,43533,36074,37664,44608,37263,33854,38056
30006,29717,29850,24664,22393,15815,16446,24349,28198,41940,36856,44416,43550,40496,51021,36063
29418,29372,28028,24355,20987,15923,15061,26161,31016,43545,37046,37525,45234,37243,41188,38393
28658,27550,27784,24093,21677,15547,14365,24725,23445,42308,43309,40061,45172,40928,86366,42115
29185,27234,27800,23993,20502,15383,15121,19530,24062,43227,34630,38710,45468,43163,46807,83770
29108,27919,28367,23685,21478,15234,14677,27558,25591,41253,34218,37580,41540,39902,52148,55608
30142,41949,28498,23784,21199,14978,14636,22136,36078,43465,36197,37205,76281,39234,38231,53723
29526,28734,26450,22875,20063,15849,14485,25974,33231,44327,35265,36632,43153,43531,47156,39675
29700,27586,26585,22755,20171,15151,14454,24286,25448,46047,35901,38084,40214,45358,55029,54733
27649,27426,26549,22900,20264,15143,14507,23961,25573,44916,36183,37606,56150,44853,38137,48931
28024,27946,27326,21157,19612,14665,13983,28211,27798,46927,36783,38337,41649,59257,43933,58231
27249,26239,26501,21631,19101,14817,13942,22582,36030,46129,35527,37888,39367,72061,41367,77009
27543,25964,27004,21312,29159,14775,14085,24726,35302,43527,35050,49157,42420,44242,42105,51208
27425,26007,26543,21355,18351,14494,13069,23639,35055,44321,35869,37318,42354,40881,51066,47222
27520,26548,25361,21820,18559,14096,13741,21112,41466,45403,38388,38737,42570,39764,42799,93056
28516,26876,25300,21168,18764,14391,14259,27986,33426,46136,34952,35479,47060,39930,44790,40912
27217,26158,25270,20825,18473,14267,13416,21533,34495,44223,36517,36918,46043,40677,52442,111540
27602,26174,25282,21214,18142,16928,14086,30912,36304,44715,35205,37813,44106,39918,50138,64175
27355,26994,25778,20884,18041,16072,19568,28714,35699,42305,34433,37447,45115,39322,44511,46223
27331,26135,24519,19698,17627,16073,45902,23863,35511,44744,37595,38279,45914,38220,46617,55948
25773,24828,23676,20348,17330,21939,19327,28838,33919,46498,37056,38523,44779,38889,44531,48489
26379,24657,24516,19932,17112,22479,14128,23451,34578,46294,36350,38378,45211,39941,45448,75665
25264,24519,24427,19748,17230,15533,13677,25453,33322,48674,36548,43004,47394,39347,55293,55159
25830,24715,24405,20374,17249,20215,13347,24220,33822,45398,35837,36928,45139,49763,42791,60828
26171,24619,23988,19579,17073,15856,13298,23034,43578,46740,35654,38481,45082,38657,38076,48741
26066,25517,24387,19454,16991,14179,13927,28026,40323,43361,35943,39494,46689,41083,42522,36477
25643,24803,23185,19059,16352,13326,13824,24020,40307,45835,37613,39364,43545,39932,50509,68297
25822,24717,23213,19921,16498,13611,13872,25618,33702,44511,35562,37399,45322,49256,47608,52685
25968,24942,23359,18659,16361,14584,13208,29842,34163,45428,35704,37862,46949,37297,45147,40406
25349,35132,23095,26199,16496,14938,13857,30272,41268,44126,35559,38551,45368,37013,47784,49925
27112,25160,23549,18792,16223,16336,13353,26731,37134,58119,36008,37791,47005,49013,45777,52840
25934,24234,22847,19115,15724,15144,13845,20882,48226,44815,36515,38562,45103,37939,52021,92547
24388,24816,21947,18216,15907,14735,13555,22758,35141,45986,36415,39693,45043,41411,46464,212814
24833,24082,22272,18016,15949,14053,15281,24950,34840,48899,35483,37759,46365,73299,47633,60718
24993,23618,22058,18097,25009,14096,13758,21075,36884,43386,35673,37904,45781,48733,40559,47920
24359,24309,22056,18220,15847,16867,13514,27858,33929,42680,38074,37666,45432,46562,40932,39209
25891,24410,22576,18303,15685,15183,14742,34977,35874,46043,37755,40063,44284,44434,42224,52640
24873,24862,22263,18238,15600,14856,13606,34082,35477,53783,35076,37240,43603,49576,43393,82188
24691,23764,22650,22931,15495,14423,13964,39590,31492,43111,34927,40983,45540,46217,53403,37216
24744,23498,21362,19271,15380,15139,13335,23109,30986,43606,35095,36705,44516,48424,48074,39820
24352,23755,21256,25120,15312,14402,13819,25840,31828,44028,36969,39397,45732,44038,44634,47568
24719,24111,20990,19219,15378,14101,13422,22955,29881,57055,36510,40344,43164,49660,42745,36768
24710,24000,21633,18484,15291,14443,13590,24567,40181,41971,37466,40913,44382,44081,44020,63640
24708,23868,21196,15346,14815,14003,16359,34853,32903,45598,41523,39104,50681,42292,39482,47978
23159,23843,21149,15212,15280,14214,16688,21876,26878,45845,36667,39002,47219,39225,46486,60052
23154,23945,21220,16147,14892,15432,16014,27005,25465,45543,36516,37990,45514,39339,40459,40847
23267,24101,20945,15674,14791,13925,14199,22626,24119,46464,36207,38394,45443,42846,42322,53517
23109,24017,20574,15574,15033,14128,12376,32445,24760,42366,43455,37899,45100,46848,54686,47876
24266,22677,20077,15338,16950,14093,14150,30266,29038,44239,35338,37680,44193,39082,39342,47790
23515,21958,20447,15689,15059,14263,14707,35636,29892,46411,35329,36693,44632,47073,82106,42725
23830,21954,20525,21634,14901,15539,12941,37495,32741,45397,37264,38282,44156,47844,35525,65025
23525,21920,20255,15405,15584,15719,13813,31359,30659,44139,58291,37900,42785,42753,60337,51778
23316,21848,20435,15444,14759,13138,13078,35537,24806,44130,54779,43138,45192,46019,50717,56645
23765,22657,20651,15360,14973,13150,12848,37993,27426,46710,45087,36986,44675,45874,43096,45769
23759,21776,19896,15071,15081,14464,29401,40254,36504,45366,43555,38968,51511,42741,40628,74538
23166,21598,19816,15146,15391,14106,17445,34269,39956,44658,42959,38028,44175,44989,41933,61607
23332,21793,26060,15838,15275,12948,15327,38059,30306,48785,42955,39422,44620,41728,36515,56928
22018,21960,19453,15780,15331,14154,14627,37821,30502,43526,43142,37255,45500,44885,35245,47521
22192,21576,18352,14569,15310,20643,14302,36647,28740,43873,43395,39506,45334,45398,37477,55883
21729,20879,17790,15242,15540,14385,14046,39901,28540,45506,44170,37540,43369,46829,33990,46135
22393,21034,18085,14781,15236,14557,13594,40217,36030,58364,42583,36886,44876,49406,42229,50185
23540,20973,17431,15275,15554,13272,12679,38297,33887,44368,45053,38216,45315,46008,38326,51277
22568,20614,18203,14958,15337,12815,16613,37151,29626,45819,42661,53846,46147,45746,36054,47054
21845,20758,17744,14911,15292,13065,12578,38320,26632,44077,44692,36731,45512,39259,52044,54933
21998,20693,18036,15225,15167,21562,13586,37369,23008,44188,43201,37919,45059,47092,36150,672837
22692,20744,17722,14508,15601,14301,12570,37510,24247,44596,44729,36621,43590,43846,35664,112753
22498,20373,14172,14547,15424,12898,13754,34503,34040,44049,45169,38030,45794,46990,35909,34073
31555,20103,14334,14719,15581,13871,12552,35910,34040,46855,44180,35126,43570,47223,36804,40931
22830,19841,14295,14419,15444,13776,14689,31896,42129,45219,44821,39331,45643,45751,36859,47449
22321,20323,14031,14749,14885,13933,14452,27990,36955,48999,56210,36204,45129,42378,42906,35060
21461,20175,14329,15074,15897,13238,23181,30707,35864,44174,49223,39323,44703,43427,35998,50188
21971,19922,14645,15031,14864,14189,14516,25199,42325,44690,49035,36747,43913,37487,35278,42152
31898,20010,14370,14686,14885,12738,13739,37445,35134,47726,54136,37479,44380,39831,36552,36224
22005,20047,14146,14851,15915,13910,13574,33890,41245,44506,41840,37864,45915,52778,42449,43252
22252,19997,14253,14907,15148,12908,13181,25581,35498,43192,41370,38890,45055,43461,36735,59920
21812,20168,14036,15615,14904,13137,16165,30586,34576,49289,42676,39075,43590,49035,35321,45633
22112,20350,14259,15008,15436,14107,14528,34961,37040,43564,42221,36782,45008,46001,35317,43381
21251,21285,13906,15691,15430,14218,14824,37060,35891,47275,41617,36248,44287,49711,43865,46577
21615,20462,14654,18710,14992,14557,15253,28354,35938,48637,42483,37741,43844,41326,66323,44486
21810,19763,14199,16488,16001,13057,14710,24263,33692,44095,42201,38453,47096,41956,37013,49195
21354,20038,14268,16150,15218,14069,14855,29438,34821,45864,41789,38448,45788,43033,37622,67273
21121,19900,14532,15861,15478,12898,15072,25217,35568,44987,42209,40224,45769,45333,34361,51556
21269,19708,14226,15245,15337,13875,15809,28105,36383,45823,41509,38721,47866,43442,37284,67255
21402,19721,14170,16153,15508,14194,14505,28496,37155,45253,40733,37442,56115,41168,51535,47587
20722,19323,14185,15731,15142,13039,14778,23818,35715,47500,43507,37535,40721,42867,37771,50880
20636,19433,14334,13926,15698,12832,17128,27268,42167,42565,42169,37369,52952,47363,47274,107456
32140,19363,14238,14245,15252,20394,16598,23299,35625,45501,42207,38523,45115,45161,36280,49522
20096,19524,13907,14103,15298,14396,16141,26620,32412,45335,42014,40398,53647,43889,35971,54115
20692,19317,13965,14050,15429,14324,14728,26269,35459,45057,42203,40313,56094,43767,54178,56524
20646,23464,14256,13942,15359,14489,16512,35979,36579,45558,39687,36984,53098,44305,35591,97540
20804,20798,13903,13464,15217,14179,19007,35307,35847,42338,43271,39272,54394,49959,37842,36023
19939,20411,13900,13871,15533,13000,16429,25065,42742,46557,42418,37565,41116,36168,37432,44496
20578,19326,19819,14024,14970,13325,15890,29466,36036,45367,42588,39617,38521,42152,34274,59498
20372,19115,13837,13923,15453,13104,15941,29628,35946,48925,41766,37523,40286,38862,42232,123785
20127,16280,13889,14014,15221,13104,16183,30244,28379,44727,43470,39924,44255,45830,39405,50981
20358,15993,14000,14003,15099,14188,16377,36699,26116,59144,40943,39057,52263,43716,35944,42757
18507,16105,13854,13699,14860,14176,14840,36903,31437,44420,41422,37964,48085,45998,36756,40691
18242,16584,13651,14532,15441,14348,14980,37091,28464,42187,42575,36711,49067,40519,35294,78235
17802,16597,13690,33767,15116,13344,15273,35883,25328,50196,41965,38149,57067,54521,36076,42532
17618,16096,13551,16367,15187,14069,15189,35266,27250,55012,42736,37162,53844,42352,40344,35470
16839,16124,13906,15252,15411,14291,14703,39186,25673,44335,42606,40396,53045,37942,36271,36075
17747,16420,13668,14332,15701,13267,16442,36177,26308,41072,42571,44173,53947,45721,36601,42708
17768,16299,14062,14552,15306,14304,14757,37671,32192,42697,41112,38981,45892,44521,42685,43241
18145,16244,14054,14565,15219,13078,14656,37706,39044,43995,40619,38418,52797,43835,35507,49832
18121,16003,14323,14506,15143,13113,14869,38149,26982,41233,41901,38025,52917,42059,86934,46861
17961,15943,13974,15270,15228,14144,15723,37655,26649,46973,40225,38936,53071,45832,41236,79708
17784,16094,14165,14213,15095,14368,15962,52018,37086,42928,42144,38394,49074,40031,53196,59752
17473,16330,14370,14477,15144,14318,16070,36546,26634,42551,41502,36161,45155,48056,48933,55262
17813,21345,14509,14897,15098,13068,17239,38607,43356,42706,41825,39029,59456,39643,40872,56583
17227,20098,13852,14197,15320,12853,15063,35993,31690,42260,42565,36721,46620,39411,51030,54632
17700,19050,14099,13940,15516,13887,15129,36919,25396,41930,42707,40739,45090,40559,86502,56796
17690,19165,13954,14227,14927,14476,14840,35027,23974,44047,39787,37511,44353,40075,39209,44437
17410,18780,14551,14134,14825,13959,16039,44287,38411,41281,41208,37625,53360,41604,47148,59919
17859,18568,14609,14186,15296,14457,14690,36774,34941,42859,36670,37754,45932,38485,42001,57121
17782,18916,13811,14552,15521,13947,15260,35630,34067,44766,36013,38713,45696,42975,52971,53011
18203,19325,14077,14414,15769,14004,16156,37248,34063,44401,36856,43739,43580,40116,44596,62740
17801,19053,14263,14857,22444,14080,15368,44227,31582,43914,37646,40293,42179,40646,40851,50056
16890,19176,14119,13825,14945,12762,25981,37349,29466,43687,38007,38635,60838,59347,75614,48740
17109,36559,13730,14014,15134,13936,16076,36984,28196,42969,36689,38996,53233,41632,39289,63571
17006,19843,13738,17047,15644,14130,14842,35535,26872,42946,36974,38496,50946,57834,43351,60866
17463,19055,13817,14187,15190,14177,16278,37689,33604,43163,36812,37872,52743,42912,43537,52296
17499,18942,14017,14312,15633,13417,16150,36559,40961,44954,35500,38232,54007,46629,41435,39047
17520,18884,14159,13756,15193,13094,14650,36530,41300,44157,35036,40358,54773,48691,39296,52591
17703,18901,14188,15217,15375,13774,16256,35509,50442,44270,36048,36546,49827,44114,42264,136996
17945,19490,14084,14742,14556,13877,14942,30090,45896,42664,36750,39047,55996,46093,44199,108535
16908,19191,13548,14790,15201,13009,14495,33385,42327,43562,35664,39858,61709,58723,55869,51232
17076,19157,14031,14513,15181,14189,15598,27375,42364,43484,39347,39902,55245,43413,36226,42148
16839,19413,13649,15087,22444,13091,16143,36726,40980,44893,36269,41162,54566,58607,697320,159292
17036,19020,13860,14577,15161,14163,15073,33046,40397,42669,38137,38319,54691,50208,41311,43206
17215,18790,13530,14699,15488,14080,30827,24680,43236,42821,36422,36390,46867,43386,48422,62327
16931,18497,13951,15084,14855,14960,20756,33313,43387,43647,37865,39224,56917,46490,92292,41264
17162,26805,14016,14375,14934,14760,25377,25620,41021,44539,39304,36885,46670,63891,37476,44610
17020,15399,13688,14470,16769,16212,25833,28563,42603,42322,36134,39454,46691,44481,41547,47324
17370,15103,13866,14614,14898,14749,16207,29787,55369,46250,38384,38180,43176,46070,34558,34075
16628,14927,13717,14785,15274,14784,15697,26117,41720,44047,36728,39140,44757,51499,36086,44513
16498,15077,13929,14760,15298,14875,15334,31504,42058,42933,36104,38038,45800,45580,42858,35712
16395,15138,14153,16382,15646,14824,15331,26048,44420,42367,38162,41576,44523,41287,74326,47960
16193,14977,13800,14822,14862,14970,15076,28744,40921,49061,36180,37196,44697,50568,93184,36343
16204,14894,13614,18457,15125,14658,14475,29187,41636,42341,35264,38402,55775,42135,36823,663174
16727,14920,13418,17017,15114,14810,14865,34158,41462,42833,37283,40699,54380,39329,36495,37850
16256,15149,13851,22508,15650,15059,14694,27911,52431,46375,37591,38737,52492,46821,35934,36965
16957,14889,13473,15987,15106,15222,15120,25608,43262,44614,35889,38564,46973,40951,35156,42769
16710,22423,13639,14595,15314,14812,14876,28823,43600,45987,37571,41890,43777,45556,36742,41646
16638,14811,13547,14125,15488,15339,15057,37984,41270,44867,37806,39318,44912,35769,35964,72166
16923,14903,13800,14164,15124,14670,14371,29937,41269,43929,39423,39176,43223,46401,39064,105781
16472,14936,14221,14356,15382,15527,14896,33949,43307,45437,45138,39458,53360,41054,36633,56613
16912,14664,13611,14252,15091,14347,14957,28251,42446,43171,35058,39282,52948,39451,47582,59296
17020,15062,13634,14038,15215,14268,15314,32064,43270,43965,37687,37226,54767,40744,36015,104333
25851,15241,13581,14142,15189,14132,15453,29822,41572,45535,36009,40114,51675,40540,36273,44592
17381,15106,13735,14675,15547,14068,15184,32751,39771,42921,37745,38479,57735,37126,37953,49743
17964,15161,13758,14216,15360,14309,22313,38565,37302,43682,38801,39999,44973,45693,35736,59446
16997,14609,13590,14306,189257,14103,18633,37107,30516,45065,36774,39067,44811,45562,37206,340005
17266,14735,13870,14475,15456,14409,16300,36979,34217,45371,36880,38438,54865,40363,69317,48096
17514,15516,13407,14311,15266,14085,16278,37346,28420,44056,37489,38449,52570,40039,40247,154658
16854,14980,13687,14475,14952,15548,14805,37143,27596,44213,36589,36612,55360,68861,36743,138047
16796,14310,13517,13590,14806,15749,15903,40412,29740,44031,35739,37729,52005,43175,37704,52727
16715,15253,19542,14246,15144,14056,16270,39132,36770,44956,36375,38295,44935,47024,37254,51540
16724,14828,14026,14491,14619,14523,16327,38286,35057,44702,36288,37977,52416,37943,36591,73503
16461,14879,13518,15147,15055,15650,16292,35804,41056,44315,35606,40089,56018,38617,36916,50809
16805,14644,13503,14892,15365,14206,16367,46068,38042,43481,37044,36828,47843,39297,36596,141851
16683,14969,13765,14662,15201,14342,15002,50581,28963,45262,38140,39441,44274,37715,44531,50367
16014,14642,13970,33023,15240,14036,15190,40380,31339,42802,36647,40558,44105,37922,36992,60802
16333,14545,13753,15382,15354,14250,16369,39218,37677,45133,37545,37746,51054,41019,35050,61868
15993,14863,13858,14341,24025,15444,16139,40607,44341,44568,37837,38508,43282,38285,33465,52299
16365,14809,13390,14810,15074,14232,16431,40093,48934,42191,38450,39715,39067,38074,35941,249328
16270,14293,13708,14993,14944,14075,16098,39398,28728,47166,36771,38107,38934,39841,36613,44266
16263,14718,13533,15206,15554,14117,14655,38880,28119,43265,38185,37364,39588,38064,42633,45222
16123,14583,13384,14072,15282,13850,16364,40844,28957,43194,38518,41306,39523,40406,36768,46082
16072,14696,13607,14353,16286,13741,25155,39959,41342,46116,37804,38613,39884,44335,36635,596995
16344,14704,18383,14553,15146,13418,16853,37633,34104,43151,38499,37619,37605,44498,36157,42538
16126,15191,14181,14364,15463,13643,22183,40064,30507,43779,37214,38221,39944,45026,37217,48303
16891,15991,13864,14541,15883,12584,16082,42448,30588,44109,37123,36826,41018,43529,37305,42835
16370,15427,13592,14297,16466,12331,16101,38547,29445,43351,36622,41278,38249,45941,47753,44158
16480,15097,13185,14060,15088,13579,16272,39864,29353,47105,44500,36838,40466,39450,36257,51148
15563,15627,13586,15081,15384,13580,16187,38756,37668,43595,37148,38561,39293,43213,43910,49134
15801,14847,13843,14255,15165,12386,16403,39927,34132,42920,37279,40544,38472,48727,41807,89641
15437,15599,13895,14310,15663,13661,16704,50057,29842,43957,36778,39699,37861,46784,37456,42899
15872,15763,13231,15154,15144,13892,14452,37923,38780,42934,36693,39015,38574,41878,33818,52656
15381,15227,13348,14162,15418,13082,15352,35706,43208,41745,36216,38150,39882,38432,37431,63148
15853,16036,13231,13532,15462,12362,16484,27434,41775,42900,35942,38592,40129,39438,36594,97996
15456,15894,13795,16615,15313,12232,16251,41443,42273,46644,46204,39171,39635,38188,79545,45987
15477,20769,13260,16714,14535,12705,16303,30625,57041,44181,35925,38288,39343,42061,38590,48791
15917,15860,13522,16386,15228,13340,16730,33527,43216,47083,35931,38715,39666,37863,35816,59617
15474,15074,13257,16659,15353,12424,16173,33109,43652,44853,39211,39251,40390,60927,36886,65127
15767,15822,13739,16602,15212,12047,16212,27425,43183,44768,38374,37659,38517,40755,37128,106389
15777,14933,13375,16531,15677,12275,15960,32325,42546,42150,35722,36257,38197,36723,36565,52599
15917,14789,13667,15822,14864,19351,16433,28233,38695,41160,36868,40075,71796,47849,36949,58839
15731,14211,13218,16066,15128,12388,16233,30248,40074,42328,44812,39444,58200,43028,38111,97434
15525,14893,16616,17052,15198,12796,15757,30861,41561,45494,36803,40315,60805,38237,36041,65924
15590,14701,13335,16146,15285,12313,14705,32671,40538,45007,36100,38061,53523,52100,36229,42760
16185,14818,13529,16262,14571,13791,27368,34462,42236,44570,39251,38152,55075,41499,36344,48631
15562,14615,13783,16236,15676,13728,16413,27314,40974,44499,36545,37475,54079,56767,43321,482381
15941,15064,13771,15846,15070,12646,16053,31041,41422,47441,37937,38958,52265,40223,45229,51112
15619,14965,13930,15837,15270,13796,14995,31225,46980,43417,38251,38788,48401,40813,38652,53562
15427,15455,13896,15723,15510,13778,16740,27023,42488,43919,40143,40345,39657,37915,39941,60884
15792,14538,13909,15686,14633,13312,18613,33750,43095,44001,36147,38475,39190,45013,41508,57900
15304,15479,14069,15373,14776,13751,16373,27882,43125,44663,38140,38861,71439,39025,36056,52327
15795,14612,13420,15544,15147,12631,17612,39591,41228,41946,36249,38583,37833,47837,33473,43448
15445,15229,13529,14640,15524,13656,15769,31139,42554,45438,37904,37658,38143,39070,44098,91971
15138,15276,13640,14842,14596,12247,17201,37021,41349,43875,39021,37714,39785,59184,40162,46210
15102,14437,13933,15295,15270,13623,22695,38973,50019,46849,37087,39042,47032,38883,40097,61930
14985,14639,13829,14636,16625,13203,15217,29126,41536,44513,36644,39152,40422,57184,38698,48182
15345,14536,13829,15195,15228,12445,22292,30296,47595,43702,68370,40108,39549,41000,46411,58240
15196,14469,13296,15075,14665,12304,26999,31906,42314,46465,59669,39247,64866,40780,49393,51437
15258,14889,13583,15807,15639,13416,18445,27271,45827,44210,37204,39066,52827,37979,43164,54481
15130,17183,13597,14648,15183,12524,16069,34346,34328,44136,36930,37684,47662,40425,51019,45501
15395,25137,13765,14565,15741,13348,14412,33749,34005,44214,37260,40559,45888,36764,43075,36116
14625,15128,13373,14501,15193,13765,14213,37846,40799,43421,36653,91180,46159,38301,55733,42328
15280,14933,20750,14828,15487,14001,22214,39154,30913,43999,37361,39142,45077,45746,45132,39037
14926,14927,13089,14908,14715,14572,14236,38394,32837,42305,37475,37858,45111,36822,41236,53144
15446,14770,13851,15002,15613,14647,13739,39005,38106,44719,37557,37942,55077,44892,42496,36155
14806,15614,13269,14574,14977,14126,14466,41105,34747,44292,36899,37756,45132,45135,45519,336969
15604,15637,13353,14421,15266,14102,14080,37687,37513,43812,35957,38480,46358,346620,41974,39492
14918,14983,13229,14845,15204,14053,12852,40419,32658,41166,37256,37030,43268,43314,40774,44266
14867,14757,13416,14161,14720,14029,13942,38069,32199,45968,36891,38713,42339,45289,41252,84928
14543,14801,13458,15339,14489,14101,13839,53256,37431,54320,34696,55082,55840,42357,40812,35434
15206,14883,13491,14636,14726,14110,13840,38858,39616,43852,37059,42264,53819,40936,52954,40893
14896,15393,13605,13972,15846,14339,14038,38524,36417,44259,37816,37928,42082,39119,42058,424881
15174,14970,13468,14219,14497,14129,12476,51961,32434,45253,37777,53265,57047,40996,43472,49158
14740,15384,13497,14116,14615,13668,12670,39504,34603,42963,43563,45919,38592,37608,41357,58826
14966,15510,13300,14405,15081,12509,13897,39338,32175,44340,35491,38589,247647,44874,41590,59304
14748,15629,13133,14376,15706,12558,14142,36647,37003,43835,35486,38680,40786,44307,43705,51401
14912,16095,13644,14342,15080,13177,14130,37283,39518,44093,37839,37704,41426,44447,49297,44178
14586,13840,13356,14424,15200,13760,14412,39074,43001,45101,37011,35488,45512,45429,38365,73092
14741,15486,13238,14235,14595,12568,13814,38691,32357,44667,36356,38496,45227,44286,41541,45371
14765,14867,13411,14105,14884,12446,13735,41086,32103,46698,35621,39391,45214,43142,42353,46402
14526,15283,13239,13786,14973,12539,13752,39134,41428,44801,37439,38559,90259,47768,43118,49440
14806,15136,13256,13581,14535,13935,14177,38362,31473,46985,34608,43796,43241,44676,42757,62802
14601,15166,13055,13802,15376,13630,14183,42910,37972,44121,38545,37567,43990,49508,41602,46880
15091,13810,13379,13739,14587,12392,14419,39075,35384,43627,34443,37566,38627,51328,47153,45897
14658,15143,13347,13983,15403,13710,14011,52699,36952,45837,37833,37852,263395,46629,45942,38938
15176,15088,13286,13610,15244,14029,14315,50041,37279,43505,38501,38292,38607,368503,49755,50945
14952,14259,13910,13619,15075,14093,14336,49356,32212,46464,37122,39675,42757,43910,43484,59330
15199,21380,22113,13814,15396,14492,12693,37412,44590,44400,42888,38153,40288,43678,39866,44512
15148,15039,13171,13527,15042,14269,14226,38113,44206,46687,37036,38844,42243,44148,43066,108267
15259,14986,13534,13545,15275,14133,13915,37254,55669,55019,35697,38427,40001,46767,40936,53445
14950,15136,13433,13305,14974,14139,14284,28474,45446,45270,37809,41233,40876,45866,86267,78984
15628,15160,13518,13122,15292,15559,14007,33219,38559,45342,36946,36350,40297,42113,40713,167635
15010,15333,13747,13499,15949,13899,14411,29425,41683,44422,35195,38495,40874,43852,39935,57214
15162,15188,13244,13496,15459,15801,14037,26683,41674,42725,35261,39655,46894,47413,41371,49963
14780,15287,13243,13022,14687,13953,15044,31165,44633,44532,36769,44345,40131,40735,43404,59235
15171,23649,13482,13089,15186,13961,12747,26377,43848,45667,44247,39880,42631,44547,45969,91907
14841,15457,13260,12849,15286,22274,18553,27530,42277,42968,38536,38815,40304,41846,42821,43996
15272,15334,13181,12966,14571,12234,14050,29476,41213,46270,38412,37444,42358,41377,39825,52178
14773,15370,13374,13180,14585,13487,14060,27271,49657,43543,35036,45743,40092,51965,41891,50542
14757,15813,13308,12556,15287,12146,14158,32149,43793,44304,36949,36635,39782,47193,41493,126951
14618,15685,13255,12736,14792,13623,13855,27171,44572,43889,37351,40958,42106,49307,40983,39013
14348,14031,13527,12486,15177,12242,13987,29979,43439,44482,36961,38308,40143,43907,47895,201909
14318,15177,13557,12519,15129,13567,13888,31547,42909,45562,36984,36263,39520,40627,42567,53670
14424,14885,13267,12567,14316,13652,14412,27401,59673,42919,44153,37550,39565,39323,43076,62205
14173,15166,13691,12808,15125,13335,12861,31032,41989,48347,37702,38510,39592,39598,40615,53307
14511,18048,12830,13164,14631,12301,13203,25274,42225,43725,35978,36909,39372,50824,42072,50600
23476,15754,13382,12226,15385,13644,14240,28093,41918,44043,37093,79216,39659,39723,59517,58134
14324,14428,13089,12529,15198,13370,13734,28769,41914,46392,36481,38468,37955,40709,40631,228052
20878,15146,13276,12339,15579,14068,13962,37012,43049,46729,37700,39941,38710,37381,41129,50340
14223,14642,13041,12184,15154,14338,14379,38440,42943,43494,36902,39787,40293,38767,40081,152719
14234,14825,13141,12489,22017,14026,18751,28659,47106,42993,35597,38995,37875,37904,54395,50362
13860,15155,13467,12277,15043,37936,14264,31642,43103,44900,36888,36363,43966,36779,41949,63878
13798,15040,13222,12274,15172,22143,14307,30005,38871,44469,37121,37632,47078,34826,41141,50865
13846,14273,13740,12249,15462,18335,13120,25725,57220,46477,36808,38096,40183,37888,41861,57178
13783,17446,13134,12369,15442,15258,13247,41748,41345,43646,36463,40180,37093,46842,42166,66085
14000,14836,13567,12718,15767,15659,14512,34438,35269,44422,36499,43186,37241,43249,48456,100502
21912,14953,13695,13236,14971,16660,14365,37152,40311,43671,37165,37280,38010,65018,41706,52975
14212,14054,12764,12610,14703,14697,14099,38285,51999,45953,36076,38342,38387,44364,41429,58810
14184,14743,13101,12771,15629,14655,14924,50302,30427,42718,39070,40218,40114,42886,41139,104806
14274,15674,13390,12697,15098,14240,14368,37420,44673,45221,39311,39064,37141,45150,42103,50336
14132,13563,13381,12790,15377,14271,14402,38316,34660,46995,43982,38794,37898,41881,70720,212289
14165,15373,13291,12915,15181,14249,12744,40650,31371,42898,37223,36912,40256,40170,45521,52525
13909,14830,13249,12950,15233,14592,12815,53199,28353,43720,37706,39041,38899,47453,41344,102955
13981,14697,13373,12632,21466,14524,14190,38616,28511,41496,36136,39502,38300,46045,39533,50679
13815,13272,13071,12638,14368,14140,14236,40019,46524,44171,36911,39504,39192,44929,43344,53096
13868,14777,13294,12774,15141,14172,13960,39665,34882,43862,36500,37886,36907,57768,382258,62224
13946,13500,13973,12597,15076,14220,13713,39821,30086,45361,36210,38479,41019,44294,37536,40766
14022,13494,13076,12478,15038,15428,14204,39923,31559,43906,36161,37603,39702,43062,58605,56257
13855,14896,22041,12657,14988,14109,13094,36221,43741,44998,37980,37503,40362,41484,40706,148622
13916,13600,13567,12964,15424,14034,13216,39954,32384,43399,45540,39593,39082,44218,42543,52025
14385,21125,13544,12697,15338,14542,13850,39315,41340,43136,36539,38194,55088,42261,44617,58006
13997,14782,13457,12899,15528,15514,13845,40994,33131,42865,37328,37172,43043,40821,41252,47530
14354,17733,13468,12800,15194,14253,12678,39822,29117,46325,37384,37072,60622,42898,46295,48413
14019,15979,13133,12600,14623,15432,13341,39887,37193,44027,37219,40943,40753,40823,35857,58777
20737,15387,14082,13287,15274,14312,30395,40464,30433,44735,68701,37949,38730,43153,71891,361979
13581,14838,13207,12729,14920,15763,21401,39884,29618,47559,41223,36563,41683,43297,38018,37790
19735,15349,13151,12870,14592,14723,18694,41484,36392,42703,36463,37686,43309,41545,36287,53945
14060,15127,13455,12932,14880,14404,18211,38402,34139,44271,43525,44439,45297,44920,50266,54046
13576,35364,13325,12978,15403,14234,16254,39751,31231,46248,39182,75814,45439,47088,79548,110972
13615,15234,13745,12396,14559,14238,15225,37378,30024,47354,36888,38134,46640,42768,377718,58509
13786,15178,13302,12868,14864,13912,14985,36651,28649,44227,35351,38067,45743,50577,43464,46734
13853,14626,13053,13206,15352,14250,15214,38712,31925,49391,37103,37694,43304,43303,42146,111034
13498,15039,13381,12933,14860,14279,13606,39265,43269,44623,36349,36725,72346,39347,41132,48989
13602,14673,13417,13188,15526,14296,14534,31064,44048,45620,35656,36424,46775,44865,57725,73024
13484,15097,13397,12841,15319,14302,14325,39095,42739,47305,37764,45249,44213,40124,51702,43439
13888,14650,13302,13165,14428,14415,14192,30174,45003,54894,37904,37928,45360,44723,42554,47263
13637,15162,13565,12994,15332,14388,13782,31200,42262,42913,44141,39625,44724,44801,42409,54631
14012,14893,13151,12673,15371,14155,12942,29712,56671,43981,35177,35759,47038,42750,52545,136954
13392,14795,13115,13178,15427,15761,13438,26501,45862,42880,36796,39043,44286,44401,57794,46489
13775,14952,13344,13032,15409,14120,12808,34723,45603,43788,36542,37919,44781,43645,53260,131777
13284,15016,13250,13059,15079,14202,12928,27461,42098,45199,37546,40365,42801,44065,50294,49021
13985,15133,13135,12970,15166,14199,12986,30002,43396,42503,37088,35798,44263,44535,82456,65413
13838,17846,13132,13423,15413,14429,13903,30578,42550,45662,35284,38451,43960,41808,46844,53557
13811,15605,13374,13486,15008,14170,13874,29043,42850,44341,35464,37695,43477,45818,51201,47735
13529,15356,13010,13161,14891,14471,15049,33388,42417,45486,36247,39962,46768,42875,87114,62126
13772,15225,13613,13010,15204,14338,14027,29256,44022,45195,35784,40160,45301,41474,42479,78572
14021,14036,13191,13129,15296,14085,13339,30149,42271,43909,34297,39525,55088,41957,41403,49292
13376,14856,13408,13376,15157,14180,14244,31385,44657,43471,37918,37508,55050,40299,41545,59394
12842,14760,13456,12780,14418,14504,12917,25370,41790,45289,36898,38511,56630,40893,50256,53075
13284,13987,13238,12736,15403,14755,13129,33477,41124,44357,36201,38004,42869,44187,79385,73079
13239,15039,13213,13245,14570,14147,14162,28534,42460,45169,37329,38573,42208,41615,51109,45639
13320,13725,13560,13023,15421,14162,13847,31741,58844,45275,36667,36092,39222,42054,46567,42795
13041,14703,13725,12295,15235,14046,14344,29096,55588,42026,38549,38714,54184,43882,57268,62565
13397,18589,13268,12662,15053,14009,13818,37869,43389,42385,35849,38556,51935,43450,53157,54170
13211,15196,13604,12298,14891,14010,14199,38486,43267,45904,41837,45571,45960,41303,50741,58879
13175,15313,13265,13051,15082,14992,14194,31509,42301,44763,35922,35697,40969,41722,44283,49450
13458,14805,13246,12680,15424,14378,14342,34095,41880,43078,35398,38788,54987,41222,53529,61456
13291,15199,13455,12486,14784,14628,13412,32066,38990,49067,35644,38304,52019,42452,47702,172331
13232,15239,13328,12708,15250,14134,12627,27846,43377,44777,38475,73764,41590,44242,48925,43516
13453,14505,13235,14474,14627,14228,14538,34815,41107,44937,35217,40376,54657,43992,44299,47381
13352,15063,13124,14482,15525,14467,13553,35815,39258,46825,36057,37209,51435,42473,60321,79230
13655,14648,13277,15233,15687,13981,15814,37266,36448,42841,36544,38915,38243,62467,42778,62901
13336,14200,13554,13910,15282,14339,15996,39030,38428,45512,37165,36687,40814,44698,37027,47111
20617,15120,13132,13949,14683,14099,17311,38679,34728,44873,34185,38136,53775,42199,47989,50185
13355,15119,13273,14163,14600,14244,15836,39576,30815,43086,33495,39399,44135,43090,49244,53738
13502,14451,13133,13991,14689,13917,14746,38788,32495,47224,37646,38600,38791,41343,46975,184985
13235,14802,13038,14350,15202,14319,15795,40582,31465,45608,37000,37543,40738,42405,47929,48365
13273,14737,13003,13979,15174,14003,15977,47878,31887,44074,35631,36654,56940,44302,43344,77905
13039,14804,13788,13982,15451,14158,17108,38722,39671,44217,45580,47065,54183,43870,54133,971376
13132,14444,13284,14191,14622,14289,15863,41140,36073,43891,61322,38195,44769,41548,42452,49543
12830,14596,13172,14372,14743,14250,18931,41102,32185,44804,39912,38953,39197,45046,88789,50864
12868,14515,13268,13802,15089,14520,16680,44055,30958,43305,38433,38305,53848,43555,43668,48242
12910,14733,13033,14095,15301,14591,15909,42263,31216,45555,37801,36944,52885,42143,41328,51027
13052,14949,13485,14169,14789,14339,16163,39561,35266,42216,36674,36565,45429,93936,41445,51233
13003,14729,13506,14274,15010,14462,16885,49770,32424,42836,37043,38554,53801,43787,42006,496342
12929,13917,13824,13732,15059,20965,15232,39039,40044,43150,38416,36714,61925,38364,43230,722991
12899,14584,13546,14138,15204,14591,25063,39889,33865,44221,37397,39574,49152,45875,42627,58167
13113,14717,13224,13584,15486,14405,17726,41413,27708,42869,46200,37392,54730,38450,41222,64957
13224,14713,13192,13821,14777,14773,18000,39613,35413,43167,37363,37122,42717,38896,43535,94213
12962,14339,13498,14128,14624,14839,17866,40789,25475,44955,37288,35872,38829,43458,43939,52308
13014,15358,13617,17283,15279,14621,18952,40469,24884,44552,35256,41631,40450,48670,52908,74181
13038,14459,13658,14379,15214,16244,18656,39184,32304,42857,37909,37115,48441,43852,43838,83935
13149,14693,13742,12213,14976,14762,17606,39696,26917,45933,33743,40069,44196,45190,42016,40925
13079,14388,13365,11909,14691,14956,18108,41105,25918,42533,37573,37643,44952,42293,43289,42476
12965,14156,13482,12221,15260,14936,16951,39927,25570,41928,38660,36570,43579,39660,41435,71527
13110,14638,13618,252441,15271,14974,16500,39339,48391,45875,37363,38400,46055,39057,49711,45767
12787,14558,13338,12710,15760,15415,17029,39788,37266,45395,36757,38907,39949,52004,44491,46910
13050,14469,13606,11732,15475,15098,16488,41056,41829,45159,37114,35982,46055,43647,41451,49141
13024,14501,13455,11784,15714,15623,17086,40503,35962,43898,36010,39440,1234350,47473,43073,52552
12850,14934,21871,11814,15697,14982,17211,41248,31533,43524,36378,36354,47571,45809,41439,83953
12848,13908,13663,11693,15741,12835,18068,37421,29218,45347,38008,36795,45734,43593,43314,42137
12771,19626,13476,12765,14942,12825,20861,37883,29567,45030,36899,49360,44731,41127,42243,50808
12426,15334,14211,11930,15506,12692,17808,39455,36733,45609,38221,39812,51184,38330,44135,60175
12368,15458,13623,11900,14659,14516,18283,37931,38550,43794,37211,37765,47009,45228,43996,245197
12468,15653,13479,12008,15401,12710,16438,38691,33184,44325,36242,38555,49551,42578,45142,58304
12442,14707,13803,11939,14899,14243,17875,39090,28574,46254,39623,37809,49544,45944,50480,300844
12413,15593,14050,12353,15659,12570,17518,39556,28828,42831,36501,37937,46970,44090,44365,62955
12960,15478,13935,12004,16217,13904,17074,36391,26968,43338,35567,37029,56662,41090,42728,51591
13036,15186,15366,12101,15999,23082,16651,39760,37874,43788,36678,39388,45095,45215,41466,48714
12756,15146,17697,12067,15602,12623,16124,39644,34213,42996,35224,36580,44987,46616,42018,61372
12559,15104,15497,11990,15786,12758,17174,38743,30581,43760,46325,40181,49898,38548,75863,50419
12823,15444,15852,13180,15656,12517,28982,39271,30298,43619,35800,36729,47249,45963,45072,49720
12793,14090,15273,11939,15300,13525,24268,41384,34155,44151,299512,38544,46917,42310,40871,62201
12940,14846,14991,11831,15280,12417,20466,39423,29756,44296,37713,37790,46834,42554,44063,91155
12819,14970,14931,12477,15704,13707,20080,40905,38320,42855,35519,37477,53624,46434,42951,47938
13061,15660,15331,11878,14674,12339,17524,40228,32528,42650,36242,38347,46557,53294,42452,39995
12802,15861,15253,11777,14845,12512,17261,42680,31123,45237,38383,37476,43980,42823,41016,54016
12557,15416,15407,11850,14905,12338,15776,40217,28197,43074,35352,39172,56293,40751,43129,49950
12573,13809,15548,11910,14634,12797,15006,40794,31539,43720,35616,39208,46674,42286,42104,54385
12696,15149,14929,11889,15191,12613,17130,39035,52531,45598,34974,36909,44762,42306,41239,52191
19366,15457,14985,12866,14735,12949,16180,39577,47640,45112,34707,38604,45957,48341,53290,44387
12736,15357,15194,11873,16504,13169,15136,39359,33478,43322,35479,37493,53871,47565,49004,62063
12559,14646,15384,11619,19512,12590,15654,40668,30158,43320,36565,39564,47422,44001,37315,44555
12728,16037,14498,11926,15749,12783,19918,38450,30029,43349,36588,54160,44973,41437,43122,51069
13073,16077,14716,12752,15301,12712,21157,39440,36926,46189,36897,57865,57218,45067,41383,81411
12993,14822,14592,12132,15135,13862,15513,37265,36951,47796,69795,55175,205146,42431,41382,228004
12889,16186,14673,11413,15272,13935,13779,38579,46224,45526,44468,52506,49578,42459,58251,56048
12552,16161,14780,11894,15203,13921,23424,37442,43332,44371,38220,61043,48450,45325,41413,62909
12587,15238,14273,12003,13329,13472,13881,30776,41290,44371,35977,56447,51331,40717,42401,119966
12728,16704,15139,11821,15221,14151,14625,42518,40536,42797,44589,55984,52339,45216,42670,51916
12792,16305,14572,11810,15623,13808,13556,29244,43960,46251,37515,48453,44982,44810,42128,44219
13080,15756,14953,11709,14104,14005,14721,30633,43825,44683,36733,43413,55507,40670,43721,42577
12963,15728,14988,11908,15112,13891,14184,32796,46700,44498,37498,93571,48489,42507,41753,219006
13205,14721,15015,12118,16915,13863,14424,29480,43864,44894,36675,54702,44894,45208,42905,46078
13185,15224,14873,12550,16782,12508,14352,37718,43222,46618,36039,53857,44796,42002,43950,68805
12719,14671,14967,11977,18733,13837,13079,40053,44785,45424,36865,47534,59070,41851,50485,101970
12707,14379,14794,11746,14526,12845,14176,37579,41845,45045,35310,43844,48793,44561,43153,48474
13532,15824,15241,12011,14401,12794,12967,41426,41014,43731,36823,43235,48155,46078,41208,41279
12695,15422,24154,12094,14306,12499,14132,28418,44901,41422,37689,43973,46360,42545,43206,55198
12937,14040,14642,12722,15694,13341,14006,46534,46871,45779,44792,42300,54054,44158,44211,126801
12616,15170,14825,12747,14011,12687,14051,30916,57383,42889,37046,44272,47354,41182,74996,50163
12981,14068,14570,11732,14039,12779,14207,33068,43687,42114,37844,43182,46186,42709,45909,45789
12942,15419,14999,11889,14227,12723,13923,31590,59593,43323,37270,44486,51624,42158,42429,53948
13411,14367,14996,12072,13908,12860,14342,27572,41839,42385,35842,44430,60330,41490,46557,46827
19326,15066,15034,12871,13963,12694,12545,34228,45054,46151,35908,43124,47347,41746,51575,65767
13140,23676,15174,12024,17929,12526,14504,26138,41153,42771,36048,44031,54878,47898,45370,50602
13544,15143,14792,12718,18218,14050,14065,31866,44587,44282,33221,42416,46149,85016,89278,57836
13534,15147,14862,12133,17953,13619,17217,32752,44554,42667,34210,42350,44924,39127,53019,180590
13179,14977,15051,12122,16779,13589,16507,28836,52474,43807,37270,44853,43170,40357,52810,52559
13717,14698,22613,12843,16410,12296,20234,37172,41142,43966,36258,41774,47872,39248,41540,58372
13530,18145,14898,12983,17025,12974,16644,28755,43903,45507,38141,42986,45597,39588,43523,53754
13519,15321,15060,12295,16343,14521,14272,30279,41850,43652,35044,44291,51476,41372,48597,43225
13479,18644,15244,12309,17381,12680,14158,28963,69444,47104,37835,44089,45322,40881,96028,46703
14028,13958,15024,11808,15310,14551,15385,28367,42329,43318,36087,42010,51857,41655,41749,44673
14524,13732,14849,13254,16590,14131,13799,41612,226012,44865,36212,52377,51175,39484,41727,37447
14414,12112,14811,11994,17378,12463,15667,39652,29550,42979,38439,43619,50860,40039,40667,38560
14234,13184,15053,12216,16568,12511,15308,40398,41124,47046,35134,43397,51523,38534,43210,48114
13595,13096,14961,12847,16847,13850,16186,40624,37648,45249,44201,44295,52076,38927,43327,66150
13627,13303,14996,13304,17669,13675,16444,41623,33226,44192,37142,41141,52240,37678,41315,56180
13655,13249,14904,12519,15696,13550,16509,41798,30928,46459,35992,42054,45885,39162,41781,37725
14504,12199,15318,12717,17690,12617,16986,41056,36468,43097,36935,41974,44659,38329,51023,44390
13448,13370,14946,12580,16551,13461,18327,40652,28295,43917,35885,44025,43820,39856,41480,46807
12974,13831,14638,12662,16419,13525,16217,42038,37576,44058,38499,44108,45862,38616,41649,39163
12704,13339,15013,12391,23287,12593,16683,39628,36382,44121,37245,42924,44215,41038,39331,48424
12755,13237,14827,12224,16369,12511,16374,42239,30083,44123,35860,48732,43286,39814,43848,58149
13232,13233,14904,12319,16474,12457,16420,40211,28135,43349,37800,41810,47163,40988,44919,50308
12953,13338,15015,11955,16262,13316,15899,39345,26806,44404,36175,43867,44180,39451,49986,64828
12909,13354,14762,12204,15347,13901,15973,42536,26912,45629,36483,43719,54253,41261,41021,52313
12675,12048,15133,12165,16636,13527,16445,42531,36794,45413,38670,43306,46976,39905,42052,162136
12742,13123,14930,12431,15701,13793,14848,41620,32242,42173,37553,42346,45205,39164,41371,52422
12936,12949,14970,13221,15272,12579,16362,44337,37685,45168,38470,43677,58074,37475,43079,45726
13037,13281,15281,12371,16667,13163,15113,40979,27151,41565,44050,49821,49306,38502,48862,46177
12944,13201,14927,13113,15493,21127,16908,42275,27760,44148,43246,44727,48451,38572,94976,38603
13075,13207,14987,12141,15420,13966,14820,42963,31871,44158,41739,41151,46317,39472,41410,44767
12501,13171,14511,12361,16987,14765,16303,42024,36884,44830,36210,42342,46525,40259,73323,115823
13124,13453,14567,12241,15144,13428,16224,42658,31505,44662,34996,52067,50911,38143,48638,38525
12721,13279,14753,13642,15257,12703,15043,41501,26975,44710,36532,43681,47003,46669,50601,47748
13005,13309,14761,12803,18564,12714,16227,43396,27842,44971,36384,42364,46977,39041,54344,51853
12704,13373,14917,13291,16114,14042,16538,40708,28464,43630,36511,42946,494114,44288,52420,34537
12730,13323,15063,12855,15525,12473,14750,42107,28375,45053,36061,42855,58544,44819,45100,50798
12838,13242,14971,13166,15010,13791,15620,41526,35940,48671,35529,44741,54680,45053,52447,122979
12976,13349,14756,12515,15891,13599,14361,38953,40496,43043,36705,43403,56004,44482,77778,62510
13101,13033,14971,12731,15466,12633,14151,35809,40825,45334,45334,55008,41177,46417,48126,51867
12888,12959,15143,12612,17168,12609,13882,29686,41147,46871,45142,54252,39718,89083,40024,63750
12838,22017,14992,12495,16682,13687,13285,44832,41836,43469,38625,55914,41305,42708,44505,66675
19982,13297,14746,12631,16068,12485,14449,29772,42573,45785,36615,51104,56602,42359,55051,44487
12412,13294,14503,12538,15893,12558,13984,30230,40115,44507,38442,44589,52225,43953,81107,66732
13145,13389,14947,13197,15680,21611,14305,29341,41205,45675,38418,42494,62001,46903,90915,46807
13091,13349,14829,12272,17143,13409,28737,27209,42117,43950,36842,43033,52648,45688,47831,551834
13408,13232,14932,13097,16425,13759,16875,33921,36512,46090,34622,44322,42237,42878,50769,43998
13147,13081,14957,12443,15399,26478,15313,37826,41746,109830,35771,44276,39605,45016,51372,51248
12688,13260,14748,12582,15315,14133,13601,36528,39647,57121,36884,41792,39248,41666,41682,47647
12529,13184,14518,13323,16972,12834,14539,35642,43534,51808,36197,45840,60080,43494,39504,85003
12804,13062,14576,12212,16139,14197,14394,37534,40702,46459,37275,43965,54810,44348,51155,40580
12736,13246,14643,12247,16168,12761,13050,37054,41842,42718,36235,44538,52914,40663,43151,36348
12995,12979,14705,12517,16177,12935,12895,29574,39185,52538,37950,43832,54769,50797,58752,52301
12134,13066,14721,12404,16173,13628,14087,31476,41852,40851,35136,58983,43704,42514,49827,52297
12996,11848,14713,12438,16686,14089,12540,31914,39372,41954,36371,42889,55066,42590,42248,64402
12405,13424,14613,12482,16561,12782,14434,29808,38185,41298,35043,43366,52612,41995,41691,107377
13037,13085,14982,12625,17095,12721,13938,34599,39429,41616,36237,44770,66327,42733,44045,44187
12746,12945,15190,13104,15663,12689,13724,35178,39356,53654,37438,44468,42391,42210,51435,54032
13027,13035,15011,12632,16517,14270,12669,31323,46508,45804,37358,44675,39684,41935,43494,66920
12476,12823,25672,12303,15533,12288,14127,32056,39462,39211,37978,58129,42165,45205,40717,50694
12502,13044,14588,12549,16504,12633,13702,25874,40341,42038,37187,55458,76845,45306,42244,52548
12753,13115,14472,12451,15560,13661,13802,34219,40992,41337,38815,46901,59681,40665,43206,73527
12950,13027,14796,13263,16003,12452,12566,29822,41716,42099,43748,41724,55464,48199,86431,72838
12627,13049,16788,12338,18390,14063,12629,31812,41073,42157,38183,43623,54965,43291,44029,51575
12924,12128,14995,12634,15922,13923,14027,40243,39305,41946,37026,44734,42416,43245,54177,58174
12491,12862,14656,13291,16404,14070,13982,30117,52466,47208,36921,50659,40829,40676,41572,81511
21363,13150,14569,12473,16028,12984,13792,40935,34304,41444,37741,40630,41300,49479,41742,69212
12540,13033,14446,12423,16564,12601,14304,42023,34624,43798,34830,58027,45181,42207,36123,88723
12867,13267,45979,12538,15046,13979,14882,39404,30823,39480,36863,54137,55969,41797,79926,87321
12578,13216,31297,12511,16716,13667,13931,41465,28517,40569,39224,52134,57072,41619,37580,47901
12762,12972,30550,12492,17851,12489,13951,40460,28173,42261,38459,44334,52003,41844,46569,46537
12356,12449,30302,12769,15622,12582,14566,42643,36400,42134,36446,44332,388338,48857,45066,38455
12927,15238,29978,12451,16566,12739,18910,39570,29759,38612,35323,42286,55832,45797,36778,66987
12814,14399,29691,12382,15897,12584,15681,41184,35291,39333,36428,41955,54684,43742,43737,38816
12880,15718,27829,12535,15410,12696,15749,43066,39779,42892,37904,42628,52544,51164,41961,47189
12377,13565,28336,17618,17026,14549,14787,40892,29925,40563,35362,53097,52608,43350,47947,44171
12585,13017,27642,12967,17009,14339,14726,41149,30196,40181,68878,56654,49874,40431,46831,54828
12625,12977,28476,12985,15622,13287,14879,40623,44482,40954,41457,43362,55631,47644,39510,36805
12864,12909,28065,12754,16735,12604,15280,40741,28592,42309,38494,44539,41567,45275,37948,54210
12488,13115,27938,12653,16059,13996,16071,40746,37108,41053,36685,43917,54939,38174,44154,53396
12967,13129,26600,13691,16800,12661,14567,40845,29829,43688,36142,42277,56465,41425,44993,38562
12633,13204,26754,12659,16516,13740,14353,40785,27739,41711,36908,42670,40064,53518,57591,48905
12938,12994,27483,12630,17625,12379,15616,40693,27438,41088,37404,70663,54997,42885,52414,36189
12712,13243,26450,12731,15392,12644,15321,43061,27926,44187,36794,101033,38935,41255,57928,55294
12971,13067,22647,12598,15191,14017,15567,160586,27063,42444,37094,56325,54541,41860,44011,54628
12502,13114,22470,13262,16820,12460,14258,36947,37807,42278,37540,54072,41434,45299,62691,57704
12498,12749,22260,12815,15843,12443,15099,39717,35083,41275,36118,56785,39722,46097,41901,47622
12754,13058,45684,13132,15751,12444,16267,67376,27657,42052,36144,52402,53034,40712,42375,53430
13123,13243,22918,13408,16145,12987,16842,75830,27249,41376,36957,55158,63020,44652,47910,76449
12819,13291,23895,13025,16290,13862,16239,51972,26681,40320,37782,44198,53082,44270,77971,44956
12839,13222,23114,13047,16089,13830,14315,41033,28417,40567,37345,44166,53541,45366,43830,51403
12971,13446,24050,12331,18238,14088,20998,45520,35787,41647,36724,44595,42106,40283,41622,48811
21134,12962,22451,14702,15365,12706,13727,52834,35687,42711,43248,43798,45308,41183,41331,97640
12669,13219,22209,12927,17163,12378,13894,39205,32160,39318,35400,43433,54869,46268,43127,41941
12837,12988,22472,12652,14175,12692,14399,36965,41838,40968,36004,45591,60745,48625,40597,41099
12473,13198,22412,12593,14731,18556,14368,29736,40155,41684,35508,56249,42982,40870,43208,47845
12504,13104,21855,12268,14135,12605,14288,248567,39342,39476,36812,50749,40896,40487,41349,67522
12665,13202,22266,12308,14021,13905,13394,28597,40696,41434,36224,45102,39184,45035,47626,35841
12292,13233,22329,12489,14031,12615,14239,30354,41450,43364,36938,74131,40279,40952,42139,45647
12527,13177,22206,12209,13796,13564,13133,30147,38946,42643,37629,55213,55501,42179,44006,49765
12679,13404,21725,12106,15053,12472,14092,26125,39357,39105,36448,50972,53912,43306,54916,51686
12233,13256,21540,12680,13908,12784,14078,32925,43712,39518,38132,55299,52763,39417,42731,102171
12813,12989,21820,12212,13793,12406,12523,31074,41369,36222,34693,53580,42295,40214,84563,40760
13066,13479,21540,12768,14711,14275,14295,35412,43985,42146,37402,45134,55638,38926,42047,493893
13064,13490,22330,12389,13984,12919,14827,31358,39425,42366,35507,65866,50754,89547,41114,57722
12529,13123,22224,12031,15265,12119,12548,25624,40959,39900,35402,56474,39837,48564,40489,63202
13003,13184,21968,12832,15923,12488,13710,29952,39874,42323,35051,46384,52524,42822,41089,64556
12663,13298,20861,12096,14835,12092,13459,25111,40214,40671,35801,51158,50166,43369,41255,52276
12317,13258,20353,12410,13691,12364,13702,26339,39025,39567,38625,43124,41955,45355,41366,74723
12517,12926,20506,12058,15100,13877,19821,26486,40444,39770,36647,42217,56142,41995,41976,52404
12764,12995,17738,12656,13587,13437,12381,22720,40629,39085,34654,42444,40025,48691,39150,37593
12472,13113,17599,12024,13563,12212,13539,28449,36245,39129,35353,69110,39908,45273,50227,55960
12674,13060,18076,12194,13655,12246,13339,22904,40085,38545,36467,53979,54719,38466,39399,41130
12608,12619,17707,12030,13873,12398,13514,25625,41246,40419,35170,52069,52569,47050,42042,59558
12899,13091,18074,12203,13090,12356,13776,25384,40264,39036,36509,43106,67697,46616,40035,39747
12602,13117,17687,12048,13826,12148,12680,23115,37290,38390,36181,40062,55173,43698,41586,48425
12657,13121,17543,11936,13999,12128,13694,27975,39290,40093,35621,41807,42280,44558,42089,49789
12589,12639,17326,12122,13611,12416,13653,24786,39131,51085,37321,40124,38096,38067,57617,39766
12317,12763,17700,11807,13864,12246,12419,34205,40148,38687,35384,42182,41409,36301,40388,34092
12589,13426,18083,12096,13606,13721,23216,30218,38648,38527,38370,43846,58203,35521,40470,59187
12627,13073,18078,11935,13295,12382,13641,26896,39301,42186,45141,42459,52638,37054,41632,32603
12442,13415,18778,12279,12251,12991,13428,31357,40888,40188,35562,55015,52394,39746,40043,95274
12652,13299,18654,18273,12141,12094,28065,35051,33231,39585,35752,52577,52582,37144,43121,43959
12699,12916,18324,11811,11916,12949,24626,34309,29450,38972,41695,53517,40571,41619,41347,49924
12576,13171,18608,11891,11996,12432,21671,34706,29963,39724,62129,53698,52571,41019,39320,60569
12761,13363,17406,12665,11723,12464,20340,32647,28673,40469,41063,52058,51966,43872,42025,61387
12359,12937,17484,12362,11966,12510,21877,35508,29525,38936,38611,45361,50654,40732,43335,39397
12810,13208,17743,12125,11844,12274,20489,45655,35848,41142,37136,42031,43434,44208,40718,62710
12166,13286,18062,12007,11831,12293,20260,36309,36087,38928,37674,41670,37633,58134,47666,46560
12491,12386,17554,11878,11838,12238,20828,38028,29025,39902,36097,60369,39776,40406,40678,60742
12532,13274,17815,12066,11790,12575,26597,35422,34937,41091,37323,58538,53710,42899,52429,36038
12815,13370,17451,12768,11990,12256,18518,36564,27284,41840,37674,51804,50379,43319,40638,47382
12388,13242,17764,12521,11889,13525,18427,36421,28298,41954,37197,51460,52749,45659,41620,42762
12450,12880,17263,12417,11639,12461,17717,37208,36151,41255,36046,45007,41188,41185,82709,53270
12528,12923,16998,11853,11831,13748,18966,36563,32224,41710,37261,42825,56920,44282,40583,54815
12921,13120,17294,11997,11870,12293,18719,37733,30175,39990,36401,59463,53446,47174,39645,86435
12417,13430,17308,11846,11431,13451,18096,37172,36967,38906,35736,52175,40521,42460,41616,45300
12060,13083,17543,12628,11576,12336,17509,44581,42570,40232,34874,41949,55343,42014,59342,85226
12580,13257,17207,12052,11738,13371,18930,35607,27062,41119,37284,66142,48669,44630,50920,85718
12576,13143,21542,12457,11611,13397,18235,35401,36971,39328,38119,93535,39642,39060,48366,44878
12547,13447,17647,13710,13137,12340,18951,35923,29535,41258,36946,60034,143013,37716,91465,47338
12696,13369,17779,12210,11752,12236,16404,36558,28846,38837,36754,42617,52649,39000,49903,43222
12983,13240,17603,12890,11693,12473,18136,37204,54649,38981,33765,41756,40512,39275,54510,62152
12507,13028,17822,12452,11774,13800,17927,37331,27375,40352,36382,41940,39350,38198,84127,44215
12436,12964,16947,11966,11933,12458,17211,33950,28392,39451,38206,42748,52033,36328,40326,64041
12655,13075,16778,12659,11509,12318,18975,35863,36578,40482,37346,43387,42128,40878,55356,79746
12592,13057,16899,12518,11788,12782,18117,37290,33385,41674,37070,41160,39623,39800,37383,52774
12622,13159,17043,12058,11651,12733,18961,36141,30618,40118,34275,51708,39368,44151,48632,42025
12861,12988,17080,11934,11568,12402,19782,41852,30230,39245,37065,59572,55102,44232,40771,45284
12349,13079,17232,12229,11887,13539,17425,34779,34732,41989,37491,42532,52443,41078,42657,49690
12261,12778,16830,13138,13221,13523,15796,28823,41819,41102,37068,44578,50831,44192,40774,46509
12463,12930,17435,12136,11830,13072,14829,31913,42187,37486,36347,41821,54613,43636,39773,40668
12289,12922,17396,11946,11871,12261,14648,26754,40151,41165,44845,42335,41632,38998,41109,40888
12698,13083,17171,12222,11896,12262,13228,26988,39883,40835,36288,41451,38515,39972,41947,51071
12565,13158,16357,12937,11792,12542,14151,27126,39688,41261,36469,41589,40399,42822,40555,34841
12761,12944,16835,12487,11907,12196,14111,33086,39543,40927,38564,40036,51884,40364,41303,64926
12549,12884,16363,12121,11787,13429,13954,33948,40373,39382,39925,44119,56704,38326,46978,64715
13092,13348,16516,12502,11943,13531,12582,29124,39307,38090,37503,54076,40525,45714,41841,71645
12714,17022,16556,12316,11753,12200,13527,30098,38429,40467,37389,51072,51701,41162,40574,85718
12265,13646,16284,12174,12046,12189,13911,27803,39973,40232,37057,52429,40615,43408,41835,59780
12944,13470,16273,11704,12100,12424,12477,23986,38926,40034,38505,52081,41604,38961,41221,56281
12532,13347,16415,11839,12222,12113,13732,29165,40068,39907,35400,54713,41131,39750,77716,52468
12133,13610,16534,11947,11854,13297,12604,25488,41248,39073,35918,54627,49937,42882,42007,73769
12560,13280,15796,12960,11989,12163,13844,28203,39881,42042,38364,58288,41250,46672,41295,53646
12618,13499,15725,12334,14599,13228,13708,24339,37645,40445,36973,40179,44659,41296,40120,40126
12457,13361,15652,12815,17493,13306,13657,22758,40306,38052,36859,44424,39238,38222,41334,47134
12867,13320,15863,11828,14454,12491,12858,30069,39194,41486,36300,39968,53734,41493,41640,66318
13072,13256,15801,13066,14279,12289,13573,23137,40643,40971,38562,75283,82497,42671,41056,50934
12840,13745,15932,12108,15654,12330,13849,24549,38865,38152,36552,43181,53037,42758,45234,61913
12963,13586,19593,11889,14126,13886,13508,25614,49522,41424,41718,40723,43100,39072,42031,55841
13382,13548,19175,12637,13912,13333,12891,23994,38894,39204,43349,42882,39923,42437,41588,54700
13100,13904,16943,12035,15242,12684,12853,30780,39291,39234,45724,43375,39747,57620,52475,34350
13134,13395,17897,11890,14350,12322,12673,27616,39642,42031,37686,55509,41181,43106,40938,46564
12560,13259,17438,12310,14167,12205,14121,38940,39205,39091,34571,51919,52413,41341,41205,48192
12626,13451,16580,12071,15097,15297,12476,33956,51401,40794,37272,46334,41855,43191,39231,97241
12513,13299,16069,12121,14044,12486,14123,27071,41582,40207,36952,42145,40517,42992,41384,37249
12636,13027,22899,12053,14125,12302,12809,30580,35603,40319,44262,42744,51580,36397,48476,52729
12691,13005,16031,12242,14672,12175,14436,32816,31222,38220,45637,55895,51987,37204,43137,59303
12669,13280,17172,11815,12585,12213,18130,36133,32671,38710,41053,51918,42398,41516,51355,60367
18504,13001,16057,12309,18216,12180,20489,36069,33695,36295,35758,52868,55700,40857,40628,75212
16287,13336,17487,12014,12037,12237,20328,44266,30270,39766,34774,47819,51584,41496,43831,144810
13151,15769,17723,12331,13335,13394,20279,35594,36046,39537,36367,43488,42642,43848,50784,58727
13152,13542,16291,12084,13282,12181,30948,34652,31337,40272,37403,71324,53563,42779,50220,74637
13098,13084,17222,12780,11978,12396,22126,37178,41219,39798,36038,53113,52629,45291,40873,81871
12494,13224,16166,12077,12001,13503,18381,37081,31445,39675,37098,56713,55287,41008,47817,62501
12895,16738,15911,11943,12036,12207,18548,37728,25750,37963,37637,38548,53042,41203,42789,54794
13007,16775,16018,12846,12098,12086,17712,37535,25516,39941,35832,58626,48662,44672,49649,55419
12820,17177,16084,12738,12421,11948,19043,37008,41091,39020,35192,50683,38948,42419,74121,639325
13119,18107,15962,12876,11926,12367,16732,33219,28523,35625,36054,49481,53433,450747,38386,55279
12899,22636,16028,11961,12316,12406,20043,35857,28113,40391,36198,50883,51995,36296,54981,56296
13163,16558,16082,12048,13371,12453,17518,36636,29352,40012,35408,49279,52062,38013,51896,163391
13044,17170,16619,12696,12406,13499,30843,38264,28136,41102,35780,49780,51535,39957,60987,57265
13102,27163,17049,12177,12161,12391,17183,39645,27675,42046,34483,57168,42147,38363,44996,44259
13093,16118,16851,12108,12561,12499,18529,36520,36013,39608,35946,50179,111348,37037,141233,59998
12876,16496,16004,11902,20911,12375,17785,35166,30259,40962,34236,49054,54027,37329,61453,49497
12791,16134,17542,12500,12115,11903,18189,35067,28531,39556,35054,64376,52980,55119,56412,58182
12818,26501,14938,13822,13041,12244,18987,36247,30467,40283,35246,51795,53766,37724,41301,54690
12989,16632,14476,17154,12181,13472,18179,36472,30245,41146,35890,52088,51841,40700,66876,43141
12570,15233,15125,12607,12718,12131,16748,36515,31231,39044,36550,47975,51996,37696,44638,42970
12625,14939,14184,12567,12197,12161,29299,38451,34894,42089,36247,50011,53153,36363,35020,54084
12499,15448,14721,12157,12132,12321,26669,35045,29757,40949,34507,52324,47143,39624,53569,54032
12677,16890,14408,12457,12406,12066,21100,37391,29053,38425,37235,37165,44839,42549,46287,41876
12271,15359,14736,12226,13331,13177,23427,35764,28319,42106,36225,56723,55588,43835,56271,45809
12525,16718,14554,12506,13547,12220,18985,37549,27848,42192,38169,49399,42833,47506,454437,41060
12344,15346,14446,12380,12085,13438,179348,37657,47959,39262,37433,51978,43118,42742,93820,613163
12705,18088,14619,12293,11962,12244,15430,31623,59394,38875,38248,50030,39689,267506,47208,38800
12525,17134,14507,12268,12084,13550,14467,32977,33063,39309,37140,49733,44259,40354,41786,40213
18051,14943,14451,12331,12319,13223,12792,26165,28040,42147,37326,52060,46689,39211,374821,42013
12750,15842,14522,12286,11843,12287,13823,26701,28454,39867,34387,47910,50390,37069,58053,70091
12698,17385,14284,12299,12440,12139,13769,35755,27063,39800,36808,36718,38821,39916,41491,36150
12591,17402,14424,12735,12456,12252,13792,26911,27948,41692,35902,39846,38746,36266,41298,34275
12867,15564,14620,12437,12118,12409,13806,31379,33170,40984,36123,58341,40831,38823,39161,35583
12462,25592,14491,13241,12235,12634,12428,26843,39556,41098,44090,50742,39619,37327,39199,39552
12796,17546,14373,12495,11822,11918,13943,28034,31300,41354,34282,48491,38882,38664,38481,35576
12536,15881,14523,12292,12415,11783,13606,29904,29948,39505,33350,54215,39413,37117,41935,43090
12603,17254,14307,12272,12905,15422,14378,24704,35139,41588,36978,53491,42417,37477,57427,48543
12361,15548,14333,12547,12140,12404,14095,28897,30995,40380,36782,50102,45933,38574,50805,66965
12913,17072,23191,12386,12185,13364,14221,25532,35620,39205,64418,58447,40132,42451,52871,45716
12890,16910,14561,12428,11940,12337,12617,26916,31255,38572,40242,47808,39231,40095,67573,34734
12583,16609,14112,16391,15621,12399,14082,25929,27856,39831,36636,43183,40765,38868,52096,48464
12388,21650,14639,13227,12168,12891,12806,24306,29703,39299,37087,60030,40387,38546,50627,32782
12576,15786,14777,12657,12268,13863,14076,29910,26864,36260,36176,51717,64290,40895,45947,51317
12568,15260,14776,12386,13344,12458,12925,25470,27959,37165,35571,37491,49772,43023,50615,42428
12605,15748,14359,12451,12070,14176,13104,27945,38147,41221,36341,65762,50453,43696,53424,41572
12568,17102,15080,21468,11997,14120,14389,28083,31564,38567,36238,37268,50036,49205,50703,47541
12557,15541,14570,12372,12044,12404,14126,24983,28327,37013,35501,45195,47835,42246,47256,46880
12556,25690,14615,12523,11914,12742,14528,30977,27961,37076,38036,36791,51067,42240,52643,36348
12643,18094,14125,12032,11996,12456,14527,24733,29559,38811,36960,44397,47562,40746,48013,51895
12574,16000,15808,12365,13288,13743,14395,27977,38209,41029,35317,36541,51568,46567,52132,93714
12665,26212,15715,12163,19606,12549,14171,34313,30870,40610,37573,39323,48823,40989,45419,48892
12675,16249,18718,12314,13073,12662,14022,36597,36950,40604,35251,35313,50342,44343,54834,65768
12956,15901,14933,12209,11756,14111,14213,31215,28303,41465,35236,36683,48593,43099,52436,43156
12736,17403,14593,12399,11763,12875,14361,28884,26288,48454,37149,37114,49657,43231,46350,153633
12546,15555,14203,12230,11921,12484,20101,35486,25233,37788,37639,38063,62433,50175,46572,42952
12430,15936,14141,12230,11924,12641,13815,36213,33530,35222,32665,36500,51611,41747,49920,55826
12504,17102,13750,12812,11990,13191,14102,34999,37623,34884,35606,38446,55660,41270,51168,77707
12422,17035,13979,12321,12371,12974,13701,36240,35862,33010,35765,34706,55110,98771,50590,349481
12676,16268,13944,11972,11886,13171,13894,34505,31061,34939,37218,37195,50793,44559,51226,51784
12642,25712,14148,12190,11814,12935,14154,36274,39802,32730,33285,36695,48794,46518,75224,82896
12486,26316,13846,11910,13007,12731,13724,36995,27692,35572,37895,40107,59754,42771,48362,47875
12803,21968,14112,11898,13150,12492,13956,36167,26995,32908,35502,47731,58446,41532,89074,66264
12575,15087,14110,12779,16724,13663,14587,33992,37515,34690,35999,36360,51858,41506,41945,48941
12509,28384,14387,12129,12432,12614,15580,35752,36206,34937,36340,39303,53457,42272,52801,60388
12425,21326,14147,12909,17992,12492,16118,43790,27415,32073,37238,36799,54028,43210,49209,47471
20875,26228,14627,12579,12302,12965,15431,35160,26461,36533,35812,35520,51589,40709,49600,47033
12831,15323,14661,12349,11690,13536,15586,34432,29676,33486,34997,34901,47063,42044,45894,105223
12354,15852,14464,12251,11754,13782,14403,36199,44875,35062,42638,36581,68284,47221,40773,50108
12591,22163,14368,12060,12046,14152,16013,36554,36190,37630,35160,36944,52314,40034,50514,65704
13117,16550,14310,12048,11982,15581,16289,34746,38499,34482,35992,36544,56657,41081,82087,448517
12771,21908,14567,12208,12026,14059,14664,35345,31034,33292,37600,36883,48929,40076,39533,47837
12817,16543,14179,12412,12072,14111,15194,36616,38172,57058,36267,36781,58806,38914,39211,62341
12581,15805,14289,13178,11805,14624,15895,34657,29198,44536,36442,39300,46517,38454,39599,43457
12318,16139,14331,12069,13083,14183,14925,120838,29755,43611,35957,36711,48092,42967,42747,210613
12669,16773,14219,12168,12851,14119,24160,34388,42547,49173,35327,37122,50602,41751,49021,36040
12399,15577,14279,12334,13066,13994,14732,37552,37496,37032,34185,35702,47109,42946,39241,35697
12681,17024,14162,12852,11926,14564,16041,54532,27023,34395,36473,37083,46672,45996,49147,42015
12696,15924,14889,12214,11883,14127,16326,37056,29322,37383,36478,52524,51625,42945,41976,72046
12666,20540,14594,12394,12973,13982,15640,30648,28251,36129,35193,37367,50177,42158,40521,44157
12507,15661,14544,12610,11951,14181,27244,30790,30081,35618,44729,35382,49171,42571,39290,36365
12535,16849,14705,21600,12231,13793,15403,28873,37571,36090,35227,37711,48252,40962,40859,56414
12628,16046,14415,12323,12185,13729,13998,24087,40167,35173,38820,36284,47634,38337,38530,37691
12651,15538,16710,12341,12837,14100,14449,30323,27939,46717,37166,36519,48833,39221,41124,50000
12400,16991,15917,12253,11904,13767,16105,24962,29085,43554,37537,36524,46541,39190,44755,47834
12797,16203,15399,12188,11931,13561,14245,26815,28425,39353,42483,38486,50987,39557,53951,46123
12720,29737,15473,12699,12903,13736,14018,26464,28173,37849,40899,36548,51573,40228,47214,56038
12440,15780,21330,12111,11892,19644,52265,34861,34898,43887,48230,37791,325163,39888,65068,69097
12711,15338,16176,15714,15519,14612,15366,32991,31194,35914,35293,38162,51348,43651,47098,58781
12706,16556,15336,12797,15253,14317,14596,25643,30180,36319,37325,36519,46779,39402,37759,114005
12825,18642,15138,12548,22478,12622,16200,27327,30005,33885,36032,36914,46136,40497,46635,49486
13090,25664,15460,13165,17161,11895,15673,25402,42669,35017,37686,38674,48252,45685,41317,35640
18973,15449,15358,12565,15516,13113,14488,22483,34261,36738,34883,36676,56834,41222,37760,33474
12572,21727,15340,12510,15404,11847,16528,31142,35550,37448,34497,38536,43720,65319,39500,40029
12759,15543,15323,12361,15417,13018,14449,24797,30501,36211,36722,37562,44944,42866,40451,42147
12756,16429,15792,13201,13818,11718,14528,27042,28661,36317,35245,39001,58425,42208,44117,45092
12665,15328,15311,12677,13311,11848,14628,27051,28418,34057,35252,36924,48739,41414,34386,34831
12906,16366,14866,12561,13725,11942,16260,25303,30236,33846,36846,39148,50484,43221,47052,47594
12751,24492,15169,12496,15238,11845,31950,30218,30594,37524,37293,36168,48601,42504,41824,99300
12831,17005,15423,12563,14763,13040,19732,32299,36727,43303,36913,37272,52317,44036,59286,52123
12329,15308,15239,12420,13559,12883,16405,34355,32905,33022,34685,36341,56718,37470,48290,52619
12572,16404,14934,13423,13347,13395,15500,27084,30146,36345,37422,38034,55024,36997,51787,57621
12791,15540,15003,12412,13388,11773,23079,23987,37644,35030,42020,37858,44481,38780,52445,60049
12621,16162,15421,12338,13674,13250,14539,31353,40433,34884,34921,38516,55090,38395,46294,37533
12719,21056,15343,12833,13608,13060,14578,27449,32038,37249,36827,36979,47984,38978,48380,45515
12128,19688,15189,12281,13320,11790,14554,28511,36795,34732,37814,38484,47410,38601,46874,60335
12753,16029,15332,12057,13694,13161,14662,33972,33122,39632,36144,36639,60242,38254,50263,422116
12496,25208,24868,12529,13383,12999,14653,26500,30176,35997,38536,37287,50552,39742,41772,48537
12441,22656,15185,12530,13276,11784,14567,32104,29413,34608,37471,38549,56922,39968,40214,36049
12269,16025,15561,12087,13319,12034,14243,24751,27867,44952,35900,39061,51079,36636,47263,46460
12702,17429,14666,12102,13488,12155,14886,26353,28701,34230,37314,36569,54588,39433,39466,137567
12828,18140,15010,15712,13589,11997,14536,26286,40146,39304,37563,53313,46683,38095,57225,42522
12239,21730,15133,12616,15160,13252,14514,25034,31551,36480,35803,37428,46075,36112,40309,58842
12250,17300,15654,12778,13261,12116,14587,29837,29191,35864,37026,36773,53792,39498,40156,48773
12567,17049,15041,12522,14536,13166,14328,24164,27908,33692,35307,37269,53605,38998,40069,36904
12745,16397,15275,12819,11942,13343,14480,27801,41219,47052,36144,36764,50073,38777,43231,48387
12739,15489,15273,13010,12678,13274,14132,27445,49148,41499,35629,36020,53641,42062,58962,34500
16043,16843,15300,12316,11756,12092,14460,39307,35263,39965,36981,38239,48103,54475,38534,49696
15178,26356,15138,12912,11641,12462,14372,31164,72756,39322,35131,37272,45441,40095,39139,137311
14974,17520,15559,12276,11783,12622,14301,25253,28549,38541,35483,37766,60711,54722,77517,43199
16439,14884,17755,13035,13230,12529,14574,27270,28147,37926,38085,36971,42083,35549,34005,40863
16430,27135,15189,12594,11909,13386,14397,26492,28702,36550,35595,38665,39433,45007,47019,54141
16492,22312,21084,12350,11867,12062,14170,35032,41492,37354,36575,37847,48727,41089,77805,50231
16659,17525,14467,12637,11973,12426,14314,34927,30527,37652,41762,37971,49856,42798,38751,59829
16033,16522,14462,12357,12844,13532,14852,26231,38691,38032,37388,38539,43329,40983,34288,62286
15493,18014,14840,12431,11908,11850,14659,29061,28592,39352,35621,37343,41501,44077,36627,49438
15950,17743,14846,12520,11933,18100,14853,28020,27683,57744,37954,36883,39771,41496,44085,71095
16509,15508,14170,12264,11768,13090,16126,24528,44657,34835,36409,37253,53896,50511,34429,48249
20090,20407,14602,12379,12799,13230,15624,30813,29269,33628,38022,37150,50607,40984,68603,51521
15540,15775,14595,13014,11708,11625,14379,27001,28511,31830,36395,37635,52356,40433,36606,53138
15453,15932,14147,13591,14696,12165,15681,28588,30662,41440,37600,38028,56120,40800,36697,44290
17334,17239,14299,14485,13681,12207,15786,28804,28010,38823,36114,37083,39433,44089,34522,41633
15292,15266,14186,12689,13505,13309,14568,26165,30367,37835,43637,35950,39675,42178,33782,39631
17356,15716,14728,12755,14079,13397,15558,31806,30595,39349,39458,37435,52668,42830,35344,41026
15329,16472,14587,16014,15066,12046,13872,26764,28637,37571,38953,36587,48112,41562,36326,35359
16154,17104,14263,12662,13715,13592,15812,26722,43520,37731,36422,38434,50496,42929,76348,80470
16366,15831,14430,13291,13684,11914,16547,27544,40997,39115,45463,36135,50811,41072,36305,41054
15894,16160,14449,12547,13713,11646,14437,22932,29198,40581,37681,36300,49850,47906,44972,47463
15623,16007,14084,12818,13623,11684,15497,29030,34105,38024,38984,36844,55869,40039,35879,49615
15793,26291,14533,12361,13929,11737,14381,25987,29677,48169,37316,38853,40673,44210,37057,43472
18184,16427,14387,12935,13722,11889,15712,28560,31853,36937,37127,37729,40278,43061,34769,52187
15851,16663,14442,12608,13776,11531,15593,28048,34210,34369,35028,37412,52092,43046,35931,65126
15814,15806,18019,13308,14604,11540,15869,33920,40227,35295,38525,36862,49712,42884,55537,50293
16012,25867,18507,12220,13829,12930,23778,32429,28057,34156,38287,37422,49952,41468,34362,60435
18922,16507,16320,13044,14626,11821,15564,26395,29055,35126,36007,42499,196674,41952,36682,338437
16062,25359,15656,12323,13754,11586,14324,28939,28093,34030,37412,38150,43423,42090,34853,71896
17191,16698,16352,13166,14404,12112,14415,35584,27939,33155,37446,37635,42069,44629,35486,110538
15347,16650,15074,17611,13749,13114,14794,25545,36304,33916,39401,36040,52382,45427,37185,53003
16141,15277,16076,12644,14767,11782,14871,34473,32587,35526,35509,36803,42820,44140,36001,50733
16241,17482,16136,13182,19536,12912,14132,25523,34399,100420,33935,37520,40837,50583,35731,140076
15371,15669,17276,12561,14809,11720,15732,27941,30499,73021,37685,37774,52601,42131,34445,56629
14868,26577,15782,13166,13390,11934,15599,28453,29794,48059,36652,37611,58094,44006,34251,89285
16298,16751,16334,12486,14343,13228,16882,42102,34551,45354,37796,36413,42787,45917,42314,143686
14889,15567,15482,12240,13626,12047,14911,34133,38049,58028,37023,37806,39056,42538,33861,63881
15809,16557,15871,12706,14177,11862,14550,26214,34805,44149,39285,43680,51761,44956,33195,66685
16116,15707,15815,12668,13520,11875,14210,27760,31456,45072,38147,37049,42679,46786,35123,274916
15197,16670,17310,13156,13602,11756,14353,45293,29971,47051,36750,38277,41025,46315,37572,80449
14964,228731,14906,16343,13473,12913,15706,24957,46974,45818,35761,39477,50620,37118,44672,40170
15665,16476,15881,16303,13490,11838,14749,35097,32883,46627,37644,39145,51004,45135,37623,43889
14898,17458,16655,12780,13542,11833,15862,35041,36999,46034,37736,38153,41742,47140,38189,71929
14539,16790,16156,13352,15003,11818,15916,60535,35337,45127,37742,42750,38648,44052,35660,114930
14339,16639,16282,12681,14198,12020,14364,31289,31772,46082,37403,36969,41360,42796,35027,52505
14153,16920,16461,12514,13671,13140,16040,26469,30411,48002,35352,36692,47156,43202,36665,48100
14614,16721,16186,12073,13813,11810,15642,32929,27737,45717,35491,37290,51832,42005,35124,50997
24052,25234,15907,12424,14777,11795,15441,26131,28262,57645,37428,35015,49789,345643,35343,91915
16647,17094,16018,12460,13784,12091,15869,27503,39540,45675,38202,38495,48854,51095,34039,43005
17355,28142,16193,12424,13506,11373,14251,37694,30348,45699,37050,36608,83118,42789,36401,36654
15988,17132,15409,12479,12122,13455,14685,25071,27605,45214,37486,36950,50062,44710,36861,65846
16141,17719,15161,12381,11977,12894,14599,28793,35355,47971,35744,37541,44033,43360,40308,56947
14426,17531,15494,12479,11925,11661,14499,26146,27519,44041,37701,37382,58507,42437,34128,50057
14241,16210,16141,12209,11743,12703,15945,28434,28241,44709,37072,36236,42473,42804,36048,52956
16007,17312,17856,12099,21624,13374,16021,27838,36841,46527,37667,36535,840928,41653,33742,54091
15369,15750,17409,12572,11982,11604,15689,25054,32515,45610,36583,35878,43726,39883,35249,50311
16171,17538,15196,12080,11806,11842,14541,32043,30556,47038,35571,37220,47899,43490,47746,59222
18600,16925,14492,12108,11794,11746,15802,24901,30382,47226,35660,36594,55599,44569,37711,37265
14082,16068,14099,12429,12083,12866,30599,27671,30995,44901,36663,37156,44351,40537,36859,63827
13441,25793,14310,12313,12709,12124,29266,26697,32955,44805,42367,37255,47814,41087,36649,74027
13324,16393,14175,12034,12851,11684,17113,24317,35642,46510,38057,76238,48029,43772,36023,45670
13536,16412,14337,12412,12192,12848,14812,34397,38083,44991,35443,36527,54294,42473,379074,83292
13360,16866,13980,12511,11782,13132,15408,25895,28772,44497,65914,46193,45833,42834,37253,61165
14055,26943,14103,16251,11996,11611,14791,30040,27231,45245,35450,58667,50199,43224,36554,49291
13370,16131,14080,12813,12590,12891,15054,28322,27399,45907,39988,52960,54962,41173,36558,56171
13968,16551,14388,12460,13711,12808,14615,26080,29113,45722,36315,54036,45800,42057,37666,63237
13409,18562,14185,12449,13878,17478,14853,31883,37756,45026,37119,50251,44389,49730,35819,56540
13908,16231,14195,13000,14626,13374,15065,28163,32521,44047,35913,52958,46171,41418,40316,65302
14124,15760,13916,12242,13339,11831,14613,28712,25714,44526,35923,50086,46068,44925,36643,47852
13827,15387,14594,12490,13139,12017,14676,28392,28637,45084,36985,51001,46420,43071,35392,57857
14043,15669,13814,12574,13395,11799,15317,24351,37951,44469,35551,52730,45021,40880,35024,46190
13741,26838,14401,13259,13246,11866,14098,42831,30438,45702,37663,50882,49528,41762,36692,45349
13842,16653,14666,12297,13490,11747,14639,25597,36523,43845,36595,52237,47652,43623,64170,36766
13778,16071,14634,13361,13640,12255,14755,33978,31260,46331,36585,51112,47014,42522,37884,53553
14285,17308,14450,12503,13326,11715,13883,28168,31775,45012,36497,53024,46920,41412,34928,68657
13646,16258,13966,12556,13447,13643,13770,25495,31398,45106,39689,57116,47513,44493,34935,50872
14164,17677,14554,13383,13448,15634,20930,30970,29436,45168,44958,51786,45370,52745,36867,47155
13287,15948,14120,11766,12743,15118,12678,26187,29542,44114,43761,51334,55169,36201,34328,41174
13411,26357,14269,11929,11947,14031,12848,32815,29829,43273,44693,50339,49261,34545,34438,41047
13661,23274,13835,13385,11751,14036,13875,27401,33427,44626,41449,49934,45865,43042,35117,61559
12472,17154,14432,12434,11713,12077,13731,34100,29244,46192,42916,49543,90884,46670,36333,43665
12544,16810,20955,12237,12751,13256,13622,34221,28514,45015,45203,52286,48140,43583,36088,57574
14017,17061,14165,13231,11927,12713,12575,26606,27937,47519,44111,51173,45049,41565,41980,103429
14166,15690,14222,11948,11501,12847,13688,28582,27330,46247,45872,52437,57226,38174,35988,34669
14255,17299,14174,13478,12133,12423,13557,27424,26904,43320,43377,57934,54800,44367,36902,49913
13836,15459,14190,12122,11942,12790,13555,21951,39873,48988,44618,50058,53778,40858,40732,68357
13885,17958,14025,12117,12147,14162,13988,29418,29678,45304,43319,51973,46985,50162,41373,42192
14233,15860,14073,21082,12123,14014,13844,25766,25974,44718,39227,49724,45143,51865,55263,61650
13712,16938,14253,12259,12004,13620,12176,28676,26094,45650,50649,85170,49639,41565,43718,49505
12526,27242,14649,12819,11903,11948,13665,27361,27810,43867,49662,51028,46312,42749,40412,49092
12828,16235,14331,12710,11692,12409,12640,24411,57105,45785,49971,48552,49463,43100,40790,86123
12599,19300,14341,12338,13647,12793,13790,31472,31177,41763,50879,50988,56932,37350,41494,50620
13878,16860,21802,12052,13540,12414,13432,26360,27495,45190,52194,49032,45127,42887,40863,53989
12569,21962,14137,13060,13708,12370,13755,27725,28911,45585,48165,48171,60693,41052,41621,148532
13907,17286,13913,12614,13774,12345,13427,28136,27156,47283,50411,47985,44965,57323,39275,43782
13628,20755,14149,19688,13539,13417,13621,24308,30207,43208,50524,46023,47290,38503,40517,46183
12612,16803,14042,12314,14601,12229,13214,36662,34604,44139,50135,47740,48271,39540,40503,46258
12540,27142,13975,12352,13639,12478,12620,28098,34002,44038,49034,50348,45056,44559,46969,105419
13947,27231,19840,13035,13563,13658,13719,29894,29464,45125,57826,51160,49525,52725,50684,41479
22181,16441,16968,13090,14665,12098,13951,28802,29017,44060,88454,50789,47716,43384,38473,35859
12579,26906,15406,12511,13565,13667,13767,25139,35779,44700,51113,48902,48140,42024,41050,40021
12667,17029,14977,12403,13442,12079,13666,30692,36918,43303,50018,48956,46726,44988,40805,60709
13963,17036,15287,12347,13810,13726,13248,23375,42399,47179,50521,47045,45082,44943,67515,45885
12686,17643,15322,12296,12667,13756,13953,27284,31116,45717,49543,48232,47494,40751,43530,42205
13765,16599,16037,12263,12000,12883,12445,27068,29360,45430,51762,56584,47112,40174,41010,44775
12511,25872,15358,12432,12798,12580,12338,23697,32795,44771,50385,46814,46115,47695,40465,146855
12444,17076,15314,12335,12066,12130,12459,31240,29854,43833,50415,47227,90367,44749,40454,48899
12605,27196,14897,12590,11702,12587,12525,26255,30810,43491,49864,46684,44294,41495,42514,54424
13818,17823,15292,12306,12281,13464,21668,27193,35421,45775,48514,43108,45813,42088,39845,60150
12467,16723,15311,12335,12840,13419,13748,25862,40859,45017,48538,42112,45290,50573,41014,102544
12515,17203,15095,12955,11670,13843,14096,27769,28155,45444,52180,42994,53399,267421,40866,50827
12454,21564,15478,12707,11782,14069,12528,30857,30048,44943,50607,43597,46346,41187,40180,45189
13594,17239,15374,14238,11802,12342,12746,27313,28669,44887,50001,41438,50168,45316,35159,52766
12491,18163,15880,14245,11738,13626,13838,30778,27259,45533,54594,45165,44917,41650,46038,64656
13534,26392,17720,14198,11635,12278,13548,27717,35553,44978,50965,42926,45388,44835,40042,44750
12355,16147,16326,14132,11900,13465,22720,27718,39168,45445,48930,42882,44945,44399,41932,50206
12337,22786,13117,14089,11792,13334,13809,33452,33063,44380,50177,306348,77381,46017,41348,49805
13734,17192,12873,13845,12741,12941,13429,28251,32040,46309,50558,37805,45269,43530,49316,111166
13967,22502,12485,13642,12011,12982,13870,29618,28358,47970,49375,37883,46852,40089,42263,42963
14066,15651,12642,13426,11800,12691,13160,29001,34212,47107,49254,35949,46500,45299,40465,48926
13888,19442,12759,13491,12008,13764,13677,26698,36032,46062,49778,38829,47004,42696,41737,143004
13922,17994,12826,13292,12056,13537,13589,33058,32957,46748,49676,37755,42855,41197,39920,52800
13903,16258,12758,13391,11733,12727,15792,27978,33804,46094,49576,37852,40303,45402,41731,49750
13855,26430,12590,13203,12160,13930,15055,30368,30533,45223,49955,38312,39987,41549,39542,199413
12645,17246,12423,13716,11834,12525,13679,29383,28384,37548,50627,37771,39703,44916,41229,43199
18368,18054,12564,13450,11929,13671,12507,26850,28734,39897,50286,39086,53913,42890,41874,63240
14169,16765,12806,13830,12187,13747,14175,32473,36707,38689,50694,39061,39065,37223,43249,42566
18699,16365,13004,13712,11876,13110,12465,26901,32445,47158,50311,35677,40321,43671,46792,39109
15049,22740,12486,13524,11839,12526,13040,29673,29923,40926,50794,39942,38820,44216,55786,43649
14443,16671,12706,13530,11959,12534,13465,28033,30649,42727,53004,38667,44972,46981,42521,56048
14431,16514,14023,15642,11701,14607,15980,25179,28866,38579,49797,38471,42665,40263,41497,132255
14221,16089,12468,12047,12209,30858,15954,29981,30419,39359,50266,38651,43669,43844,40176,67400
14282,16481,12496,12102,14003,20848,12704,24806,36089,38882,49886,37164,40570,46158,72571,50978
13576,16751,12976,12361,14796,15379,13839,39179,32367,39287,51026,37935,38360,52237,41617,49006
14144,25348,12981,12052,14434,13273,14423,32409,28222,49750,50535,37489,79552,40152,53751,41179
14187,17140,12754,12248,13443,14043,25068,25057,27814,39780,50687,36327,37207,37549,40117,42856
12915,16198,12973,12155,13669,13962,18251,56176,35871,34766,58154,39477,62773,45092,39852,36891
13047,22636,12974,12096,13578,12687,14715,27048,32379,39353,68683,36376,53444,40631,39331,52988
14244,25885,12842,12038,13635,12259,13329,29166,35431,40039,42387,39295,52999,44212,42112,67762
18396,16722,12951,11902,14741,12789,14570,29699,37682,40772,47654,39917,48255,42357,40203,65186
14003,16758,12526,12065,14748,12598,14181,40671,29279,39413,83814,41173,45015,45075,42351,57510
13021,17593,12922,11817,13848,14392,14067,32940,31338,40601,46596,35424,46643,40154,41211,102012
13943,17324,12921,12903,14951,12644,13282,26211,29200,40307,45606,40334,51121,44926,43855,52927
14095,17049,13007,11871,13935,13448,14103,29672,30085,40355,46219,36747,62998,83856,49427,54135
13506,17138,12837,11772,13657,12268,13975,28570,36047,38899,47468,39591,52623,36149,44215,66940
14413,17192,12766,11789,12004,13657,13158,24977,48756,37996,47503,48168,45203,39239,44718,104801
13493,16305,12647,13273,11768,12486,14247,32800,25265,38926,44352,36902,46872,49071,42725,46383
14173,26535,12744,13244,11850,12539,13641,37491,27792,48860,46208,38327,62732,40646,40994,45339
14864,16778,12384,11853,12725,12500,16780,28913,26266,43773,47266,82668,49867,41239,82857,53919
12872,16326,13124,12924,12063,13548,16618,30200,27986,37309,47475,59465,49181,42744,45464,70695
14142,17415,12709,11796,33096,12530,16632,33368,34763,42324,51837,46628,45279,50489,40188,49517
13924,26261,12612,12031,12258,14310,13901,34249,36486,40640,45725,42550,52400,40420,38785,102307
12707,20904,12577,12131,12266,13355,13750,36055,30910,39835,45495,45205,53780,44701,41589,49456
12796,16933,12543,12115,13114,12127,14103,36060,30162,39698,47617,42126,52385,51457,42114,54734
13852,20306,14288,11873,11928,13512,13790,31238,29810,38687,46939,45783,52181,41808,41380,52085
13999,26234,14644,12001,11841,13589,13545,27792,29139,38092,46765,44774,52498,36899,42877,397309
12770,16883,14068,12410,12755,13508,13882,33786,29581,36403,74993,43778,52791,47942,51856,341031
13535,16791,14090,12118,13341,13963,12865,26878,34579,47300,40046,42943,51915,45041,40618,51655
12563,17388,14170,18820,13576,12297,14095,28978,31526,37296,40881,50482,51653,39714,40040,48826
12824,16720,14507,18242,13717,13325,14423,28978,28737,41279,41151,43254,51894,42380,57835,60524
14085,16818,14459,17177,13967,12148,14033,25130,35286,40740,40473,44649,54500,40225,42562,57939
13870,26083,14675,16332,13468,13869,13851,33355,36732,38693,41478,42953,63671,58080,40495,51773
12497,15663,14200,15356,13591,12395,13519,26449,40814,39182,43524,46273,52862,46216,44656,41044
12584,16517,14424,15914,14285,12152,14013,28533,30572,40685,40741,45232,52188,42618,38932,42883
13874,16557,14416,15180,14246,12984,13806,28894,28613,39158,43055,44159,52035,40680,40809,57682
13004,26115,14667,15396,14611,13771,14220,25336,29376,38672,41795,43419,53992,42474,40562,42212
13935,15378,14349,15832,14179,12697,12443,33001,28641,36402,49681,44686,43225,45335,39997,70760
14246,17019,14699,15100,13985,12387,12830,27342,38232,39577,49428,70417,45968,42060,41832,51497
13935,17502,14775,15050,12236,12687,13789,28599,35832,34417,55246,47173,52639,45273,39083,55724
14831,17056,14916,14957,12405,12178,23976,27587,30066,45586,42221,46735,53796,39580,40080,89172
13017,27124,14874,15545,12223,12631,14087,42402,30938,38226,40599,48305,53722,45856,40099,48629
13129,16604,14280,15205,12247,12478,13908,46541,28206,38366,38737,52033,51548,41191,49801,54979
13159,17492,14274,15832,12309,12449,13752,27504,29124,38390,38934,47479,53818,42640,40391,60722
12945,21313,14504,16536,12264,14357,14139,29549,36747,40941,41364,41888,52423,43132,41242,117364
13786,16683,14662,15404,12508,13277,13812,31230,37673,190176,41215,66533,51572,42478,54518,90152
14036,17052,14235,16293,12206,14166,14048,27955,31651,39958,41118,276358,46463,47480,39896,99860
14233,16701,14950,17632,13520,15645,13917,38036,26108,37984,40463,42998,45054,45397,75778,63051
13972,15480,14833,14410,13221,13993,12892,34497,51848,46603,44023,42684,45558,59156,41958,55484
14204,17123,14855,15539,12188,14209,12872,30143,35237,37657,40413,40777,53611,41382,41689,39908
13048,16559,14527,24813,12447,13395,13137,28222,42614,37534,39967,41709,54480,49339,42116,49690
14030,16886,14871,14055,12164,13164,13967,26632,53621,39275,41091,57236,47023,37456,53888,50871
13822,16216,24031,14101,12353,12420,13811,31109,34832,35295,41024,47513,52033,44684,42952,60180
13041,26896,14571,14126,12038,13470,19276,28949,35756,35680,42119,61359,54779,44299,40524,44987
13183,15852,14799,14419,13659,13608,24499,30564,34057,36996,40734,39031,52645,44675,40457,41635
12872,16900,14240,14310,13818,13753,14263,29848,28228,36874,39193,54900,51926,38787,41373,43363
13281,17244,14829,14640,14121,12615,13930,27648,30027,36530,39397,48709,48001,40771,41135,40925
13040,16263,14716,21627,13772,13726,14205,33051,34018,36305,41612,47341,46077,45063,42156,36113
14162,15831,17260,14523,13937,12256,16584,33983,35093,37596,42747,46592,88695,42424,48341,44786
12961,21157,15059,14072,13895,12300,14310,32417,35298,35066,41274,45501,56653,46464,42778,36991
12880,16308,14575,14097,13869,13599,14116,29839,29657,36577,41947,40919,48316,45070,41469,34751
14143,16904,14627,14055,13323,12349,12481,27565,24609,35332,51569,40721,53129,44667,41939,56222
12991,15552,14275,13844,13563,12231,14218,34321,26846,35796,40306,41479,51397,43433,52597,52510
14257,32811,14772,14118,13581,12319,13807,27767,34494,34663,40150,41394,48182,44525,42582,60829
14352,31757,14435,13947,13636,12493,12840,33229,31034,35762,46382,40451,52209,33450,40946,53678
14085,17671,14285,14204,12314,12413,13932,29870,27423,37250,40249,39605,54218,42575,39984,61951
14136,16234,14063,13801,13104,12280,12766,25964,29156,36265,40406,56348,52756,46562,40991,39035
18286,20577,14066,16053,11850,12242,13667,32452,27562,35636,41664,45783,46949,42801,40171,46266
17042,17447,14512,13802,11832,12553,12619,26505,28116,36130,41749,42547,45583,40410,41034,36247
15922,16661,14535,13156,11887,13416,12770,29782,33899,34510,40023,43200,46307,35920,41283,52947
14772,30463,14483,13114,12168,12005,12738,29316,29213,37513,46290,62708,54006,43749,39565,41994
16859,15472,14177,13411,12518,11999,13715,25933,27399,37531,40253,55498,51878,45846,41640,48263
15836,21957,14237,13055,12079,12451,13594,33514,27100,37292,42486,193483,62827,37773,48985,101535
18011,17119,13874,13069,12295,13511,12526,28012,26655,35233,39733,46571,50027,38719,41905,40909
17671,22014,14423,13268,12839,12154,13983,31217,28442,38627,39769,45764,58613,37857,43098,37873
16399,26590,14170,12563,12120,13370,13743,33250,33422,38130,38362,46499,62340,35836,40847,55271
17297,15936,14237,12389,12514,12094,13747,26353,35396,45397,108821,46530,53001,36842,41424,39560
16259,16547,14464,12312,12036,22899,12936,33117,25358,35007,440575,47179,48940,35884,42400,52222
14552,24430,14629,12704,13132,12134,12757,33868,27582,36034,54062,45254,44898,36817,50457,49667
14780,16249,14400,13123,12054,13307,13848,39114,26185,36427,36876,46164,46248,39659,47122,41538
17101,16556,14285,12305,13842,12420,12837,30890,27041,37130,36363,47170,51585,35101,40630,51514
16590,16979,14434,12380,13518,12091,13056,27729,34861,41016,38431,48044,51701,35748,40513,44484
16535,15715,14068,12539,13583,12179,103258,32188,37389,35753,38819,42257,52161,88281,40162,33489
13923,17069,13959,13291,13577,12099,26129,27609,27635,35355,36352,45591,51327,40606,38169,48063
16777,15766,14175,13001,14665,13461,16933,30372,27497,34568,38357,55433,102850,35592,40668,34805
14695,16510,13741,12342,13720,12267,14556,28887,27878,34737,36227,53311,47186,36764,40077,43876
16401,15754,14306,12135,13231,13771,14060,26468,28760,36027,36391,60386,54929,36437,40500,39089
15782,16766,13981,12314,13443,13288,12967,31462,34679,36656,35432,46060,50906,37424,40217,37371
16041,15589,14197,12384,13652,12201,13690,27861,30475,36547,36228,54524,53662,45333,47218,35779
14171,26841,14199,13064,13823,12369,12845,28208,26482,35495,37829,49603,51496,44913,39599,34741
14819,16095,16510,12134,14490,12431,12509,28550,25687,35776,36507,49478,54316,40961,41501,44305
15513,16550,14798,13101,13703,13692,12401,26511,26273,36263,36876,49174,53574,44750,39842,48810
32664,16918,14607,13961,13475,12243,13594,33238,28203,39510,37046,39582,45225,45510,40532,74148
15326,16165,15344,16471,13415,12230,18608,29268,27276,37124,36386,43064,42448,40418,68348,34966
17046,15905,14624,14213,13940,13312,13514,30812,33883,37859,36100,40887,53928,32975,43585,39912
17489,17238,14045,14086,14340,13639,13724,36105,26934,35410,35910,42164,49770,37709,376006,39800
17048,26557,14462,13597,14752,12581,13432,27078,26502,34390,35561,54864,54892,45103,40924,41105
17076,16741,27745,15160,13502,12246,13567,33336,26004,37740,36189,48784,51850,41509,40709,57547
16904,15942,14920,13434,14138,12284,21367,28362,43637,37133,36703,50691,53194,45731,49536,42149
17075,15967,14869,13354,13390,12631,21100,31233,29014,34621,41428,41555,45181,44904,38014,34943
16152,23204,14915,13350,13735,12072,14399,30482,26669,40198,36750,108066,44966,40702,49302,42634
14431,17248,14670,13476,13873,13265,14798,25358,24441,38306,38654,44975,53673,46530,33950,49906
16382,25734,14473,13669,13310,12281,14025,34271,27459,35333,37727,55877,53042,46066,34890,36101
16623,16920,14357,13660,13627,12626,14439,32727,25929,34392,37923,48955,63606,41747,45837,50497
15963,17624,14687,13040,12922,12318,18620,30190,24690,35441,36826,51027,52952,46646,34053,47549
15737,17089,14517,13072,12229,13418,17233,28653,30692,35611,38584,51748,52291,44495,36131,45732
16061,16867,14611,13070,12940,12067,16729,27113,33328,37527,36454,54366,52306,66899,34947,41453
16360,16716,14859,13400,12101,12120,18860,32550,24434,37735,37720,39252,49545,46093,38005,42494
15899,16604,14654,14768,13057,13521,16344,27567,25030,34992,40852,42039,53673,55445,43295,44703
15382,16279,14708,13136,13297,12197,15409,29615,24493,34447,35836,39542,52944,41818,42810,52646
16316,15889,14673,13163,11946,12727,16273,30118,24386,35132,36458,59472,110540,54962,39247,108336
16730,17273,14411,13275,12118,12310,16139,26470,29200,36675,40749,49745,52206,44588,40664,36079
15199,28148,14507,16699,12011,13289,15000,31849,31362,36364,42617,51153,54301,43740,42127,75101
16221,16295,14505,17197,11983,13644,15934,25168,22819,36525,34965,51892,53168,40626,39303,41056
14811,27698,14513,15092,12117,13641,15520,37855,21176,36441,36889,51151,51814,47801,40974,49851
14927,21627,14476,14458,12806,12468,21508,33676,23208,35935,36449,50262,48562,102867,39181,42429
18499,16485,14644,14414,12216,13783,16167,27000,24242,35027,35646,49615,54275,44273,40513,40879
16598,16175,14418,14697,12123,19686,16404,34730,29818,37420,37763,62417,49122,42942,39898,45712
15897,31874,14412,13784,16420,12581,15965,29671,24673,36166,34547,39614,55352,44991,47827,34795
15660,15773,23502,14376,15000,14053,15954,29660,30419,35349,36982,43759,48315,46757,39762,362281
16761,17117,14793,13911,15386,16486,15979,30593,25263,37441,35228,40119,52411,39703,40796,45272
15120,23158,15065,14232,14792,13990,15867,27267,24837,36119,42757,47951,45765,37058,38815,58640
13979,16028,14804,14125,16184,13618,15531,32558,23472,35465,48657,42917,53941,46990,40654,397331
18602,26080,14624,14678,15184,14953,15965,26871,30032,36421,36025,42043,48864,44438,82341,53146
22337,15979,15633,14336,15277,13983,16353,28958,27946,37549,43573,41306,46207,43986,42488,39635
18626,16888,14424,14711,15551,13396,15790,28508,24615,34677,37441,43289,44984,44733,41023,48252
16092,23065,14232,14148,15532,15429,15018,30044,24011,37615,36001,42450,370437,43610,39380,39963
14344,17118,14241,14199,15232,13761,15520,31436,22753,37573,35208,42137,57621,41442,41443,33933
16222,24326,13860,14075,15387,21610,19854,26222,24986,36053,35461,40475,50022,43174,39797,39026
15384,18005,14490,14476,15581,14342,15706,31403,33602,35265,37203,79355,49848,44855,41883,37991
17944,15728,14358,14154,12240,14521,15755,28558,29072,36537,36649,41169,44103,44526,42622,48997
16202,17865,14053,14567,12221,13450,15950,25994,38539,36205,36458,41488,44890,39549,41986,36228
18088,16360,13889,14351,11937,15875,16265,32494,26465,38200,37861,43286,72232,42714,41605,43746
15104,17306,14080,16939,11884,14553,15778,35830,25782,35940,35322,42230,48279,45207,39982,41960
24999,17749,14075,16674,11970,14134,15868,33618,27613,36757,35891,51337,47623,42100,47229,40888
14704,17108,14217,14211,12138,14147,15514,32348,43731,36580,37752,41684,51995,38001,37847,34083
16728,16102,14005,14057,12148,14306,16042,28103,31469,35369,38109,42210,131400,46357,39833,35035
17108,21703,14069,13676,11891,14147,14612,31884,26115,35741,35154,43373,47714,46023,38937,34928
22044,16671,14115,13832,12714,14371,16174,29830,28486,35626,36416,40730,47268,44341,48923,50629
14062,15913,14147,13839,12206,14085,15821,30513,25967,37461,38653,42424,49056,44972,409030,43250
15772,26814,14019,13865,11940,14110,16010,30300,28645,35545,37849,43010,49125,47425,39304,33978
14375,16369,14186,13619,13060,15267,16263,26231,33715,35051,37530,40369,47422,45763,40652,34522
15989,15736,14094,13761,11950,14014,16484,35401,41511,34817,34839,42569,47545,45533,40443,52922
16316,16467,14264,14255,12704,13841,14846,27336,26799,35523,37634,41017,46562,44270,40672,116847
16125,15681,13846,13406,11968,13587,15966,30155,26815,36438,36505,42405,47497,39475,39343,46034
15343,16314,13660,13632,12247,13800,15574,28600,32677,36503,37456,41725,47542,45985,42173,41171
16606,16629,14263,13697,12296,14050,22855,26505,30699,36720,36271,42191,46234,41749,43175,52130
16618,16207,14233,13811,12304,14307,15778,32690,34509,38843,35384,42178,47720,115519,43574,41237
15853,16055,13910,13252,11924,14163,14713,26192,35605,36757,35022,43365,55137,42363,60736,39406
14499,15797,14606,13761,12995,13846,16284,37711,31152,36146,36439,40528,48247,42526,39879,53050
17630,17054,14162,13506,12136,13906,16025,54723,31187,37115,36335,41591,48589,44081,39102,41227
25863,16947,13976,13869,11924,13632,15869,28050,29510,36565,37845,41832,48733,40943,39582,49498
17012,16526,13980,13591,12226,14113,15476,34002,30185,37559,36424,48525,47978,45809,39061,40837
16853,16472,13857,13449,12150,15856,15760,28150,31363,35487,37627,42628,48557,41701,47448,48903
16224,16676,24122,16886,12124,15231,16250,41310,41084,36316,36173,42347,46751,44983,42124,41024
16355,17537,14135,16027,11900,13717,16068,26881,32465,37490,36052,41723,46377,44933,41321,82821
24163,21228,14119,19786,12094,13993,15535,27585,29470,36225,37306,39882,49423,43680,41346,45097
15722,19215,14237,14048,11998,13354,15945,32087,34040,35614,36217,42279,46363,42209,47860,40172
15182,15310,15929,13914,11844,13719,15956,26763,33197,38501,36902,42196,45170,36229,39851,35211
16171,15375,15062,14398,12167,14213,14986,30336,36493,35734,36305,42633,50928,44010,40032,35102
16390,15464,14736,13613,12995,13420,28519,30206,27342,35595,36745,42591,50811,45743,39053,43929
16678,14285,14560,14012,11891,11824,20285,26095,44443,37723,35666,140232,50157,47821,41420,48774
16135,14930,14826,13699,11829,12080,16985,33132,25682,35780,37454,39316,48191,45944,40082,73985
15371,14209,14672,14209,12577,11749,15533,29073,26413,36365,36482,40164,47410,50789,42488,33805
17446,15185,14799,13609,12245,11849,15315,37904,26027,36434,36915,38633,46506,37300,47724,40850
15608,14719,14493,15210,11896,12051,15015,29421,26384,38355,34955,39096,47465,36338,41885,40337
17109,15347,14396,13738,12347,12092,15414,27392,38107,36291,33239,39982,46533,35772,39239,41236
16104,15477,14353,13896,19788,12972,14830,32855,26026,35468,37806,37796,59805,35187,38171,40386
15682,15506,14448,14027,12129,11786,15166,31269,24786,33553,36247,38592,50323,35287,39082,51154
17345,13664,14897,13877,12012,11887,14860,35522,24132,33944,43852,40093,53675,36021,60325,34215
